
> savr-mobile@1.0.0 start
> expo start

Starting project at /Users/altheazuleikasadicon/Downloads/SAVR_mobile-main/SAVR_frontend
React Compiler enabled
Starting Metro Bundler
opendir(/Users/altheazuleikasadicon/Library/Containers/com.apple.corerecents.recentsd/Data/Library/Recents) -> Operation not permitted. Marking this portion of the tree deleted
To clear this warning, run:
`watchman watch-del '/Users/altheazuleikasadicon' ; watchman watch-project '/Users/altheazuleikasadicon'`

opendir(/Users/altheazuleikasadicon/Library/Containers/com.apple.corerecents.recentsd/Data/Library/Recents) -> Operation not permitted. Marking this portion of the tree deleted
To clear this warning, run:
`watchman watch-del '/Users/altheazuleikasadicon' ; watchman watch-project '/Users/altheazuleikasadicon'`

Waiting on http://localhost:8081
Logs for your project will appear below.
iOS ./index.ts ░░░░░░░░░░░░░░░░  0.0% (0/1)
iOS ./index.ts ▓▓▓▓▓▓▓▓▓▓▓▓▓░░░ 85.1% (1230/1333)
iOS Bundled 4437ms index.ts (1547 modules)
 WARN  SafeAreaView has been deprecated and will be removed in a future release. Please use 'react-native-safe-area-context' instead. See https://github.com/th3rdwave/react-native-safe-area-context
iOS ./index.ts ░░░░░░░░░░░░░░░░  0.0% (0/1)
iOS Bundled 57ms index.ts (1 module)
 WARN  SafeAreaView has been deprecated and will be removed in a future release. Please use 'react-native-safe-area-context' instead. See https://github.com/th3rdwave/react-native-safe-area-context
iOS ./index.ts ░░░░░░░░░░░░░░░░  0.0% (0/1)
iOS Bundled 65ms index.ts (1 module)
 WARN  SafeAreaView has been deprecated and will be removed in a future release. Please use 'react-native-safe-area-context' instead. See https://github.com/th3rdwave/react-native-safe-area-context
 ERROR  SyntaxError: /Users/altheazuleikasadicon/Downloads/SAVR_mobile-main/SAVR_frontend/screens/LandingPage.tsx: Unexpected token, expected "," (593:0)

  591 |     height: 30,
  592 |   }
> 593 | });
      | ^
  594 |
    at constructor (/Users/altheazuleikasadicon/Downloads/SAVR_mobile-main/SAVR_frontend/node_modules/@babel/parser/lib/index.js:365:19)
    at TypeScriptParserMixin.raise (/Users/altheazuleikasadicon/Downloads/SAVR_mobile-main/SAVR_frontend/node_modules/@babel/parser/lib/index.js:6599:19)
    at TypeScriptParserMixin.unexpected (/Users/altheazuleikasadicon/Downloads/SAVR_mobile-main/SAVR_frontend/node_modules/@babel/parser/lib/index.js:6619:16)
    at TypeScriptParserMixin.expect (/Users/altheazuleikasadicon/Downloads/SAVR_mobile-main/SAVR_frontend/node_modules/@babel/parser/lib/index.js:6899:12)
    at TypeScriptParserMixin.parseCallExpressionArguments (/Users/altheazuleikasadicon/Downloads/SAVR_mobile-main/SAVR_frontend/node_modules/@babel/parser/lib/index.js:11243:14)
    at TypeScriptParserMixin.parseCoverCallAndAsyncArrowHead (/Users/altheazuleikasadicon/Downloads/SAVR_mobile-main/SAVR_frontend/node_modules/@babel/parser/lib/index.js:11186:29)
    at TypeScriptParserMixin.parseSubscript (/Users/altheazuleikasadicon/Downloads/SAVR_mobile-main/SAVR_frontend/node_modules/@babel/parser/lib/index.js:11120:19)
    at TypeScriptParserMixin.parseSubscript (/Users/altheazuleikasadicon/Downloads/SAVR_mobile-main/SAVR_frontend/node_modules/@babel/parser/lib/index.js:9272:18)
    at TypeScriptParserMixin.parseSubscripts (/Users/altheazuleikasadicon/Downloads/SAVR_mobile-main/SAVR_frontend/node_modules/@babel/parser/lib/index.js:11094:19)
    at TypeScriptParserMixin.parseExprSubscripts (/Users/altheazuleikasadicon/Downloads/SAVR_mobile-main/SAVR_frontend/node_modules/@babel/parser/lib/index.js:11085:17)
    at TypeScriptParserMixin.parseUpdate (/Users/altheazuleikasadicon/Downloads/SAVR_mobile-main/SAVR_frontend/node_modules/@babel/parser/lib/index.js:11066:21)
    at TypeScriptParserMixin.parseMaybeUnary (/Users/altheazuleikasadicon/Downloads/SAVR_mobile-main/SAVR_frontend/node_modules/@babel/parser/lib/index.js:11046:23)
    at TypeScriptParserMixin.parseMaybeUnary (/Users/altheazuleikasadicon/Downloads/SAVR_mobile-main/SAVR_frontend/node_modules/@babel/parser/lib/index.js:9837:18)
    at TypeScriptParserMixin.parseMaybeUnaryOrPrivate (/Users/altheazuleikasadicon/Downloads/SAVR_mobile-main/SAVR_frontend/node_modules/@babel/parser/lib/index.js:10899:61)
    at TypeScriptParserMixin.parseExprOps (/Users/altheazuleikasadicon/Downloads/SAVR_mobile-main/SAVR_frontend/node_modules/@babel/parser/lib/index.js:10904:23)
    at TypeScriptParserMixin.parseMaybeConditional (/Users/altheazuleikasadicon/Downloads/SAVR_mobile-main/SAVR_frontend/node_modules/@babel/parser/lib/index.js:10881:23)
    at TypeScriptParserMixin.parseMaybeAssign (/Users/altheazuleikasadicon/Downloads/SAVR_mobile-main/SAVR_frontend/node_modules/@babel/parser/lib/index.js:10831:21)
    at TypeScriptParserMixin.parseMaybeAssign (/Users/altheazuleikasadicon/Downloads/SAVR_mobile-main/SAVR_frontend/node_modules/@babel/parser/lib/index.js:9786:20)
    at /Users/altheazuleikasadicon/Downloads/SAVR_mobile-main/SAVR_frontend/node_modules/@babel/parser/lib/index.js:10800:39
    at TypeScriptParserMixin.allowInAnd (/Users/altheazuleikasadicon/Downloads/SAVR_mobile-main/SAVR_frontend/node_modules/@babel/parser/lib/index.js:12421:16)
    at TypeScriptParserMixin.parseMaybeAssignAllowIn (/Users/altheazuleikasadicon/Downloads/SAVR_mobile-main/SAVR_frontend/node_modules/@babel/parser/lib/index.js:10800:17)
    at TypeScriptParserMixin.parseVar (/Users/altheazuleikasadicon/Downloads/SAVR_mobile-main/SAVR_frontend/node_modules/@babel/parser/lib/index.js:13384:91)
    at TypeScriptParserMixin.parseVarStatement (/Users/altheazuleikasadicon/Downloads/SAVR_mobile-main/SAVR_frontend/node_modules/@babel/parser/lib/index.js:13230:10)
    at TypeScriptParserMixin.parseVarStatement (/Users/altheazuleikasadicon/Downloads/SAVR_mobile-main/SAVR_frontend/node_modules/@babel/parser/lib/index.js:9408:31)
    at TypeScriptParserMixin.parseStatementContent (/Users/altheazuleikasadicon/Downloads/SAVR_mobile-main/SAVR_frontend/node_modules/@babel/parser/lib/index.js:12851:23)
    at TypeScriptParserMixin.parseStatementContent (/Users/altheazuleikasadicon/Downloads/SAVR_mobile-main/SAVR_frontend/node_modules/@babel/parser/lib/index.js:9508:18)
    at TypeScriptParserMixin.parseStatementLike (/Users/altheazuleikasadicon/Downloads/SAVR_mobile-main/SAVR_frontend/node_modules/@babel/parser/lib/index.js:12767:17)
    at TypeScriptParserMixin.parseModuleItem (/Users/altheazuleikasadicon/Downloads/SAVR_mobile-main/SAVR_frontend/node_modules/@babel/parser/lib/index.js:12744:17)
    at TypeScriptParserMixin.parseBlockOrModuleBlockBody (/Users/altheazuleikasadicon/Downloads/SAVR_mobile-main/SAVR_frontend/node_modules/@babel/parser/lib/index.js:13316:36)
    at TypeScriptParserMixin.parseBlockBody (/Users/altheazuleikasadicon/Downloads/SAVR_mobile-main/SAVR_frontend/node_modules/@babel/parser/lib/index.js:13309:10)
    at TypeScriptParserMixin.parseProgram (/Users/altheazuleikasadicon/Downloads/SAVR_mobile-main/SAVR_frontend/node_modules/@babel/parser/lib/index.js:12622:10)
    at TypeScriptParserMixin.parseTopLevel (/Users/altheazuleikasadicon/Downloads/SAVR_mobile-main/SAVR_frontend/node_modules/@babel/parser/lib/index.js:12612:25)
    at TypeScriptParserMixin.parse (/Users/altheazuleikasadicon/Downloads/SAVR_mobile-main/SAVR_frontend/node_modules/@babel/parser/lib/index.js:14488:25)
    at TypeScriptParserMixin.parse (/Users/altheazuleikasadicon/Downloads/SAVR_mobile-main/SAVR_frontend/node_modules/@babel/parser/lib/index.js:10126:18)
    at parse (/Users/altheazuleikasadicon/Downloads/SAVR_mobile-main/SAVR_frontend/node_modules/@babel/parser/lib/index.js:14501:26)
    at parser (/Users/altheazuleikasadicon/Downloads/SAVR_mobile-main/SAVR_frontend/node_modules/@babel/core/lib/parser/index.js:41:34)
    at parser.next (<anonymous>)
    at normalizeFile (/Users/altheazuleikasadicon/Downloads/SAVR_mobile-main/SAVR_frontend/node_modules/@babel/core/lib/transformation/normalize-file.js:64:37)
    at normalizeFile.next (<anonymous>)
    at run (/Users/altheazuleikasadicon/Downloads/SAVR_mobile-main/SAVR_frontend/node_modules/@babel/core/lib/transformation/index.js:22:50)
    at run.next (<anonymous>)
    at transform (/Users/altheazuleikasadicon/Downloads/SAVR_mobile-main/SAVR_frontend/node_modules/@babel/core/lib/transform.js:22:33)
    at transform.next (<anonymous>)
    at evaluateSync (/Users/altheazuleikasadicon/Downloads/SAVR_mobile-main/SAVR_frontend/node_modules/gensync/index.js:251:28)
    at sync (/Users/altheazuleikasadicon/Downloads/SAVR_mobile-main/SAVR_frontend/node_modules/gensync/index.js:89:14)
    at stopHiding - secret - don't use this - v1 (/Users/altheazuleikasadicon/Downloads/SAVR_mobile-main/SAVR_frontend/node_modules/@babel/core/lib/errors/rewrite-stack-trace.js:47:12)
    at Object.transformSync (/Users/altheazuleikasadicon/Downloads/SAVR_mobile-main/SAVR_frontend/node_modules/@babel/core/lib/transform.js:40:76)
    at parseWithBabel (/Users/altheazuleikasadicon/Downloads/SAVR_mobile-main/SAVR_frontend/node_modules/@expo/metro-config/build/transformSync.js:75:18)
    at transformSync (/Users/altheazuleikasadicon/Downloads/SAVR_mobile-main/SAVR_frontend/node_modules/@expo/metro-config/build/transformSync.js:54:16)
    at Object.transform (/Users/altheazuleikasadicon/Downloads/SAVR_mobile-main/SAVR_frontend/node_modules/@expo/metro-config/build/babel-transformer.js:127:58)
 ERROR  [Error: TransformError SyntaxError: /Users/altheazuleikasadicon/Downloads/SAVR_mobile-main/SAVR_frontend/screens/LandingPage.tsx: Unexpected token, expected "," (593:0)

[0m [90m 591 |[39m     height[33m:[39m [35m30[39m[33m,[39m
 [90m 592 |[39m   }
[31m[1m>[22m[39m[90m 593 |[39m })[33m;[39m
 [90m     |[39m [31m[1m^[22m[39m
 [90m 594 |[39m[0m]
 ERROR  SyntaxError: /Users/altheazuleikasadicon/Downloads/SAVR_mobile-main/SAVR_frontend/screens/LandingPage.tsx: Unexpected token, expected "," (593:0)

  591 |     height: 30,
  592 |   }
> 593 | });
      | ^
  594 |
    at constructor (/Users/altheazuleikasadicon/Downloads/SAVR_mobile-main/SAVR_frontend/node_modules/@babel/parser/lib/index.js:365:19)
    at TypeScriptParserMixin.raise (/Users/altheazuleikasadicon/Downloads/SAVR_mobile-main/SAVR_frontend/node_modules/@babel/parser/lib/index.js:6599:19)
    at TypeScriptParserMixin.unexpected (/Users/altheazuleikasadicon/Downloads/SAVR_mobile-main/SAVR_frontend/node_modules/@babel/parser/lib/index.js:6619:16)
    at TypeScriptParserMixin.expect (/Users/altheazuleikasadicon/Downloads/SAVR_mobile-main/SAVR_frontend/node_modules/@babel/parser/lib/index.js:6899:12)
    at TypeScriptParserMixin.parseCallExpressionArguments (/Users/altheazuleikasadicon/Downloads/SAVR_mobile-main/SAVR_frontend/node_modules/@babel/parser/lib/index.js:11243:14)
    at TypeScriptParserMixin.parseCoverCallAndAsyncArrowHead (/Users/altheazuleikasadicon/Downloads/SAVR_mobile-main/SAVR_frontend/node_modules/@babel/parser/lib/index.js:11186:29)
    at TypeScriptParserMixin.parseSubscript (/Users/altheazuleikasadicon/Downloads/SAVR_mobile-main/SAVR_frontend/node_modules/@babel/parser/lib/index.js:11120:19)
    at TypeScriptParserMixin.parseSubscript (/Users/altheazuleikasadicon/Downloads/SAVR_mobile-main/SAVR_frontend/node_modules/@babel/parser/lib/index.js:9272:18)
    at TypeScriptParserMixin.parseSubscripts (/Users/altheazuleikasadicon/Downloads/SAVR_mobile-main/SAVR_frontend/node_modules/@babel/parser/lib/index.js:11094:19)
    at TypeScriptParserMixin.parseExprSubscripts (/Users/altheazuleikasadicon/Downloads/SAVR_mobile-main/SAVR_frontend/node_modules/@babel/parser/lib/index.js:11085:17)
    at TypeScriptParserMixin.parseUpdate (/Users/altheazuleikasadicon/Downloads/SAVR_mobile-main/SAVR_frontend/node_modules/@babel/parser/lib/index.js:11066:21)
    at TypeScriptParserMixin.parseMaybeUnary (/Users/altheazuleikasadicon/Downloads/SAVR_mobile-main/SAVR_frontend/node_modules/@babel/parser/lib/index.js:11046:23)
    at TypeScriptParserMixin.parseMaybeUnary (/Users/altheazuleikasadicon/Downloads/SAVR_mobile-main/SAVR_frontend/node_modules/@babel/parser/lib/index.js:9837:18)
    at TypeScriptParserMixin.parseMaybeUnaryOrPrivate (/Users/altheazuleikasadicon/Downloads/SAVR_mobile-main/SAVR_frontend/node_modules/@babel/parser/lib/index.js:10899:61)
    at TypeScriptParserMixin.parseExprOps (/Users/altheazuleikasadicon/Downloads/SAVR_mobile-main/SAVR_frontend/node_modules/@babel/parser/lib/index.js:10904:23)
    at TypeScriptParserMixin.parseMaybeConditional (/Users/altheazuleikasadicon/Downloads/SAVR_mobile-main/SAVR_frontend/node_modules/@babel/parser/lib/index.js:10881:23)
    at TypeScriptParserMixin.parseMaybeAssign (/Users/altheazuleikasadicon/Downloads/SAVR_mobile-main/SAVR_frontend/node_modules/@babel/parser/lib/index.js:10831:21)
    at TypeScriptParserMixin.parseMaybeAssign (/Users/altheazuleikasadicon/Downloads/SAVR_mobile-main/SAVR_frontend/node_modules/@babel/parser/lib/index.js:9786:20)
    at /Users/altheazuleikasadicon/Downloads/SAVR_mobile-main/SAVR_frontend/node_modules/@babel/parser/lib/index.js:10800:39
    at TypeScriptParserMixin.allowInAnd (/Users/altheazuleikasadicon/Downloads/SAVR_mobile-main/SAVR_frontend/node_modules/@babel/parser/lib/index.js:12421:16)
    at TypeScriptParserMixin.parseMaybeAssignAllowIn (/Users/altheazuleikasadicon/Downloads/SAVR_mobile-main/SAVR_frontend/node_modules/@babel/parser/lib/index.js:10800:17)
    at TypeScriptParserMixin.parseVar (/Users/altheazuleikasadicon/Downloads/SAVR_mobile-main/SAVR_frontend/node_modules/@babel/parser/lib/index.js:13384:91)
    at TypeScriptParserMixin.parseVarStatement (/Users/altheazuleikasadicon/Downloads/SAVR_mobile-main/SAVR_frontend/node_modules/@babel/parser/lib/index.js:13230:10)
    at TypeScriptParserMixin.parseVarStatement (/Users/altheazuleikasadicon/Downloads/SAVR_mobile-main/SAVR_frontend/node_modules/@babel/parser/lib/index.js:9408:31)
    at TypeScriptParserMixin.parseStatementContent (/Users/altheazuleikasadicon/Downloads/SAVR_mobile-main/SAVR_frontend/node_modules/@babel/parser/lib/index.js:12851:23)
    at TypeScriptParserMixin.parseStatementContent (/Users/altheazuleikasadicon/Downloads/SAVR_mobile-main/SAVR_frontend/node_modules/@babel/parser/lib/index.js:9508:18)
    at TypeScriptParserMixin.parseStatementLike (/Users/altheazuleikasadicon/Downloads/SAVR_mobile-main/SAVR_frontend/node_modules/@babel/parser/lib/index.js:12767:17)
    at TypeScriptParserMixin.parseModuleItem (/Users/altheazuleikasadicon/Downloads/SAVR_mobile-main/SAVR_frontend/node_modules/@babel/parser/lib/index.js:12744:17)
    at TypeScriptParserMixin.parseBlockOrModuleBlockBody (/Users/altheazuleikasadicon/Downloads/SAVR_mobile-main/SAVR_frontend/node_modules/@babel/parser/lib/index.js:13316:36)
    at TypeScriptParserMixin.parseBlockBody (/Users/altheazuleikasadicon/Downloads/SAVR_mobile-main/SAVR_frontend/node_modules/@babel/parser/lib/index.js:13309:10)
    at TypeScriptParserMixin.parseProgram (/Users/altheazuleikasadicon/Downloads/SAVR_mobile-main/SAVR_frontend/node_modules/@babel/parser/lib/index.js:12622:10)
    at TypeScriptParserMixin.parseTopLevel (/Users/altheazuleikasadicon/Downloads/SAVR_mobile-main/SAVR_frontend/node_modules/@babel/parser/lib/index.js:12612:25)
    at TypeScriptParserMixin.parse (/Users/altheazuleikasadicon/Downloads/SAVR_mobile-main/SAVR_frontend/node_modules/@babel/parser/lib/index.js:14488:25)
    at TypeScriptParserMixin.parse (/Users/altheazuleikasadicon/Downloads/SAVR_mobile-main/SAVR_frontend/node_modules/@babel/parser/lib/index.js:10126:18)
    at parse (/Users/altheazuleikasadicon/Downloads/SAVR_mobile-main/SAVR_frontend/node_modules/@babel/parser/lib/index.js:14501:26)
    at parser (/Users/altheazuleikasadicon/Downloads/SAVR_mobile-main/SAVR_frontend/node_modules/@babel/core/lib/parser/index.js:41:34)
    at parser.next (<anonymous>)
    at normalizeFile (/Users/altheazuleikasadicon/Downloads/SAVR_mobile-main/SAVR_frontend/node_modules/@babel/core/lib/transformation/normalize-file.js:64:37)
    at normalizeFile.next (<anonymous>)
    at run (/Users/altheazuleikasadicon/Downloads/SAVR_mobile-main/SAVR_frontend/node_modules/@babel/core/lib/transformation/index.js:22:50)
    at run.next (<anonymous>)
    at transform (/Users/altheazuleikasadicon/Downloads/SAVR_mobile-main/SAVR_frontend/node_modules/@babel/core/lib/transform.js:22:33)
    at transform.next (<anonymous>)
    at evaluateSync (/Users/altheazuleikasadicon/Downloads/SAVR_mobile-main/SAVR_frontend/node_modules/gensync/index.js:251:28)
    at sync (/Users/altheazuleikasadicon/Downloads/SAVR_mobile-main/SAVR_frontend/node_modules/gensync/index.js:89:14)
    at stopHiding - secret - don't use this - v1 (/Users/altheazuleikasadicon/Downloads/SAVR_mobile-main/SAVR_frontend/node_modules/@babel/core/lib/errors/rewrite-stack-trace.js:47:12)
    at Object.transformSync (/Users/altheazuleikasadicon/Downloads/SAVR_mobile-main/SAVR_frontend/node_modules/@babel/core/lib/transform.js:40:76)
    at parseWithBabel (/Users/altheazuleikasadicon/Downloads/SAVR_mobile-main/SAVR_frontend/node_modules/@expo/metro-config/build/transformSync.js:75:18)
    at transformSync (/Users/altheazuleikasadicon/Downloads/SAVR_mobile-main/SAVR_frontend/node_modules/@expo/metro-config/build/transformSync.js:54:16)
    at Object.transform (/Users/altheazuleikasadicon/Downloads/SAVR_mobile-main/SAVR_frontend/node_modules/@expo/metro-config/build/babel-transformer.js:127:58)
 ERROR  SyntaxError: /Users/altheazuleikasadicon/Downloads/SAVR_mobile-main/SAVR_frontend/screens/LandingPage.tsx: Unexpected token, expected "," (593:0)

  591 |     height: 30,
  592 |   }
> 593 | });
      | ^
  594 |
    at constructor (/Users/altheazuleikasadicon/Downloads/SAVR_mobile-main/SAVR_frontend/node_modules/@babel/parser/lib/index.js:365:19)
    at TypeScriptParserMixin.raise (/Users/altheazuleikasadicon/Downloads/SAVR_mobile-main/SAVR_frontend/node_modules/@babel/parser/lib/index.js:6599:19)
    at TypeScriptParserMixin.unexpected (/Users/altheazuleikasadicon/Downloads/SAVR_mobile-main/SAVR_frontend/node_modules/@babel/parser/lib/index.js:6619:16)
    at TypeScriptParserMixin.expect (/Users/altheazuleikasadicon/Downloads/SAVR_mobile-main/SAVR_frontend/node_modules/@babel/parser/lib/index.js:6899:12)
    at TypeScriptParserMixin.parseCallExpressionArguments (/Users/altheazuleikasadicon/Downloads/SAVR_mobile-main/SAVR_frontend/node_modules/@babel/parser/lib/index.js:11243:14)
    at TypeScriptParserMixin.parseCoverCallAndAsyncArrowHead (/Users/altheazuleikasadicon/Downloads/SAVR_mobile-main/SAVR_frontend/node_modules/@babel/parser/lib/index.js:11186:29)
    at TypeScriptParserMixin.parseSubscript (/Users/altheazuleikasadicon/Downloads/SAVR_mobile-main/SAVR_frontend/node_modules/@babel/parser/lib/index.js:11120:19)
    at TypeScriptParserMixin.parseSubscript (/Users/altheazuleikasadicon/Downloads/SAVR_mobile-main/SAVR_frontend/node_modules/@babel/parser/lib/index.js:9272:18)
    at TypeScriptParserMixin.parseSubscripts (/Users/altheazuleikasadicon/Downloads/SAVR_mobile-main/SAVR_frontend/node_modules/@babel/parser/lib/index.js:11094:19)
    at TypeScriptParserMixin.parseExprSubscripts (/Users/altheazuleikasadicon/Downloads/SAVR_mobile-main/SAVR_frontend/node_modules/@babel/parser/lib/index.js:11085:17)
    at TypeScriptParserMixin.parseUpdate (/Users/altheazuleikasadicon/Downloads/SAVR_mobile-main/SAVR_frontend/node_modules/@babel/parser/lib/index.js:11066:21)
    at TypeScriptParserMixin.parseMaybeUnary (/Users/altheazuleikasadicon/Downloads/SAVR_mobile-main/SAVR_frontend/node_modules/@babel/parser/lib/index.js:11046:23)
    at TypeScriptParserMixin.parseMaybeUnary (/Users/altheazuleikasadicon/Downloads/SAVR_mobile-main/SAVR_frontend/node_modules/@babel/parser/lib/index.js:9837:18)
    at TypeScriptParserMixin.parseMaybeUnaryOrPrivate (/Users/altheazuleikasadicon/Downloads/SAVR_mobile-main/SAVR_frontend/node_modules/@babel/parser/lib/index.js:10899:61)
    at TypeScriptParserMixin.parseExprOps (/Users/altheazuleikasadicon/Downloads/SAVR_mobile-main/SAVR_frontend/node_modules/@babel/parser/lib/index.js:10904:23)
    at TypeScriptParserMixin.parseMaybeConditional (/Users/altheazuleikasadicon/Downloads/SAVR_mobile-main/SAVR_frontend/node_modules/@babel/parser/lib/index.js:10881:23)
    at TypeScriptParserMixin.parseMaybeAssign (/Users/altheazuleikasadicon/Downloads/SAVR_mobile-main/SAVR_frontend/node_modules/@babel/parser/lib/index.js:10831:21)
    at TypeScriptParserMixin.parseMaybeAssign (/Users/altheazuleikasadicon/Downloads/SAVR_mobile-main/SAVR_frontend/node_modules/@babel/parser/lib/index.js:9786:20)
    at /Users/altheazuleikasadicon/Downloads/SAVR_mobile-main/SAVR_frontend/node_modules/@babel/parser/lib/index.js:10800:39
    at TypeScriptParserMixin.allowInAnd (/Users/altheazuleikasadicon/Downloads/SAVR_mobile-main/SAVR_frontend/node_modules/@babel/parser/lib/index.js:12421:16)
    at TypeScriptParserMixin.parseMaybeAssignAllowIn (/Users/altheazuleikasadicon/Downloads/SAVR_mobile-main/SAVR_frontend/node_modules/@babel/parser/lib/index.js:10800:17)
    at TypeScriptParserMixin.parseVar (/Users/altheazuleikasadicon/Downloads/SAVR_mobile-main/SAVR_frontend/node_modules/@babel/parser/lib/index.js:13384:91)
    at TypeScriptParserMixin.parseVarStatement (/Users/altheazuleikasadicon/Downloads/SAVR_mobile-main/SAVR_frontend/node_modules/@babel/parser/lib/index.js:13230:10)
    at TypeScriptParserMixin.parseVarStatement (/Users/altheazuleikasadicon/Downloads/SAVR_mobile-main/SAVR_frontend/node_modules/@babel/parser/lib/index.js:9408:31)
    at TypeScriptParserMixin.parseStatementContent (/Users/altheazuleikasadicon/Downloads/SAVR_mobile-main/SAVR_frontend/node_modules/@babel/parser/lib/index.js:12851:23)
    at TypeScriptParserMixin.parseStatementContent (/Users/altheazuleikasadicon/Downloads/SAVR_mobile-main/SAVR_frontend/node_modules/@babel/parser/lib/index.js:9508:18)
    at TypeScriptParserMixin.parseStatementLike (/Users/altheazuleikasadicon/Downloads/SAVR_mobile-main/SAVR_frontend/node_modules/@babel/parser/lib/index.js:12767:17)
    at TypeScriptParserMixin.parseModuleItem (/Users/altheazuleikasadicon/Downloads/SAVR_mobile-main/SAVR_frontend/node_modules/@babel/parser/lib/index.js:12744:17)
    at TypeScriptParserMixin.parseBlockOrModuleBlockBody (/Users/altheazuleikasadicon/Downloads/SAVR_mobile-main/SAVR_frontend/node_modules/@babel/parser/lib/index.js:13316:36)
    at TypeScriptParserMixin.parseBlockBody (/Users/altheazuleikasadicon/Downloads/SAVR_mobile-main/SAVR_frontend/node_modules/@babel/parser/lib/index.js:13309:10)
    at TypeScriptParserMixin.parseProgram (/Users/altheazuleikasadicon/Downloads/SAVR_mobile-main/SAVR_frontend/node_modules/@babel/parser/lib/index.js:12622:10)
    at TypeScriptParserMixin.parseTopLevel (/Users/altheazuleikasadicon/Downloads/SAVR_mobile-main/SAVR_frontend/node_modules/@babel/parser/lib/index.js:12612:25)
    at TypeScriptParserMixin.parse (/Users/altheazuleikasadicon/Downloads/SAVR_mobile-main/SAVR_frontend/node_modules/@babel/parser/lib/index.js:14488:25)
    at TypeScriptParserMixin.parse (/Users/altheazuleikasadicon/Downloads/SAVR_mobile-main/SAVR_frontend/node_modules/@babel/parser/lib/index.js:10126:18)
    at parse (/Users/altheazuleikasadicon/Downloads/SAVR_mobile-main/SAVR_frontend/node_modules/@babel/parser/lib/index.js:14501:26)
    at parser (/Users/altheazuleikasadicon/Downloads/SAVR_mobile-main/SAVR_frontend/node_modules/@babel/core/lib/parser/index.js:41:34)
    at parser.next (<anonymous>)
    at normalizeFile (/Users/altheazuleikasadicon/Downloads/SAVR_mobile-main/SAVR_frontend/node_modules/@babel/core/lib/transformation/normalize-file.js:64:37)
    at normalizeFile.next (<anonymous>)
    at run (/Users/altheazuleikasadicon/Downloads/SAVR_mobile-main/SAVR_frontend/node_modules/@babel/core/lib/transformation/index.js:22:50)
    at run.next (<anonymous>)
    at transform (/Users/altheazuleikasadicon/Downloads/SAVR_mobile-main/SAVR_frontend/node_modules/@babel/core/lib/transform.js:22:33)
    at transform.next (<anonymous>)
    at evaluateSync (/Users/altheazuleikasadicon/Downloads/SAVR_mobile-main/SAVR_frontend/node_modules/gensync/index.js:251:28)
    at sync (/Users/altheazuleikasadicon/Downloads/SAVR_mobile-main/SAVR_frontend/node_modules/gensync/index.js:89:14)
    at stopHiding - secret - don't use this - v1 (/Users/altheazuleikasadicon/Downloads/SAVR_mobile-main/SAVR_frontend/node_modules/@babel/core/lib/errors/rewrite-stack-trace.js:47:12)
    at Object.transformSync (/Users/altheazuleikasadicon/Downloads/SAVR_mobile-main/SAVR_frontend/node_modules/@babel/core/lib/transform.js:40:76)
    at parseWithBabel (/Users/altheazuleikasadicon/Downloads/SAVR_mobile-main/SAVR_frontend/node_modules/@expo/metro-config/build/transformSync.js:75:18)
    at transformSync (/Users/altheazuleikasadicon/Downloads/SAVR_mobile-main/SAVR_frontend/node_modules/@expo/metro-config/build/transformSync.js:54:16)
    at Object.transform (/Users/altheazuleikasadicon/Downloads/SAVR_mobile-main/SAVR_frontend/node_modules/@expo/metro-config/build/babel-transformer.js:127:58)
iOS ./index.ts ░░░░░░░░░░░░░░░░  0.0% (0/1)
iOS Bundling failed 296ms index.ts (1 module)
Unable to resolve "../assets/image/logowhite.png" from "screens/LandingPage.tsx"
[0m [90m 158 |[39m           [33m<[39m[33mView[39m style[33m=[39m{styles[33m.[39mlogoContainer}[33m>[39m
 [90m 159 |[39m             [33m<[39m[33mImage[39m
[31m[1m>[22m[39m[90m 160 |[39m               source[33m=[39m{require([32m'../assets/image/logowhite.png'[39m)}
 [90m     |[39m                                [31m[1m^[22m[39m
 [90m 161 |[39m               style[33m=[39m{{ width[33m:[39m [35m150[39m[33m,[39m height[33m:[39m [35m50[39m }}
 [90m 162 |[39m               resizeMode[33m=[39m[32m"contain"[39m
 [90m 163 |[39m             [33m/[39m[33m>[39m[0m

Import stack:

 screens/LandingPage.tsx
 | import "../assets/image/logowhite.png"

 navigation/AppNavigator.tsx
 | import "../screens/LandingPage"

 App.tsx
 | import "./navigation/AppNavigator"

 index.ts
 | import "./App"

 
 | import "./index.ts"

iOS ./index.ts ░░░░░░░░░░░░░░░░  0.0% (0/1)
iOS Bundling failed 115ms index.ts (1 module)
Unable to resolve "../assets/image/logowhite.png" from "screens/Login.tsx"
[0m [90m 82 |[39m             [33m<[39m[33mView[39m style[33m=[39m{styles[33m.[39mlogoContainer}[33m>[39m
 [90m 83 |[39m               [33m<[39m[33mImage[39m 
[31m[1m>[22m[39m[90m 84 |[39m                 source[33m=[39m{require([32m'../assets/image/logowhite.png'[39m)} 
 [90m    |[39m                                  [31m[1m^[22m[39m
 [90m 85 |[39m                 style[33m=[39m{{ width[33m:[39m [35m170[39m[33m,[39m height[33m:[39m [35m60[39m }} 
 [90m 86 |[39m                 resizeMode[33m=[39m[32m"contain"[39m 
 [90m 87 |[39m               [33m/[39m[33m>[39m[0m

Import stack:

 screens/Login.tsx
 | import "../assets/image/logowhite.png"

 navigation/AppNavigator.tsx
 | import "../screens/Login"

 App.tsx
 | import "./navigation/AppNavigator"

 index.ts
 | import "./App"

 
 | import "./index.ts"

iOS ./index.ts ░░░░░░░░░░░░░░░░  0.0% (0/1)
iOS Bundling failed 20ms index.ts (1 module)
Unable to resolve "../assets/image/logowhite.png" from "screens/Login.tsx"
[0m [90m 82 |[39m             [33m<[39m[33mView[39m style[33m=[39m{styles[33m.[39mlogoContainer}[33m>[39m
 [90m 83 |[39m               [33m<[39m[33mImage[39m 
[31m[1m>[22m[39m[90m 84 |[39m                 source[33m=[39m{require([32m'../assets/image/logowhite.png'[39m)} 
 [90m    |[39m                                  [31m[1m^[22m[39m
 [90m 85 |[39m                 style[33m=[39m{{ width[33m:[39m [35m170[39m[33m,[39m height[33m:[39m [35m60[39m }} 
 [90m 86 |[39m                 resizeMode[33m=[39m[32m"contain"[39m 
 [90m 87 |[39m               [33m/[39m[33m>[39m[0m

Import stack:

 screens/Login.tsx
 | import "../assets/image/logowhite.png"

 navigation/AppNavigator.tsx
 | import "../screens/Login"

 App.tsx
 | import "./navigation/AppNavigator"

 index.ts
 | import "./App"

 
 | import "./index.ts"

iOS ./index.ts ░░░░░░░░░░░░░░░░  0.0% (0/1)
iOS Bundling failed 136ms index.ts (1 module)
Unable to resolve "../assets/register_bg.png" from "screens/Login.tsx"
[0m [90m 69 |[39m   [36mreturn[39m (
 [90m 70 |[39m     [33m<[39m[33mImageBackground[39m 
[31m[1m>[22m[39m[90m 71 |[39m       source[33m=[39m{require([32m'../assets/register_bg.png'[39m)} 
 [90m    |[39m                        [31m[1m^[22m[39m
 [90m 72 |[39m       style[33m=[39m{styles[33m.[39mbackground}
 [90m 73 |[39m       resizeMode[33m=[39m[32m"cover"[39m
 [90m 74 |[39m     [33m>[39m[0m

Import stack:

 screens/Login.tsx
 | import "../assets/register_bg.png"

 navigation/AppNavigator.tsx
 | import "../screens/Login"

 App.tsx
 | import "./navigation/AppNavigator"

 index.ts
 | import "./App"

 
 | import "./index.ts"

iOS ./index.ts ░░░░░░░░░░░░░░░░  0.0% (0/1)
iOS Bundling failed 258ms index.ts (1 module)
Unable to resolve "../assets/register_bg.png" from "screens/Login.tsx"
[0m [90m 69 |[39m   [36mreturn[39m (
 [90m 70 |[39m     [33m<[39m[33mImageBackground[39m
[31m[1m>[22m[39m[90m 71 |[39m       source[33m=[39m{require([32m'../assets/register_bg.png'[39m)}
 [90m    |[39m                        [31m[1m^[22m[39m
 [90m 72 |[39m       style[33m=[39m{styles[33m.[39mbackground}
 [90m 73 |[39m       resizeMode[33m=[39m[32m"cover"[39m
 [90m 74 |[39m     [33m>[39m[0m

Import stack:

 screens/Login.tsx
 | import "../assets/register_bg.png"

 navigation/AppNavigator.tsx
 | import "../screens/Login"

 App.tsx
 | import "./navigation/AppNavigator"

 index.ts
 | import "./App"

 
 | import "./index.ts"

iOS ./index.ts ░░░░░░░░░░░░░░░░  0.0% (0/1)
iOS Bundling failed 265ms index.ts (1 module)
Unable to resolve "../assets/register_bg.png" from "screens/OrgRegistration.tsx"
[0m [90m  99 |[39m   [36mreturn[39m (
 [90m 100 |[39m     [33m<[39m[33mImageBackground[39m 
[31m[1m>[22m[39m[90m 101 |[39m       source[33m=[39m{require([32m'../assets/register_bg.png'[39m)} 
 [90m     |[39m                        [31m[1m^[22m[39m
 [90m 102 |[39m       style[33m=[39m{styles[33m.[39mbackground}
 [90m 103 |[39m       resizeMode[33m=[39m[32m"cover"[39m
 [90m 104 |[39m     [33m>[39m[0m

Import stack:

 screens/OrgRegistration.tsx
 | import "../assets/register_bg.png"

 navigation/AppNavigator.tsx
 | import "../screens/OrgRegistration"

 App.tsx
 | import "./navigation/AppNavigator"

 index.ts
 | import "./App"

 
 | import "./index.ts"

iOS ./index.ts ░░░░░░░░░░░░░░░░  0.0% (0/1)
iOS Bundling failed 305ms index.ts (1 module)
Unable to resolve "../assets/register_bg.png" from "screens/Login.tsx"
[0m [90m 69 |[39m   [36mreturn[39m (
 [90m 70 |[39m     [33m<[39m[33mImageBackground[39m
[31m[1m>[22m[39m[90m 71 |[39m       source[33m=[39m{require([32m'../assets/register_bg.png'[39m)}
 [90m    |[39m                        [31m[1m^[22m[39m
 [90m 72 |[39m       style[33m=[39m{styles[33m.[39mbackground}
 [90m 73 |[39m       resizeMode[33m=[39m[32m"cover"[39m
 [90m 74 |[39m     [33m>[39m[0m

Import stack:

 screens/Login.tsx
 | import "../assets/register_bg.png"

 navigation/AppNavigator.tsx
 | import "../screens/Login"

 App.tsx
 | import "./navigation/AppNavigator"

 index.ts
 | import "./App"

 
 | import "./index.ts"

iOS ./index.ts ░░░░░░░░░░░░░░░░  0.0% (0/1)
iOS Bundling failed 229ms index.ts (1 module)
Unable to resolve "../assets/register_bg.png" from "screens/Login.tsx"
[0m [90m 69 |[39m   [36mreturn[39m (
 [90m 70 |[39m     [33m<[39m[33mImageBackground[39m
[31m[1m>[22m[39m[90m 71 |[39m       source[33m=[39m{require([32m'../assets/register_bg.png'[39m)}
 [90m    |[39m                        [31m[1m^[22m[39m
 [90m 72 |[39m       style[33m=[39m{styles[33m.[39mbackground}
 [90m 73 |[39m       resizeMode[33m=[39m[32m"cover"[39m
 [90m 74 |[39m     [33m>[39m[0m

Import stack:

 screens/Login.tsx
 | import "../assets/register_bg.png"

 navigation/AppNavigator.tsx
 | import "../screens/Login"

 App.tsx
 | import "./navigation/AppNavigator"

 index.ts
 | import "./App"

 
 | import "./index.ts"

iOS ./index.ts ░░░░░░░░░░░░░░░░  0.0% (0/1)
iOS Bundling failed 35ms index.ts (1 module)
Unable to resolve "../assets/register_bg.png" from "screens/Login.tsx"
[0m [90m 69 |[39m   [36mreturn[39m (
 [90m 70 |[39m     [33m<[39m[33mImageBackground[39m
[31m[1m>[22m[39m[90m 71 |[39m       source[33m=[39m{require([32m'../assets/register_bg.png'[39m)}
 [90m    |[39m                        [31m[1m^[22m[39m
 [90m 72 |[39m       style[33m=[39m{styles[33m.[39mbackground}
 [90m 73 |[39m       resizeMode[33m=[39m[32m"cover"[39m
 [90m 74 |[39m     [33m>[39m[0m

Import stack:

 screens/Login.tsx
 | import "../assets/register_bg.png"

 navigation/AppNavigator.tsx
 | import "../screens/Login"

 App.tsx
 | import "./navigation/AppNavigator"

 index.ts
 | import "./App"

 
 | import "./index.ts"

iOS ./index.ts ░░░░░░░░░░░░░░░░  0.0% (0/1)
iOS Bundling failed 27ms index.ts (1 module)
Unable to resolve "../assets/register_bg.png" from "screens/Login.tsx"
[0m [90m 69 |[39m   [36mreturn[39m (
 [90m 70 |[39m     [33m<[39m[33mImageBackground[39m
[31m[1m>[22m[39m[90m 71 |[39m       source[33m=[39m{require([32m'../assets/register_bg.png'[39m)}
 [90m    |[39m                        [31m[1m^[22m[39m
 [90m 72 |[39m       style[33m=[39m{styles[33m.[39mbackground}
 [90m 73 |[39m       resizeMode[33m=[39m[32m"cover"[39m
 [90m 74 |[39m     [33m>[39m[0m

Import stack:

 screens/Login.tsx
 | import "../assets/register_bg.png"

 navigation/AppNavigator.tsx
 | import "../screens/Login"

 App.tsx
 | import "./navigation/AppNavigator"

 index.ts
 | import "./App"

 
 | import "./index.ts"

iOS ./index.ts ░░░░░░░░░░░░░░░░  0.0% (0/1)
iOS Bundled 100ms index.ts (1 module)
 WARN  SafeAreaView has been deprecated and will be removed in a future release. Please use 'react-native-safe-area-context' instead. See https://github.com/th3rdwave/react-native-safe-area-context
Unable to resolve "../assets/logowhite.png" from "screens/Login.tsx"
[0m [90m 83 |[39m             [33m<[39m[33mView[39m style[33m=[39m{styles[33m.[39mlogoContainer}[33m>[39m
 [90m 84 |[39m               [33m<[39m[33mImage[39m
[31m[1m>[22m[39m[90m 85 |[39m                 source[33m=[39m{require([32m'../assets/logowhite.png'[39m)}
 [90m    |[39m                                  [31m[1m^[22m[39m
 [90m 86 |[39m                 style[33m=[39m{{ width[33m:[39m [35m170[39m[33m,[39m height[33m:[39m [35m60[39m }}
 [90m 87 |[39m                 resizeMode[33m=[39m[32m"contain"[39m
 [90m 88 |[39m               [33m/[39m[33m>[39m[0m

Import stack:

 screens/Login.tsx
 | import "../assets/logowhite.png"

 navigation/AppNavigator.tsx
 | import "../screens/Login"

 App.tsx
 | import "./navigation/AppNavigator"

 index.ts
 | import "./App"

 
 | import "./index.ts"

 ERROR  [Error: UnableToResolveError Unable to resolve module ../assets/logowhite.png from /Users/altheazuleikasadicon/Downloads/SAVR_mobile-main/SAVR_frontend/screens/Login.tsx: 

None of these files exist:
  * logowhite.png
  * assets/logowhite.png
[0m [90m 83 |[39m             [33m<[39m[33mView[39m style[33m=[39m{styles[33m.[39mlogoContainer}[33m>[39m
 [90m 84 |[39m               [33m<[39m[33mImage[39m
[31m[1m>[22m[39m[90m 85 |[39m                 source[33m=[39m{require([32m'../assets/logowhite.png'[39m)}
 [90m    |[39m                                  [31m[1m^[22m[39m
 [90m 86 |[39m                 style[33m=[39m{{ width[33m:[39m [35m170[39m[33m,[39m height[33m:[39m [35m60[39m }}
 [90m 87 |[39m                 resizeMode[33m=[39m[32m"contain"[39m
 [90m 88 |[39m               [33m/[39m[33m>[39m[0m]
Unable to resolve "../assets/logowhite.png" from "screens/Login.tsx"
[0m [90m 83 |[39m             [33m<[39m[33mView[39m style[33m=[39m{styles[33m.[39mlogoContainer}[33m>[39m
 [90m 84 |[39m               [33m<[39m[33mImage[39m
[31m[1m>[22m[39m[90m 85 |[39m                 source[33m=[39m{require([32m'../assets/logowhite.png'[39m)}
 [90m    |[39m                                  [31m[1m^[22m[39m
 [90m 86 |[39m                 style[33m=[39m{{ width[33m:[39m [35m170[39m[33m,[39m height[33m:[39m [35m60[39m }}
 [90m 87 |[39m                 resizeMode[33m=[39m[32m"contain"[39m
 [90m 88 |[39m               [33m/[39m[33m>[39m[0m

Import stack:

 screens/Login.tsx
 | import "../assets/logowhite.png"

 navigation/AppNavigator.tsx
 | import "../screens/Login"

 App.tsx
 | import "./navigation/AppNavigator"

 index.ts
 | import "./App"

 
 | import "./index.ts"

 ERROR  [Error: UnableToResolveError Unable to resolve module ../assets/logowhite.png from /Users/altheazuleikasadicon/Downloads/SAVR_mobile-main/SAVR_frontend/screens/Login.tsx: 

None of these files exist:
  * logowhite.png
  * assets/logowhite.png
[0m [90m 83 |[39m             [33m<[39m[33mView[39m style[33m=[39m{styles[33m.[39mlogoContainer}[33m>[39m
 [90m 84 |[39m               [33m<[39m[33mImage[39m
[31m[1m>[22m[39m[90m 85 |[39m                 source[33m=[39m{require([32m'../assets/logowhite.png'[39m)}
 [90m    |[39m                                  [31m[1m^[22m[39m
 [90m 86 |[39m                 style[33m=[39m{{ width[33m:[39m [35m170[39m[33m,[39m height[33m:[39m [35m60[39m }}
 [90m 87 |[39m                 resizeMode[33m=[39m[32m"contain"[39m
 [90m 88 |[39m               [33m/[39m[33m>[39m[0m]
Unable to resolve "../assets/logowhite.png" from "screens/Login.tsx"
[0m [90m 83 |[39m             [33m<[39m[33mView[39m style[33m=[39m{styles[33m.[39mlogoContainer}[33m>[39m
 [90m 84 |[39m               [33m<[39m[33mImage[39m
[31m[1m>[22m[39m[90m 85 |[39m                 source[33m=[39m{require([32m'../assets/logowhite.png'[39m)}
 [90m    |[39m                                  [31m[1m^[22m[39m
 [90m 86 |[39m                 style[33m=[39m{{ width[33m:[39m [35m170[39m[33m,[39m height[33m:[39m [35m60[39m }}
 [90m 87 |[39m                 resizeMode[33m=[39m[32m"contain"[39m
 [90m 88 |[39m               [33m/[39m[33m>[39m[0m

Import stack:

 screens/Login.tsx
 | import "../assets/logowhite.png"

 navigation/AppNavigator.tsx
 | import "../screens/Login"

 App.tsx
 | import "./navigation/AppNavigator"

 index.ts
 | import "./App"

 
 | import "./index.ts"

 ERROR  [Error: UnableToResolveError Unable to resolve module ../assets/logowhite.png from /Users/altheazuleikasadicon/Downloads/SAVR_mobile-main/SAVR_frontend/screens/Login.tsx: 

None of these files exist:
  * logowhite.png
  * assets/logowhite.png
[0m [90m 83 |[39m             [33m<[39m[33mView[39m style[33m=[39m{styles[33m.[39mlogoContainer}[33m>[39m
 [90m 84 |[39m               [33m<[39m[33mImage[39m
[31m[1m>[22m[39m[90m 85 |[39m                 source[33m=[39m{require([32m'../assets/logowhite.png'[39m)}
 [90m    |[39m                                  [31m[1m^[22m[39m
 [90m 86 |[39m                 style[33m=[39m{{ width[33m:[39m [35m170[39m[33m,[39m height[33m:[39m [35m60[39m }}
 [90m 87 |[39m                 resizeMode[33m=[39m[32m"contain"[39m
 [90m 88 |[39m               [33m/[39m[33m>[39m[0m]
Unable to resolve "../assets/logowhite.png" from "screens/Login.tsx"
[0m [90m 83 |[39m             [33m<[39m[33mView[39m style[33m=[39m{styles[33m.[39mlogoContainer}[33m>[39m
 [90m 84 |[39m               [33m<[39m[33mImage[39m
[31m[1m>[22m[39m[90m 85 |[39m                 source[33m=[39m{require([32m'../assets/logowhite.png'[39m)}
 [90m    |[39m                                  [31m[1m^[22m[39m
 [90m 86 |[39m                 style[33m=[39m{{ width[33m:[39m [35m170[39m[33m,[39m height[33m:[39m [35m60[39m }}
 [90m 87 |[39m                 resizeMode[33m=[39m[32m"contain"[39m
 [90m 88 |[39m               [33m/[39m[33m>[39m[0m

Import stack:

 screens/Login.tsx
 | import "../assets/logowhite.png"

 navigation/AppNavigator.tsx
 | import "../screens/Login"

 App.tsx
 | import "./navigation/AppNavigator"

 index.ts
 | import "./App"

 
 | import "./index.ts"

 ERROR  [Error: UnableToResolveError Unable to resolve module ../assets/logowhite.png from /Users/altheazuleikasadicon/Downloads/SAVR_mobile-main/SAVR_frontend/screens/Login.tsx: 

None of these files exist:
  * logowhite.png
  * assets/logowhite.png
[0m [90m 83 |[39m             [33m<[39m[33mView[39m style[33m=[39m{styles[33m.[39mlogoContainer}[33m>[39m
 [90m 84 |[39m               [33m<[39m[33mImage[39m
[31m[1m>[22m[39m[90m 85 |[39m                 source[33m=[39m{require([32m'../assets/logowhite.png'[39m)}
 [90m    |[39m                                  [31m[1m^[22m[39m
 [90m 86 |[39m                 style[33m=[39m{{ width[33m:[39m [35m170[39m[33m,[39m height[33m:[39m [35m60[39m }}
 [90m 87 |[39m                 resizeMode[33m=[39m[32m"contain"[39m
 [90m 88 |[39m               [33m/[39m[33m>[39m[0m]
Unable to resolve "../assets/logowhite.png" from "screens/Login.tsx"
[0m [90m 83 |[39m             [33m<[39m[33mView[39m style[33m=[39m{styles[33m.[39mlogoContainer}[33m>[39m
 [90m 84 |[39m               [33m<[39m[33mImage[39m
[31m[1m>[22m[39m[90m 85 |[39m                 source[33m=[39m{require([32m'../assets/logowhite.png'[39m)}
 [90m    |[39m                                  [31m[1m^[22m[39m
 [90m 86 |[39m                 style[33m=[39m{{ width[33m:[39m [35m170[39m[33m,[39m height[33m:[39m [35m60[39m }}
 [90m 87 |[39m                 resizeMode[33m=[39m[32m"contain"[39m
 [90m 88 |[39m               [33m/[39m[33m>[39m[0m

Import stack:

 screens/Login.tsx
 | import "../assets/logowhite.png"

 navigation/AppNavigator.tsx
 | import "../screens/Login"

 App.tsx
 | import "./navigation/AppNavigator"

 index.ts
 | import "./App"

 
 | import "./index.ts"

 ERROR  [Error: UnableToResolveError Unable to resolve module ../assets/logowhite.png from /Users/altheazuleikasadicon/Downloads/SAVR_mobile-main/SAVR_frontend/screens/Login.tsx: 

None of these files exist:
  * logowhite.png
  * assets/logowhite.png
[0m [90m 83 |[39m             [33m<[39m[33mView[39m style[33m=[39m{styles[33m.[39mlogoContainer}[33m>[39m
 [90m 84 |[39m               [33m<[39m[33mImage[39m
[31m[1m>[22m[39m[90m 85 |[39m                 source[33m=[39m{require([32m'../assets/logowhite.png'[39m)}
 [90m    |[39m                                  [31m[1m^[22m[39m
 [90m 86 |[39m                 style[33m=[39m{{ width[33m:[39m [35m170[39m[33m,[39m height[33m:[39m [35m60[39m }}
 [90m 87 |[39m                 resizeMode[33m=[39m[32m"contain"[39m
 [90m 88 |[39m               [33m/[39m[33m>[39m[0m]
Unable to resolve "../assets/logowhite.png" from "screens/Login.tsx"
[0m [90m 83 |[39m             [33m<[39m[33mView[39m style[33m=[39m{styles[33m.[39mlogoContainer}[33m>[39m
 [90m 84 |[39m               [33m<[39m[33mImage[39m
[31m[1m>[22m[39m[90m 85 |[39m                 source[33m=[39m{require([32m'../assets/logowhite.png'[39m)}
 [90m    |[39m                                  [31m[1m^[22m[39m
 [90m 86 |[39m                 style[33m=[39m{{ width[33m:[39m [35m170[39m[33m,[39m height[33m:[39m [35m60[39m }}
 [90m 87 |[39m                 resizeMode[33m=[39m[32m"contain"[39m
 [90m 88 |[39m               [33m/[39m[33m>[39m[0m

Import stack:

 screens/Login.tsx
 | import "../assets/logowhite.png"

 navigation/AppNavigator.tsx
 | import "../screens/Login"

 App.tsx
 | import "./navigation/AppNavigator"

 index.ts
 | import "./App"

 
 | import "./index.ts"

 ERROR  [Error: UnableToResolveError Unable to resolve module ../assets/logowhite.png from /Users/altheazuleikasadicon/Downloads/SAVR_mobile-main/SAVR_frontend/screens/Login.tsx: 

None of these files exist:
  * logowhite.png
  * assets/logowhite.png
[0m [90m 83 |[39m             [33m<[39m[33mView[39m style[33m=[39m{styles[33m.[39mlogoContainer}[33m>[39m
 [90m 84 |[39m               [33m<[39m[33mImage[39m
[31m[1m>[22m[39m[90m 85 |[39m                 source[33m=[39m{require([32m'../assets/logowhite.png'[39m)}
 [90m    |[39m                                  [31m[1m^[22m[39m
 [90m 86 |[39m                 style[33m=[39m{{ width[33m:[39m [35m170[39m[33m,[39m height[33m:[39m [35m60[39m }}
 [90m 87 |[39m                 resizeMode[33m=[39m[32m"contain"[39m
 [90m 88 |[39m               [33m/[39m[33m>[39m[0m]
Unable to resolve "../assets/logowhite.png" from "screens/Login.tsx"
[0m [90m 83 |[39m             [33m<[39m[33mView[39m style[33m=[39m{styles[33m.[39mlogoContainer}[33m>[39m
 [90m 84 |[39m               [33m<[39m[33mImage[39m
[31m[1m>[22m[39m[90m 85 |[39m                 source[33m=[39m{require([32m'../assets/logowhite.png'[39m)}
 [90m    |[39m                                  [31m[1m^[22m[39m
 [90m 86 |[39m                 style[33m=[39m{{ width[33m:[39m [35m170[39m[33m,[39m height[33m:[39m [35m60[39m }}
 [90m 87 |[39m                 resizeMode[33m=[39m[32m"contain"[39m
 [90m 88 |[39m               [33m/[39m[33m>[39m[0m

Import stack:

 screens/Login.tsx
 | import "../assets/logowhite.png"

 navigation/AppNavigator.tsx
 | import "../screens/Login"

 App.tsx
 | import "./navigation/AppNavigator"

 index.ts
 | import "./App"

 
 | import "./index.ts"

Unable to resolve "../assets/logowhite.png" from "screens/Login.tsx"
[0m [90m 83 |[39m             [33m<[39m[33mView[39m style[33m=[39m{styles[33m.[39mlogoContainer}[33m>[39m
 [90m 84 |[39m               [33m<[39m[33mImage[39m
[31m[1m>[22m[39m[90m 85 |[39m                 source[33m=[39m{require([32m'../assets/logowhite.png'[39m)}
 [90m    |[39m                                  [31m[1m^[22m[39m
 [90m 86 |[39m                 style[33m=[39m{{ width[33m:[39m [35m170[39m[33m,[39m height[33m:[39m [35m60[39m }}
 [90m 87 |[39m                 resizeMode[33m=[39m[32m"contain"[39m
 [90m 88 |[39m               [33m/[39m[33m>[39m[0m

Import stack:

 screens/Login.tsx
 | import "../assets/logowhite.png"

 navigation/AppNavigator.tsx
 | import "../screens/Login"

 App.tsx
 | import "./navigation/AppNavigator"

 index.ts
 | import "./App"

 
 | import "./index.ts"

 ERROR  [Error: UnableToResolveError Unable to resolve module ../assets/logowhite.png from /Users/altheazuleikasadicon/Downloads/SAVR_mobile-main/SAVR_frontend/screens/Login.tsx: 

None of these files exist:
  * logowhite.png
  * assets/logowhite.png
[0m [90m 83 |[39m             [33m<[39m[33mView[39m style[33m=[39m{styles[33m.[39mlogoContainer}[33m>[39m
 [90m 84 |[39m               [33m<[39m[33mImage[39m
[31m[1m>[22m[39m[90m 85 |[39m                 source[33m=[39m{require([32m'../assets/logowhite.png'[39m)}
 [90m    |[39m                                  [31m[1m^[22m[39m
 [90m 86 |[39m                 style[33m=[39m{{ width[33m:[39m [35m170[39m[33m,[39m height[33m:[39m [35m60[39m }}
 [90m 87 |[39m                 resizeMode[33m=[39m[32m"contain"[39m
 [90m 88 |[39m               [33m/[39m[33m>[39m[0m]
 ERROR  [Error: UnableToResolveError Unable to resolve module ../assets/logowhite.png from /Users/altheazuleikasadicon/Downloads/SAVR_mobile-main/SAVR_frontend/screens/Login.tsx: 

None of these files exist:
  * logowhite.png
  * assets/logowhite.png
[0m [90m 83 |[39m             [33m<[39m[33mView[39m style[33m=[39m{styles[33m.[39mlogoContainer}[33m>[39m
 [90m 84 |[39m               [33m<[39m[33mImage[39m
[31m[1m>[22m[39m[90m 85 |[39m                 source[33m=[39m{require([32m'../assets/logowhite.png'[39m)}
 [90m    |[39m                                  [31m[1m^[22m[39m
 [90m 86 |[39m                 style[33m=[39m{{ width[33m:[39m [35m170[39m[33m,[39m height[33m:[39m [35m60[39m }}
 [90m 87 |[39m                 resizeMode[33m=[39m[32m"contain"[39m
 [90m 88 |[39m               [33m/[39m[33m>[39m[0m]
Unable to resolve "../assets/logowhite.png" from "screens/Login.tsx"
[0m [90m 83 |[39m             [33m<[39m[33mView[39m style[33m=[39m{styles[33m.[39mlogoContainer}[33m>[39m
 [90m 84 |[39m               [33m<[39m[33mImage[39m
[31m[1m>[22m[39m[90m 85 |[39m                 source[33m=[39m{require([32m'../assets/logowhite.png'[39m)}
 [90m    |[39m                                  [31m[1m^[22m[39m
 [90m 86 |[39m                 style[33m=[39m{{ width[33m:[39m [35m170[39m[33m,[39m height[33m:[39m [35m60[39m }}
 [90m 87 |[39m                 resizeMode[33m=[39m[32m"contain"[39m
 [90m 88 |[39m               [33m/[39m[33m>[39m[0m

Import stack:

 screens/Login.tsx
 | import "../assets/logowhite.png"

 navigation/AppNavigator.tsx
 | import "../screens/Login"

 App.tsx
 | import "./navigation/AppNavigator"

 index.ts
 | import "./App"

 
 | import "./index.ts"

 ERROR  [Error: UnableToResolveError Unable to resolve module ../assets/logowhite.png from /Users/altheazuleikasadicon/Downloads/SAVR_mobile-main/SAVR_frontend/screens/Login.tsx: 

None of these files exist:
  * logowhite.png
  * assets/logowhite.png
[0m [90m 83 |[39m             [33m<[39m[33mView[39m style[33m=[39m{styles[33m.[39mlogoContainer}[33m>[39m
 [90m 84 |[39m               [33m<[39m[33mImage[39m
[31m[1m>[22m[39m[90m 85 |[39m                 source[33m=[39m{require([32m'../assets/logowhite.png'[39m)}
 [90m    |[39m                                  [31m[1m^[22m[39m
 [90m 86 |[39m                 style[33m=[39m{{ width[33m:[39m [35m170[39m[33m,[39m height[33m:[39m [35m60[39m }}
 [90m 87 |[39m                 resizeMode[33m=[39m[32m"contain"[39m
 [90m 88 |[39m               [33m/[39m[33m>[39m[0m]
iOS ./index.ts ░░░░░░░░░░░░░░░░  0.0% (0/1)
iOS Bundling failed 21ms index.ts (1 module)
Unable to resolve "../assets/logowhite.png" from "screens/Login.tsx"
[0m [90m 83 |[39m             [33m<[39m[33mView[39m style[33m=[39m{styles[33m.[39mlogoContainer}[33m>[39m
 [90m 84 |[39m               [33m<[39m[33mImage[39m
[31m[1m>[22m[39m[90m 85 |[39m                 source[33m=[39m{require([32m'../assets/logowhite.png'[39m)}
 [90m    |[39m                                  [31m[1m^[22m[39m
 [90m 86 |[39m                 style[33m=[39m{{ width[33m:[39m [35m170[39m[33m,[39m height[33m:[39m [35m60[39m }}
 [90m 87 |[39m                 resizeMode[33m=[39m[32m"contain"[39m
 [90m 88 |[39m               [33m/[39m[33m>[39m[0m

Import stack:

 screens/Login.tsx
 | import "../assets/logowhite.png"

 navigation/AppNavigator.tsx
 | import "../screens/Login"

 App.tsx
 | import "./navigation/AppNavigator"

 index.ts
 | import "./App"

 
 | import "./index.ts"

iOS ./index.ts ░░░░░░░░░░░░░░░░  0.0% (0/1)
iOS Bundling failed 16ms index.ts (1 module)
Unable to resolve "../screens/OrgRegistration" from "navigation/AppNavigator.tsx"
[0m [90m 12 |[39m [36mimport[39m [33mRegistration[39m [36mfrom[39m [32m'../screens/Registration'[39m[33m;[39m
 [90m 13 |[39m [36mimport[39m [33mDonorRegistration[39m [36mfrom[39m [32m'../screens/DonorRegistration'[39m[33m;[39m
[31m[1m>[22m[39m[90m 14 |[39m [36mimport[39m [33mOrgRegistration[39m [36mfrom[39m [32m'../screens/OrgRegistration'[39m[33m;[39m
 [90m    |[39m                              [31m[1m^[22m[39m
 [90m 15 |[39m [36mimport[39m [33mPkRegistration[39m [36mfrom[39m [32m'../screens/PkRegistration'[39m[33m;[39m
 [90m 16 |[39m [36mimport[39m [33mVerifyEmail[39m [36mfrom[39m [32m'../screens/VerifyEmail'[39m[33m;[39m
 [90m 17 |[39m [36mimport[39m [33mForgotPassword[39m [36mfrom[39m [32m'../screens/ForgotPassword'[39m[33m;[39m[0m

Import stack:

 navigation/AppNavigator.tsx
 | import "../screens/OrgRegistration"

 App.tsx
 | import "./navigation/AppNavigator"

 index.ts
 | import "./App"

 
 | import "./index.ts"

iOS ./index.ts ░░░░░░░░░░░░░░░░  0.0% (0/1)
iOS Bundled 324ms index.ts (1 module)
 WARN  SafeAreaView has been deprecated and will be removed in a future release. Please use 'react-native-safe-area-context' instead. See https://github.com/th3rdwave/react-native-safe-area-context
iOS ./index.ts ░░░░░░░░░░░░░░░░  0.0% (0/1)
iOS Bundled 62ms index.ts (1 module)
 WARN  SafeAreaView has been deprecated and will be removed in a future release. Please use 'react-native-safe-area-context' instead. See https://github.com/th3rdwave/react-native-safe-area-context
iOS ./index.ts ░░░░░░░░░░░░░░░░  0.0% (0/1)
iOS Bundled 57ms index.ts (1 module)
 WARN  SafeAreaView has been deprecated and will be removed in a future release. Please use 'react-native-safe-area-context' instead. See https://github.com/th3rdwave/react-native-safe-area-context
iOS ./index.ts ░░░░░░░░░░░░░░░░  0.0% (0/1)
iOS Bundled 166ms index.ts (1 module)
 WARN  SafeAreaView has been deprecated and will be removed in a future release. Please use 'react-native-safe-area-context' instead. See https://github.com/th3rdwave/react-native-safe-area-context
iOS ./index.ts ░░░░░░░░░░░░░░░░  0.0% (0/1)
iOS Bundled 65ms index.ts (1 module)
 WARN  SafeAreaView has been deprecated and will be removed in a future release. Please use 'react-native-safe-area-context' instead. See https://github.com/th3rdwave/react-native-safe-area-context
Unable to resolve "expo-linear-gradient" from "screens/LandingPage.tsx"
[0m [90m 15 |[39m } [36mfrom[39m [32m'react-native'[39m[33m;[39m
 [90m 16 |[39m [36mimport[39m { [33mIonicons[39m[33m,[39m [33mMaterialCommunityIcons[39m[33m,[39m [33mFontAwesome5[39m } [36mfrom[39m [32m'@expo/vector-icons'[39m[33m;[39m
[31m[1m>[22m[39m[90m 17 |[39m [36mimport[39m { [33mLinearGradient[39m } [36mfrom[39m [32m'expo-linear-gradient'[39m[33m;[39m
 [90m    |[39m                                 [31m[1m^[22m[39m
 [90m 18 |[39m
 [90m 19 |[39m [36mconst[39m { width } [33m=[39m [33mDimensions[39m[33m.[39m[36mget[39m([32m'window'[39m)[33m;[39m
 [90m 20 |[39m[0m

Import stack:

 screens/LandingPage.tsx
 | import "expo-linear-gradient"

 navigation/AppNavigator.tsx
 | import "../screens/LandingPage"

 App.tsx
 | import "./navigation/AppNavigator"

 index.ts
 | import "./App"

 
 | import "./index.ts"

 ERROR  [Error: UnableToResolveError Unable to resolve module expo-linear-gradient from /Users/altheazuleikasadicon/Downloads/SAVR_mobile-main/SAVR_frontend/screens/LandingPage.tsx: expo-linear-gradient could not be found within the project or in these directories:
  node_modules
[0m [90m 15 |[39m } [36mfrom[39m [32m'react-native'[39m[33m;[39m
 [90m 16 |[39m [36mimport[39m { [33mIonicons[39m[33m,[39m [33mMaterialCommunityIcons[39m[33m,[39m [33mFontAwesome5[39m } [36mfrom[39m [32m'@expo/vector-icons'[39m[33m;[39m
[31m[1m>[22m[39m[90m 17 |[39m [36mimport[39m { [33mLinearGradient[39m } [36mfrom[39m [32m'expo-linear-gradient'[39m[33m;[39m
 [90m    |[39m                                 [31m[1m^[22m[39m
 [90m 18 |[39m
 [90m 19 |[39m [36mconst[39m { width } [33m=[39m [33mDimensions[39m[33m.[39m[36mget[39m([32m'window'[39m)[33m;[39m
 [90m 20 |[39m[0m]
Unable to resolve "expo-linear-gradient" from "screens/LandingPage.tsx"
[0m [90m 15 |[39m } [36mfrom[39m [32m'react-native'[39m[33m;[39m
 [90m 16 |[39m [36mimport[39m { [33mIonicons[39m[33m,[39m [33mMaterialCommunityIcons[39m[33m,[39m [33mFontAwesome5[39m } [36mfrom[39m [32m'@expo/vector-icons'[39m[33m;[39m
[31m[1m>[22m[39m[90m 17 |[39m [36mimport[39m { [33mLinearGradient[39m } [36mfrom[39m [32m'expo-linear-gradient'[39m[33m;[39m
 [90m    |[39m                                 [31m[1m^[22m[39m
 [90m 18 |[39m
 [90m 19 |[39m [36mconst[39m { width } [33m=[39m [33mDimensions[39m[33m.[39m[36mget[39m([32m'window'[39m)[33m;[39m
 [90m 20 |[39m[0m

Import stack:

 screens/LandingPage.tsx
 | import "expo-linear-gradient"

 navigation/AppNavigator.tsx
 | import "../screens/LandingPage"

 App.tsx
 | import "./navigation/AppNavigator"

 index.ts
 | import "./App"

 
 | import "./index.ts"

 ERROR  [Error: UnableToResolveError Unable to resolve module expo-linear-gradient from /Users/altheazuleikasadicon/Downloads/SAVR_mobile-main/SAVR_frontend/screens/LandingPage.tsx: expo-linear-gradient could not be found within the project or in these directories:
  node_modules
[0m [90m 15 |[39m } [36mfrom[39m [32m'react-native'[39m[33m;[39m
 [90m 16 |[39m [36mimport[39m { [33mIonicons[39m[33m,[39m [33mMaterialCommunityIcons[39m[33m,[39m [33mFontAwesome5[39m } [36mfrom[39m [32m'@expo/vector-icons'[39m[33m;[39m
[31m[1m>[22m[39m[90m 17 |[39m [36mimport[39m { [33mLinearGradient[39m } [36mfrom[39m [32m'expo-linear-gradient'[39m[33m;[39m
 [90m    |[39m                                 [31m[1m^[22m[39m
 [90m 18 |[39m
 [90m 19 |[39m [36mconst[39m { width } [33m=[39m [33mDimensions[39m[33m.[39m[36mget[39m([32m'window'[39m)[33m;[39m
 [90m 20 |[39m[0m]
iOS ./index.ts ░░░░░░░░░░░░░░░░  0.0% (0/1)
iOS Bundled 157ms index.ts (1 module)
 WARN  SafeAreaView has been deprecated and will be removed in a future release. Please use 'react-native-safe-area-context' instead. See https://github.com/th3rdwave/react-native-safe-area-context
 ERROR  SyntaxError: /Users/altheazuleikasadicon/Downloads/SAVR_mobile-main/SAVR_frontend/screens/LandingPage.tsx: Expected corresponding JSX closing tag for <ScrollView>. (251:4)

  249 |         <Ionicons name="arrow-forward" size={14} color="#1E7145" />
  250 |       </TouchableOpacity>
> 251 |     </View>
      |     ^
  252 |
  253 |       {/* Our Initiatives Section */ }
  254 |   <View style={styles.initiativesWrapper}>
    at constructor (/Users/altheazuleikasadicon/Downloads/SAVR_mobile-main/SAVR_frontend/node_modules/@babel/parser/lib/index.js:365:19)
    at TypeScriptParserMixin.raise (/Users/altheazuleikasadicon/Downloads/SAVR_mobile-main/SAVR_frontend/node_modules/@babel/parser/lib/index.js:6599:19)
    at TypeScriptParserMixin.jsxParseElementAt (/Users/altheazuleikasadicon/Downloads/SAVR_mobile-main/SAVR_frontend/node_modules/@babel/parser/lib/index.js:4727:16)
    at TypeScriptParserMixin.jsxParseElement (/Users/altheazuleikasadicon/Downloads/SAVR_mobile-main/SAVR_frontend/node_modules/@babel/parser/lib/index.js:4749:17)
    at TypeScriptParserMixin.parseExprAtom (/Users/altheazuleikasadicon/Downloads/SAVR_mobile-main/SAVR_frontend/node_modules/@babel/parser/lib/index.js:4759:19)
    at TypeScriptParserMixin.parseExprSubscripts (/Users/altheazuleikasadicon/Downloads/SAVR_mobile-main/SAVR_frontend/node_modules/@babel/parser/lib/index.js:11081:23)
    at TypeScriptParserMixin.parseUpdate (/Users/altheazuleikasadicon/Downloads/SAVR_mobile-main/SAVR_frontend/node_modules/@babel/parser/lib/index.js:11066:21)
    at TypeScriptParserMixin.parseMaybeUnary (/Users/altheazuleikasadicon/Downloads/SAVR_mobile-main/SAVR_frontend/node_modules/@babel/parser/lib/index.js:11046:23)
    at TypeScriptParserMixin.parseMaybeUnary (/Users/altheazuleikasadicon/Downloads/SAVR_mobile-main/SAVR_frontend/node_modules/@babel/parser/lib/index.js:9837:18)
    at TypeScriptParserMixin.parseMaybeUnaryOrPrivate (/Users/altheazuleikasadicon/Downloads/SAVR_mobile-main/SAVR_frontend/node_modules/@babel/parser/lib/index.js:10899:61)
    at TypeScriptParserMixin.parseExprOps (/Users/altheazuleikasadicon/Downloads/SAVR_mobile-main/SAVR_frontend/node_modules/@babel/parser/lib/index.js:10904:23)
    at TypeScriptParserMixin.parseMaybeConditional (/Users/altheazuleikasadicon/Downloads/SAVR_mobile-main/SAVR_frontend/node_modules/@babel/parser/lib/index.js:10881:23)
    at TypeScriptParserMixin.parseMaybeAssign (/Users/altheazuleikasadicon/Downloads/SAVR_mobile-main/SAVR_frontend/node_modules/@babel/parser/lib/index.js:10831:21)
    at /Users/altheazuleikasadicon/Downloads/SAVR_mobile-main/SAVR_frontend/node_modules/@babel/parser/lib/index.js:9775:39
    at TypeScriptParserMixin.tryParse (/Users/altheazuleikasadicon/Downloads/SAVR_mobile-main/SAVR_frontend/node_modules/@babel/parser/lib/index.js:6907:20)
    at TypeScriptParserMixin.parseMaybeAssign (/Users/altheazuleikasadicon/Downloads/SAVR_mobile-main/SAVR_frontend/node_modules/@babel/parser/lib/index.js:9775:18)
    at /Users/altheazuleikasadicon/Downloads/SAVR_mobile-main/SAVR_frontend/node_modules/@babel/parser/lib/index.js:10800:39
    at TypeScriptParserMixin.allowInAnd (/Users/altheazuleikasadicon/Downloads/SAVR_mobile-main/SAVR_frontend/node_modules/@babel/parser/lib/index.js:12426:12)
    at TypeScriptParserMixin.parseMaybeAssignAllowIn (/Users/altheazuleikasadicon/Downloads/SAVR_mobile-main/SAVR_frontend/node_modules/@babel/parser/lib/index.js:10800:17)
    at TypeScriptParserMixin.parseMaybeAssignAllowInOrVoidPattern (/Users/altheazuleikasadicon/Downloads/SAVR_mobile-main/SAVR_frontend/node_modules/@babel/parser/lib/index.js:12493:17)
    at TypeScriptParserMixin.parseParenAndDistinguishExpression (/Users/altheazuleikasadicon/Downloads/SAVR_mobile-main/SAVR_frontend/node_modules/@babel/parser/lib/index.js:11675:28)
    at TypeScriptParserMixin.parseExprAtom (/Users/altheazuleikasadicon/Downloads/SAVR_mobile-main/SAVR_frontend/node_modules/@babel/parser/lib/index.js:11331:23)
    at TypeScriptParserMixin.parseExprAtom (/Users/altheazuleikasadicon/Downloads/SAVR_mobile-main/SAVR_frontend/node_modules/@babel/parser/lib/index.js:4764:20)
    at TypeScriptParserMixin.parseExprSubscripts (/Users/altheazuleikasadicon/Downloads/SAVR_mobile-main/SAVR_frontend/node_modules/@babel/parser/lib/index.js:11081:23)
    at TypeScriptParserMixin.parseUpdate (/Users/altheazuleikasadicon/Downloads/SAVR_mobile-main/SAVR_frontend/node_modules/@babel/parser/lib/index.js:11066:21)
    at TypeScriptParserMixin.parseMaybeUnary (/Users/altheazuleikasadicon/Downloads/SAVR_mobile-main/SAVR_frontend/node_modules/@babel/parser/lib/index.js:11046:23)
    at TypeScriptParserMixin.parseMaybeUnary (/Users/altheazuleikasadicon/Downloads/SAVR_mobile-main/SAVR_frontend/node_modules/@babel/parser/lib/index.js:9837:18)
    at TypeScriptParserMixin.parseMaybeUnaryOrPrivate (/Users/altheazuleikasadicon/Downloads/SAVR_mobile-main/SAVR_frontend/node_modules/@babel/parser/lib/index.js:10899:61)
    at TypeScriptParserMixin.parseExprOps (/Users/altheazuleikasadicon/Downloads/SAVR_mobile-main/SAVR_frontend/node_modules/@babel/parser/lib/index.js:10904:23)
    at TypeScriptParserMixin.parseMaybeConditional (/Users/altheazuleikasadicon/Downloads/SAVR_mobile-main/SAVR_frontend/node_modules/@babel/parser/lib/index.js:10881:23)
    at TypeScriptParserMixin.parseMaybeAssign (/Users/altheazuleikasadicon/Downloads/SAVR_mobile-main/SAVR_frontend/node_modules/@babel/parser/lib/index.js:10831:21)
    at TypeScriptParserMixin.parseMaybeAssign (/Users/altheazuleikasadicon/Downloads/SAVR_mobile-main/SAVR_frontend/node_modules/@babel/parser/lib/index.js:9786:20)
    at TypeScriptParserMixin.parseFunctionBody (/Users/altheazuleikasadicon/Downloads/SAVR_mobile-main/SAVR_frontend/node_modules/@babel/parser/lib/index.js:12093:24)
    at TypeScriptParserMixin.parseArrowExpression (/Users/altheazuleikasadicon/Downloads/SAVR_mobile-main/SAVR_frontend/node_modules/@babel/parser/lib/index.js:12075:10)
    at TypeScriptParserMixin.parseParenAndDistinguishExpression (/Users/altheazuleikasadicon/Downloads/SAVR_mobile-main/SAVR_frontend/node_modules/@babel/parser/lib/index.js:11687:12)
    at TypeScriptParserMixin.parseExprAtom (/Users/altheazuleikasadicon/Downloads/SAVR_mobile-main/SAVR_frontend/node_modules/@babel/parser/lib/index.js:11331:23)
    at TypeScriptParserMixin.parseExprAtom (/Users/altheazuleikasadicon/Downloads/SAVR_mobile-main/SAVR_frontend/node_modules/@babel/parser/lib/index.js:4764:20)
    at TypeScriptParserMixin.parseExprSubscripts (/Users/altheazuleikasadicon/Downloads/SAVR_mobile-main/SAVR_frontend/node_modules/@babel/parser/lib/index.js:11081:23)
    at TypeScriptParserMixin.parseUpdate (/Users/altheazuleikasadicon/Downloads/SAVR_mobile-main/SAVR_frontend/node_modules/@babel/parser/lib/index.js:11066:21)
    at TypeScriptParserMixin.parseMaybeUnary (/Users/altheazuleikasadicon/Downloads/SAVR_mobile-main/SAVR_frontend/node_modules/@babel/parser/lib/index.js:11046:23)
    at TypeScriptParserMixin.parseMaybeUnary (/Users/altheazuleikasadicon/Downloads/SAVR_mobile-main/SAVR_frontend/node_modules/@babel/parser/lib/index.js:9837:18)
    at TypeScriptParserMixin.parseMaybeUnaryOrPrivate (/Users/altheazuleikasadicon/Downloads/SAVR_mobile-main/SAVR_frontend/node_modules/@babel/parser/lib/index.js:10899:61)
    at TypeScriptParserMixin.parseExprOps (/Users/altheazuleikasadicon/Downloads/SAVR_mobile-main/SAVR_frontend/node_modules/@babel/parser/lib/index.js:10904:23)
    at TypeScriptParserMixin.parseMaybeConditional (/Users/altheazuleikasadicon/Downloads/SAVR_mobile-main/SAVR_frontend/node_modules/@babel/parser/lib/index.js:10881:23)
    at TypeScriptParserMixin.parseMaybeAssign (/Users/altheazuleikasadicon/Downloads/SAVR_mobile-main/SAVR_frontend/node_modules/@babel/parser/lib/index.js:10831:21)
    at TypeScriptParserMixin.parseMaybeAssign (/Users/altheazuleikasadicon/Downloads/SAVR_mobile-main/SAVR_frontend/node_modules/@babel/parser/lib/index.js:9786:20)
    at /Users/altheazuleikasadicon/Downloads/SAVR_mobile-main/SAVR_frontend/node_modules/@babel/parser/lib/index.js:10800:39
    at TypeScriptParserMixin.allowInAnd (/Users/altheazuleikasadicon/Downloads/SAVR_mobile-main/SAVR_frontend/node_modules/@babel/parser/lib/index.js:12421:16)
    at TypeScriptParserMixin.parseMaybeAssignAllowIn (/Users/altheazuleikasadicon/Downloads/SAVR_mobile-main/SAVR_frontend/node_modules/@babel/parser/lib/index.js:10800:17)
    at TypeScriptParserMixin.parseVar (/Users/altheazuleikasadicon/Downloads/SAVR_mobile-main/SAVR_frontend/node_modules/@babel/parser/lib/index.js:13384:91)
 ERROR  [Error: TransformError SyntaxError: /Users/altheazuleikasadicon/Downloads/SAVR_mobile-main/SAVR_frontend/screens/LandingPage.tsx: Expected corresponding JSX closing tag for <ScrollView>. (251:4)

[0m [90m 249 |[39m         [33m<[39m[33mIonicons[39m name[33m=[39m[32m"arrow-forward"[39m size[33m=[39m{[35m14[39m} color[33m=[39m[32m"#1E7145"[39m [33m/[39m[33m>[39m
 [90m 250 |[39m       [33m<[39m[33m/[39m[33mTouchableOpacity[39m[33m>[39m
[31m[1m>[22m[39m[90m 251 |[39m     [33m<[39m[33m/[39m[33mView[39m[33m>[39m
 [90m     |[39m     [31m[1m^[22m[39m
 [90m 252 |[39m
 [90m 253 |[39m       {[90m/* Our Initiatives Section */[39m }
 [90m 254 |[39m   [33m<[39m[33mView[39m style[33m=[39m{styles[33m.[39minitiativesWrapper}[33m>[39m[0m]
iOS ./index.ts ░░░░░░░░░░░░░░░░  0.0% (0/1)
iOS Bundled 66ms index.ts (1 module)
 WARN  SafeAreaView has been deprecated and will be removed in a future release. Please use 'react-native-safe-area-context' instead. See https://github.com/th3rdwave/react-native-safe-area-context
 ERROR  The action 'NAVIGATE' with payload {"name":"Request"} was not handled by any navigator.

Do you have a screen named 'Request'?

If you're trying to navigate to a screen in a nested navigator, see https://reactnavigation.org/docs/nesting-navigators#navigating-to-a-screen-in-a-nested-navigator.

If you're using conditional rendering, navigation will happen automatically and you shouldn't navigate manually, see.

This is a development-only warning and won't be shown in production.
 ERROR  The action 'NAVIGATE' with payload {"name":"Track"} was not handled by any navigator.

Do you have a screen named 'Track'?

If you're trying to navigate to a screen in a nested navigator, see https://reactnavigation.org/docs/nesting-navigators#navigating-to-a-screen-in-a-nested-navigator.

If you're using conditional rendering, navigation will happen automatically and you shouldn't navigate manually, see.

This is a development-only warning and won't be shown in production.
 ERROR  The action 'RESET' with payload {"index":0,"routes":[{"name":"OrgDashboard"}]} was not handled by any navigator.

This is a development-only warning and won't be shown in production.
 ERROR  The action 'RESET' with payload {"index":0,"routes":[{"name":"OrgDashboard"}]} was not handled by any navigator.

This is a development-only warning and won't be shown in production.
 ERROR  The action 'RESET' with payload {"index":0,"routes":[{"name":"OrgDashboard"}]} was not handled by any navigator.

This is a development-only warning and won't be shown in production.
 ERROR  The action 'RESET' with payload {"index":0,"routes":[{"name":"OrgDashboard"}]} was not handled by any navigator.

This is a development-only warning and won't be shown in production.
 ERROR  The action 'RESET' with payload {"index":0,"routes":[{"name":"OrgDashboard"}]} was not handled by any navigator.

This is a development-only warning and won't be shown in production.
 ERROR  The action 'RESET' with payload {"index":0,"routes":[{"name":"OrgDashboard"}]} was not handled by any navigator.

This is a development-only warning and won't be shown in production.
 ERROR  The action 'RESET' with payload {"index":0,"routes":[{"name":"OrgDashboard"}]} was not handled by any navigator.

This is a development-only warning and won't be shown in production.
 ERROR  The action 'RESET' with payload {"index":0,"routes":[{"name":"OrgDashboard"}]} was not handled by any navigator.

This is a development-only warning and won't be shown in production.
iOS ./index.ts ░░░░░░░░░░░░░░░░  0.0% (0/1)
iOS Bundled 152ms index.ts (1 module)
 WARN  SafeAreaView has been deprecated and will be removed in a future release. Please use 'react-native-safe-area-context' instead. See https://github.com/th3rdwave/react-native-safe-area-context
 ERROR  Failed to load dashboard [AxiosError: Network Error]
 ERROR  Failed to load dashboard [AxiosError: Network Error]
 ERROR  The action 'NAVIGATE' with payload {"name":"AchievementBadges"} was not handled by any navigator.

Do you have a screen named 'AchievementBadges'?

If you're trying to navigate to a screen in a nested navigator, see https://reactnavigation.org/docs/nesting-navigators#navigating-to-a-screen-in-a-nested-navigator.

If you're using conditional rendering, navigation will happen automatically and you shouldn't navigate manually, see.

This is a development-only warning and won't be shown in production.
 ERROR  The action 'NAVIGATE' with payload {"name":"AchievementBadges"} was not handled by any navigator.

Do you have a screen named 'AchievementBadges'?

If you're trying to navigate to a screen in a nested navigator, see https://reactnavigation.org/docs/nesting-navigators#navigating-to-a-screen-in-a-nested-navigator.

If you're using conditional rendering, navigation will happen automatically and you shouldn't navigate manually, see.

This is a development-only warning and won't be shown in production.
 ERROR  The action 'NAVIGATE' with payload {"name":"Profile"} was not handled by any navigator.

Do you have a screen named 'Profile'?

If you're trying to navigate to a screen in a nested navigator, see https://reactnavigation.org/docs/nesting-navigators#navigating-to-a-screen-in-a-nested-navigator.

If you're using conditional rendering, navigation will happen automatically and you shouldn't navigate manually, see.

This is a development-only warning and won't be shown in production.
 ERROR  The action 'NAVIGATE' with payload {"name":"Profile"} was not handled by any navigator.

Do you have a screen named 'Profile'?

If you're trying to navigate to a screen in a nested navigator, see https://reactnavigation.org/docs/nesting-navigators#navigating-to-a-screen-in-a-nested-navigator.

If you're using conditional rendering, navigation will happen automatically and you shouldn't navigate manually, see.

This is a development-only warning and won't be shown in production.
 ERROR  Failed to load dashboard [AxiosError: Network Error]
 ERROR  The action 'NAVIGATE' with payload {"name":"AchievementBadges"} was not handled by any navigator.

Do you have a screen named 'AchievementBadges'?

If you're trying to navigate to a screen in a nested navigator, see https://reactnavigation.org/docs/nesting-navigators#navigating-to-a-screen-in-a-nested-navigator.

If you're using conditional rendering, navigation will happen automatically and you shouldn't navigate manually, see.

This is a development-only warning and won't be shown in production.
iOS ./index.ts ░░░░░░░░░░░░░░░░  0.0% (0/1)
iOS Bundled 60ms index.ts (1 module)
 WARN  SafeAreaView has been deprecated and will be removed in a future release. Please use 'react-native-safe-area-context' instead. See https://github.com/th3rdwave/react-native-safe-area-context
 ERROR  Failed to load dashboard [AxiosError: Network Error]
 ERROR  Failed to load dashboard [AxiosError: Network Error]
 ERROR  The action 'NAVIGATE' with payload {"name":"AchievementBadges"} was not handled by any navigator.

Do you have a screen named 'AchievementBadges'?

If you're trying to navigate to a screen in a nested navigator, see https://reactnavigation.org/docs/nesting-navigators#navigating-to-a-screen-in-a-nested-navigator.

If you're using conditional rendering, navigation will happen automatically and you shouldn't navigate manually, see.

This is a development-only warning and won't be shown in production.
 ERROR  The action 'NAVIGATE' with payload {"name":"FinancialDonation"} was not handled by any navigator.

Do you have a screen named 'FinancialDonation'?

If you're trying to navigate to a screen in a nested navigator, see https://reactnavigation.org/docs/nesting-navigators#navigating-to-a-screen-in-a-nested-navigator.

If you're using conditional rendering, navigation will happen automatically and you shouldn't navigate manually, see.

This is a development-only warning and won't be shown in production.
 ERROR  The action 'NAVIGATE' with payload {"name":"FoodDonationDetails"} was not handled by any navigator.

Do you have a screen named 'FoodDonationDetails'?

If you're trying to navigate to a screen in a nested navigator, see https://reactnavigation.org/docs/nesting-navigators#navigating-to-a-screen-in-a-nested-navigator.

If you're using conditional rendering, navigation will happen automatically and you shouldn't navigate manually, see.

This is a development-only warning and won't be shown in production.
 ERROR  [ReferenceError: Property 'progressPct' doesn't exist]
 ERROR  Failed to load dashboard [AxiosError: Network Error]
 ERROR  The action 'NAVIGATE' with payload {"name":"AchievementBadges"} was not handled by any navigator.

Do you have a screen named 'AchievementBadges'?

If you're trying to navigate to a screen in a nested navigator, see https://reactnavigation.org/docs/nesting-navigators#navigating-to-a-screen-in-a-nested-navigator.

If you're using conditional rendering, navigation will happen automatically and you shouldn't navigate manually, see.

This is a development-only warning and won't be shown in production.
 ERROR  The action 'NAVIGATE' with payload {"name":"Profile"} was not handled by any navigator.

Do you have a screen named 'Profile'?

If you're trying to navigate to a screen in a nested navigator, see https://reactnavigation.org/docs/nesting-navigators#navigating-to-a-screen-in-a-nested-navigator.

If you're using conditional rendering, navigation will happen automatically and you shouldn't navigate manually, see.

This is a development-only warning and won't be shown in production.
iOS ./index.ts ░░░░░░░░░░░░░░░░  0.0% (0/1)
iOS Bundled 68ms index.ts (1 module)
 ERROR  [runtime not ready]: ReferenceError: Property 'progressPct' doesn't exist
iOS ./index.ts ░░░░░░░░░░░░░░░░  0.0% (0/1)
iOS Bundled 177ms index.ts (1 module)
 WARN  SafeAreaView has been deprecated and will be removed in a future release. Please use 'react-native-safe-area-context' instead. See https://github.com/th3rdwave/react-native-safe-area-context
 ERROR  Failed to load dashboard [AxiosError: Network Error]
 ERROR  Failed to load dashboard [AxiosError: Network Error]
iOS ./index.ts ░░░░░░░░░░░░░░░░  0.0% (0/1)
iOS Bundled 72ms index.ts (1 module)
 WARN  SafeAreaView has been deprecated and will be removed in a future release. Please use 'react-native-safe-area-context' instead. See https://github.com/th3rdwave/react-native-safe-area-context
 ERROR  Failed to load dashboard [AxiosError: Network Error]
 ERROR  Failed to fetch pickups [AxiosError: Network Error]
 ERROR  Failed to load dashboard [AxiosError: Network Error]
 ERROR  Failed to fetch pickups [AxiosError: Network Error]
 ERROR  Failed to load dashboard [AxiosError: Network Error]
 ERROR  Failed to fetch pickups [AxiosError: timeout exceeded]
 ERROR  Failed to fetch pickups [AxiosError: timeout exceeded]
 ERROR  Activities fetch error [AxiosError: timeout exceeded]
 ERROR  Failed to fetch pickups [AxiosError: timeout exceeded]
 ERROR  Failed to fetch pickups [AxiosError: timeout exceeded]
 ERROR  Failed to fetch pickups [AxiosError: timeout exceeded]
 ERROR  Failed to load dashboard [AxiosError: Network Error]
iOS ./index.ts ░░░░░░░░░░░░░░░░  0.0% (0/1)
iOS Bundled 177ms index.ts (1 module)
 WARN  SafeAreaView has been deprecated and will be removed in a future release. Please use 'react-native-safe-area-context' instead. See https://github.com/th3rdwave/react-native-safe-area-context
iOS ./index.ts ░░░░░░░░░░░░░░░░  0.0% (0/1)
iOS Bundled 68ms index.ts (1 module)
 WARN  SafeAreaView has been deprecated and will be removed in a future release. Please use 'react-native-safe-area-context' instead. See https://github.com/th3rdwave/react-native-safe-area-context
 ERROR  [ReferenceError: Property 'Navbar' doesn't exist]
 ERROR  [ReferenceError: Property 'Navbar' doesn't exist]
iOS ./index.ts ░░░░░░░░░░░░░░░░  0.0% (0/1)
iOS Bundled 69ms index.ts (1 module)
 WARN  SafeAreaView has been deprecated and will be removed in a future release. Please use 'react-native-safe-area-context' instead. See https://github.com/th3rdwave/react-native-safe-area-context
 ERROR  Failed to load dashboard [AxiosError: Network Error]
iOS ./index.ts ░░░░░░░░░░░░░░░░  0.0% (0/1)
iOS Bundled 58ms index.ts (1 module)
 WARN  SafeAreaView has been deprecated and will be removed in a future release. Please use 'react-native-safe-area-context' instead. See https://github.com/th3rdwave/react-native-safe-area-context
 ERROR  Failed to fetch pickups [AxiosError: Network Error]
iOS ./index.ts ░░░░░░░░░░░░░░░░  0.0% (0/1)
iOS Bundled 63ms index.ts (1 module)
 WARN  SafeAreaView has been deprecated and will be removed in a future release. Please use 'react-native-safe-area-context' instead. See https://github.com/th3rdwave/react-native-safe-area-context
 ERROR  Activities fetch error [AxiosError: Network Error]
 ERROR  Failed to fetch pickups [AxiosError: timeout exceeded]
 ERROR  Failed to fetch pickups [AxiosError: timeout exceeded]
iOS ./index.ts ░░░░░░░░░░░░░░░░  0.0% (0/1)
iOS Bundled 69ms index.ts (1 module)
 WARN  SafeAreaView has been deprecated and will be removed in a future release. Please use 'react-native-safe-area-context' instead. See https://github.com/th3rdwave/react-native-safe-area-context
 ERROR  Failed to fetch pickups [AxiosError: Network Error]
 ERROR  Failed to fetch pickups [AxiosError: Network Error]
 ERROR  Activities fetch error [AxiosError: timeout exceeded]
 ERROR  Failed to fetch pickups [AxiosError: timeout exceeded]
 ERROR  Failed to fetch pickups [AxiosError: timeout exceeded]
 ERROR  Failed to fetch pickups [AxiosError: timeout exceeded]
 ERROR  Failed to fetch pickups [AxiosError: timeout exceeded]
iOS ./index.ts ░░░░░░░░░░░░░░░░  0.0% (0/1)
iOS Bundled 65ms index.ts (1 module)
 WARN  SafeAreaView has been deprecated and will be removed in a future release. Please use 'react-native-safe-area-context' instead. See https://github.com/th3rdwave/react-native-safe-area-context
iOS ./index.ts ░░░░░░░░░░░░░░░░  0.0% (0/1)
iOS Bundled 62ms index.ts (1 module)
 WARN  SafeAreaView has been deprecated and will be removed in a future release. Please use 'react-native-safe-area-context' instead. See https://github.com/th3rdwave/react-native-safe-area-context
iOS ./index.ts ░░░░░░░░░░░░░░░░  0.0% (0/1)
iOS Bundled 59ms index.ts (1 module)
 WARN  SafeAreaView has been deprecated and will be removed in a future release. Please use 'react-native-safe-area-context' instead. See https://github.com/th3rdwave/react-native-safe-area-context
Unable to resolve "../assets/image/logowhite.png" from "screens/LandingPage.tsx"
[0m [90m 158 |[39m           [33m<[39m[33mView[39m style[33m=[39m{styles[33m.[39mlogoContainer}[33m>[39m
 [90m 159 |[39m             [33m<[39m[33mImage[39m
[31m[1m>[22m[39m[90m 160 |[39m               source[33m=[39m{require([32m'../assets/image/logowhite.png'[39m)}
 [90m     |[39m                                [31m[1m^[22m[39m
 [90m 161 |[39m               style[33m=[39m{{ width[33m:[39m [35m150[39m[33m,[39m height[33m:[39m [35m50[39m }}
 [90m 162 |[39m               resizeMode[33m=[39m[32m"contain"[39m
 [90m 163 |[39m             [33m/[39m[33m>[39m[0m

Import stack:

 screens/LandingPage.tsx
 | import "../assets/image/logowhite.png"

 
 | import "./screens/LandingPage"

 ERROR  [Error: UnableToResolveError Unable to resolve module ../assets/image/logowhite.png from /Users/altheazuleikasadicon/Downloads/SAVR_mobile-main/SAVR_frontend/screens/LandingPage.tsx: 

None of these files exist:
  * logowhite.png
  * assets/image/logowhite.png
[0m [90m 158 |[39m           [33m<[39m[33mView[39m style[33m=[39m{styles[33m.[39mlogoContainer}[33m>[39m
 [90m 159 |[39m             [33m<[39m[33mImage[39m
[31m[1m>[22m[39m[90m 160 |[39m               source[33m=[39m{require([32m'../assets/image/logowhite.png'[39m)}
 [90m     |[39m                                [31m[1m^[22m[39m
 [90m 161 |[39m               style[33m=[39m{{ width[33m:[39m [35m150[39m[33m,[39m height[33m:[39m [35m50[39m }}
 [90m 162 |[39m               resizeMode[33m=[39m[32m"contain"[39m
 [90m 163 |[39m             [33m/[39m[33m>[39m[0m]
 ERROR  SyntaxError: /Users/altheazuleikasadicon/Downloads/SAVR_mobile-main/SAVR_frontend/screens/LandingPage.tsx: Unexpected token, expected "," (592:0)

  590 |   height: 30,
  591 | }
> 592 | });
      | ^
  593 |
    at constructor (/Users/altheazuleikasadicon/Downloads/SAVR_mobile-main/SAVR_frontend/node_modules/@babel/parser/lib/index.js:365:19)
    at TypeScriptParserMixin.raise (/Users/altheazuleikasadicon/Downloads/SAVR_mobile-main/SAVR_frontend/node_modules/@babel/parser/lib/index.js:6599:19)
    at TypeScriptParserMixin.unexpected (/Users/altheazuleikasadicon/Downloads/SAVR_mobile-main/SAVR_frontend/node_modules/@babel/parser/lib/index.js:6619:16)
    at TypeScriptParserMixin.expect (/Users/altheazuleikasadicon/Downloads/SAVR_mobile-main/SAVR_frontend/node_modules/@babel/parser/lib/index.js:6899:12)
    at TypeScriptParserMixin.parseCallExpressionArguments (/Users/altheazuleikasadicon/Downloads/SAVR_mobile-main/SAVR_frontend/node_modules/@babel/parser/lib/index.js:11243:14)
    at TypeScriptParserMixin.parseCoverCallAndAsyncArrowHead (/Users/altheazuleikasadicon/Downloads/SAVR_mobile-main/SAVR_frontend/node_modules/@babel/parser/lib/index.js:11186:29)
    at TypeScriptParserMixin.parseSubscript (/Users/altheazuleikasadicon/Downloads/SAVR_mobile-main/SAVR_frontend/node_modules/@babel/parser/lib/index.js:11120:19)
    at TypeScriptParserMixin.parseSubscript (/Users/altheazuleikasadicon/Downloads/SAVR_mobile-main/SAVR_frontend/node_modules/@babel/parser/lib/index.js:9272:18)
    at TypeScriptParserMixin.parseSubscripts (/Users/altheazuleikasadicon/Downloads/SAVR_mobile-main/SAVR_frontend/node_modules/@babel/parser/lib/index.js:11094:19)
    at TypeScriptParserMixin.parseExprSubscripts (/Users/altheazuleikasadicon/Downloads/SAVR_mobile-main/SAVR_frontend/node_modules/@babel/parser/lib/index.js:11085:17)
    at TypeScriptParserMixin.parseUpdate (/Users/altheazuleikasadicon/Downloads/SAVR_mobile-main/SAVR_frontend/node_modules/@babel/parser/lib/index.js:11066:21)
    at TypeScriptParserMixin.parseMaybeUnary (/Users/altheazuleikasadicon/Downloads/SAVR_mobile-main/SAVR_frontend/node_modules/@babel/parser/lib/index.js:11046:23)
    at TypeScriptParserMixin.parseMaybeUnary (/Users/altheazuleikasadicon/Downloads/SAVR_mobile-main/SAVR_frontend/node_modules/@babel/parser/lib/index.js:9837:18)
    at TypeScriptParserMixin.parseMaybeUnaryOrPrivate (/Users/altheazuleikasadicon/Downloads/SAVR_mobile-main/SAVR_frontend/node_modules/@babel/parser/lib/index.js:10899:61)
    at TypeScriptParserMixin.parseExprOps (/Users/altheazuleikasadicon/Downloads/SAVR_mobile-main/SAVR_frontend/node_modules/@babel/parser/lib/index.js:10904:23)
    at TypeScriptParserMixin.parseMaybeConditional (/Users/altheazuleikasadicon/Downloads/SAVR_mobile-main/SAVR_frontend/node_modules/@babel/parser/lib/index.js:10881:23)
    at TypeScriptParserMixin.parseMaybeAssign (/Users/altheazuleikasadicon/Downloads/SAVR_mobile-main/SAVR_frontend/node_modules/@babel/parser/lib/index.js:10831:21)
    at TypeScriptParserMixin.parseMaybeAssign (/Users/altheazuleikasadicon/Downloads/SAVR_mobile-main/SAVR_frontend/node_modules/@babel/parser/lib/index.js:9786:20)
    at /Users/altheazuleikasadicon/Downloads/SAVR_mobile-main/SAVR_frontend/node_modules/@babel/parser/lib/index.js:10800:39
    at TypeScriptParserMixin.allowInAnd (/Users/altheazuleikasadicon/Downloads/SAVR_mobile-main/SAVR_frontend/node_modules/@babel/parser/lib/index.js:12421:16)
    at TypeScriptParserMixin.parseMaybeAssignAllowIn (/Users/altheazuleikasadicon/Downloads/SAVR_mobile-main/SAVR_frontend/node_modules/@babel/parser/lib/index.js:10800:17)
    at TypeScriptParserMixin.parseVar (/Users/altheazuleikasadicon/Downloads/SAVR_mobile-main/SAVR_frontend/node_modules/@babel/parser/lib/index.js:13384:91)
    at TypeScriptParserMixin.parseVarStatement (/Users/altheazuleikasadicon/Downloads/SAVR_mobile-main/SAVR_frontend/node_modules/@babel/parser/lib/index.js:13230:10)
    at TypeScriptParserMixin.parseVarStatement (/Users/altheazuleikasadicon/Downloads/SAVR_mobile-main/SAVR_frontend/node_modules/@babel/parser/lib/index.js:9408:31)
    at TypeScriptParserMixin.parseStatementContent (/Users/altheazuleikasadicon/Downloads/SAVR_mobile-main/SAVR_frontend/node_modules/@babel/parser/lib/index.js:12851:23)
    at TypeScriptParserMixin.parseStatementContent (/Users/altheazuleikasadicon/Downloads/SAVR_mobile-main/SAVR_frontend/node_modules/@babel/parser/lib/index.js:9508:18)
    at TypeScriptParserMixin.parseStatementLike (/Users/altheazuleikasadicon/Downloads/SAVR_mobile-main/SAVR_frontend/node_modules/@babel/parser/lib/index.js:12767:17)
    at TypeScriptParserMixin.parseModuleItem (/Users/altheazuleikasadicon/Downloads/SAVR_mobile-main/SAVR_frontend/node_modules/@babel/parser/lib/index.js:12744:17)
    at TypeScriptParserMixin.parseBlockOrModuleBlockBody (/Users/altheazuleikasadicon/Downloads/SAVR_mobile-main/SAVR_frontend/node_modules/@babel/parser/lib/index.js:13316:36)
    at TypeScriptParserMixin.parseBlockBody (/Users/altheazuleikasadicon/Downloads/SAVR_mobile-main/SAVR_frontend/node_modules/@babel/parser/lib/index.js:13309:10)
    at TypeScriptParserMixin.parseProgram (/Users/altheazuleikasadicon/Downloads/SAVR_mobile-main/SAVR_frontend/node_modules/@babel/parser/lib/index.js:12622:10)
    at TypeScriptParserMixin.parseTopLevel (/Users/altheazuleikasadicon/Downloads/SAVR_mobile-main/SAVR_frontend/node_modules/@babel/parser/lib/index.js:12612:25)
    at TypeScriptParserMixin.parse (/Users/altheazuleikasadicon/Downloads/SAVR_mobile-main/SAVR_frontend/node_modules/@babel/parser/lib/index.js:14488:25)
    at TypeScriptParserMixin.parse (/Users/altheazuleikasadicon/Downloads/SAVR_mobile-main/SAVR_frontend/node_modules/@babel/parser/lib/index.js:10126:18)
    at parse (/Users/altheazuleikasadicon/Downloads/SAVR_mobile-main/SAVR_frontend/node_modules/@babel/parser/lib/index.js:14501:26)
    at parser (/Users/altheazuleikasadicon/Downloads/SAVR_mobile-main/SAVR_frontend/node_modules/@babel/core/lib/parser/index.js:41:34)
    at parser.next (<anonymous>)
    at normalizeFile (/Users/altheazuleikasadicon/Downloads/SAVR_mobile-main/SAVR_frontend/node_modules/@babel/core/lib/transformation/normalize-file.js:64:37)
    at normalizeFile.next (<anonymous>)
    at run (/Users/altheazuleikasadicon/Downloads/SAVR_mobile-main/SAVR_frontend/node_modules/@babel/core/lib/transformation/index.js:22:50)
    at run.next (<anonymous>)
    at transform (/Users/altheazuleikasadicon/Downloads/SAVR_mobile-main/SAVR_frontend/node_modules/@babel/core/lib/transform.js:22:33)
    at transform.next (<anonymous>)
    at evaluateSync (/Users/altheazuleikasadicon/Downloads/SAVR_mobile-main/SAVR_frontend/node_modules/gensync/index.js:251:28)
    at sync (/Users/altheazuleikasadicon/Downloads/SAVR_mobile-main/SAVR_frontend/node_modules/gensync/index.js:89:14)
    at stopHiding - secret - don't use this - v1 (/Users/altheazuleikasadicon/Downloads/SAVR_mobile-main/SAVR_frontend/node_modules/@babel/core/lib/errors/rewrite-stack-trace.js:47:12)
    at Object.transformSync (/Users/altheazuleikasadicon/Downloads/SAVR_mobile-main/SAVR_frontend/node_modules/@babel/core/lib/transform.js:40:76)
    at parseWithBabel (/Users/altheazuleikasadicon/Downloads/SAVR_mobile-main/SAVR_frontend/node_modules/@expo/metro-config/build/transformSync.js:75:18)
    at transformSync (/Users/altheazuleikasadicon/Downloads/SAVR_mobile-main/SAVR_frontend/node_modules/@expo/metro-config/build/transformSync.js:54:16)
    at Object.transform (/Users/altheazuleikasadicon/Downloads/SAVR_mobile-main/SAVR_frontend/node_modules/@expo/metro-config/build/babel-transformer.js:127:58)
 ERROR  [Error: TransformError SyntaxError: /Users/altheazuleikasadicon/Downloads/SAVR_mobile-main/SAVR_frontend/screens/LandingPage.tsx: Unexpected token, expected "," (592:0)

[0m [90m 590 |[39m   height[33m:[39m [35m30[39m[33m,[39m
 [90m 591 |[39m }
[31m[1m>[22m[39m[90m 592 |[39m })[33m;[39m
 [90m     |[39m [31m[1m^[22m[39m
 [90m 593 |[39m[0m]
Unable to resolve "../assets/image/logo.png" from "screens/LandingPage.tsx"
[0m [90m 158 |[39m           [33m<[39m[33mView[39m style[33m=[39m{styles[33m.[39mlogoContainer}[33m>[39m
 [90m 159 |[39m             [33m<[39m[33mImage[39m 
[31m[1m>[22m[39m[90m 160 |[39m               source[33m=[39m{require([32m'../assets/image/logo.png'[39m)} 
 [90m     |[39m                                [31m[1m^[22m[39m
 [90m 161 |[39m               style[33m=[39m{{ width[33m:[39m [35m150[39m[33m,[39m height[33m:[39m [35m50[39m }} 
 [90m 162 |[39m               resizeMode[33m=[39m[32m"contain"[39m 
 [90m 163 |[39m             [33m/[39m[33m>[39m[0m

Import stack:

 screens/LandingPage.tsx
 | import "../assets/image/logo.png"

 
 | import "./screens/LandingPage"

 ERROR  [Error: UnableToResolveError Unable to resolve module ../assets/image/logo.png from /Users/altheazuleikasadicon/Downloads/SAVR_mobile-main/SAVR_frontend/screens/LandingPage.tsx: 

None of these files exist:
  * logo.png
  * assets/image/logo.png
[0m [90m 158 |[39m           [33m<[39m[33mView[39m style[33m=[39m{styles[33m.[39mlogoContainer}[33m>[39m
 [90m 159 |[39m             [33m<[39m[33mImage[39m 
[31m[1m>[22m[39m[90m 160 |[39m               source[33m=[39m{require([32m'../assets/image/logo.png'[39m)} 
 [90m     |[39m                                [31m[1m^[22m[39m
 [90m 161 |[39m               style[33m=[39m{{ width[33m:[39m [35m150[39m[33m,[39m height[33m:[39m [35m50[39m }} 
 [90m 162 |[39m               resizeMode[33m=[39m[32m"contain"[39m 
 [90m 163 |[39m             [33m/[39m[33m>[39m[0m]
 ERROR  SyntaxError: /Users/altheazuleikasadicon/Downloads/SAVR_mobile-main/SAVR_frontend/screens/LandingPage.tsx: Unexpected token, expected "," (592:0)

  590 |     height: 30,
  591 |   }
> 592 | });
      | ^
  593 |
    at constructor (/Users/altheazuleikasadicon/Downloads/SAVR_mobile-main/SAVR_frontend/node_modules/@babel/parser/lib/index.js:365:19)
    at TypeScriptParserMixin.raise (/Users/altheazuleikasadicon/Downloads/SAVR_mobile-main/SAVR_frontend/node_modules/@babel/parser/lib/index.js:6599:19)
    at TypeScriptParserMixin.unexpected (/Users/altheazuleikasadicon/Downloads/SAVR_mobile-main/SAVR_frontend/node_modules/@babel/parser/lib/index.js:6619:16)
    at TypeScriptParserMixin.expect (/Users/altheazuleikasadicon/Downloads/SAVR_mobile-main/SAVR_frontend/node_modules/@babel/parser/lib/index.js:6899:12)
    at TypeScriptParserMixin.parseCallExpressionArguments (/Users/altheazuleikasadicon/Downloads/SAVR_mobile-main/SAVR_frontend/node_modules/@babel/parser/lib/index.js:11243:14)
    at TypeScriptParserMixin.parseCoverCallAndAsyncArrowHead (/Users/altheazuleikasadicon/Downloads/SAVR_mobile-main/SAVR_frontend/node_modules/@babel/parser/lib/index.js:11186:29)
    at TypeScriptParserMixin.parseSubscript (/Users/altheazuleikasadicon/Downloads/SAVR_mobile-main/SAVR_frontend/node_modules/@babel/parser/lib/index.js:11120:19)
    at TypeScriptParserMixin.parseSubscript (/Users/altheazuleikasadicon/Downloads/SAVR_mobile-main/SAVR_frontend/node_modules/@babel/parser/lib/index.js:9272:18)
    at TypeScriptParserMixin.parseSubscripts (/Users/altheazuleikasadicon/Downloads/SAVR_mobile-main/SAVR_frontend/node_modules/@babel/parser/lib/index.js:11094:19)
    at TypeScriptParserMixin.parseExprSubscripts (/Users/altheazuleikasadicon/Downloads/SAVR_mobile-main/SAVR_frontend/node_modules/@babel/parser/lib/index.js:11085:17)
    at TypeScriptParserMixin.parseUpdate (/Users/altheazuleikasadicon/Downloads/SAVR_mobile-main/SAVR_frontend/node_modules/@babel/parser/lib/index.js:11066:21)
    at TypeScriptParserMixin.parseMaybeUnary (/Users/altheazuleikasadicon/Downloads/SAVR_mobile-main/SAVR_frontend/node_modules/@babel/parser/lib/index.js:11046:23)
    at TypeScriptParserMixin.parseMaybeUnary (/Users/altheazuleikasadicon/Downloads/SAVR_mobile-main/SAVR_frontend/node_modules/@babel/parser/lib/index.js:9837:18)
    at TypeScriptParserMixin.parseMaybeUnaryOrPrivate (/Users/altheazuleikasadicon/Downloads/SAVR_mobile-main/SAVR_frontend/node_modules/@babel/parser/lib/index.js:10899:61)
    at TypeScriptParserMixin.parseExprOps (/Users/altheazuleikasadicon/Downloads/SAVR_mobile-main/SAVR_frontend/node_modules/@babel/parser/lib/index.js:10904:23)
    at TypeScriptParserMixin.parseMaybeConditional (/Users/altheazuleikasadicon/Downloads/SAVR_mobile-main/SAVR_frontend/node_modules/@babel/parser/lib/index.js:10881:23)
    at TypeScriptParserMixin.parseMaybeAssign (/Users/altheazuleikasadicon/Downloads/SAVR_mobile-main/SAVR_frontend/node_modules/@babel/parser/lib/index.js:10831:21)
    at TypeScriptParserMixin.parseMaybeAssign (/Users/altheazuleikasadicon/Downloads/SAVR_mobile-main/SAVR_frontend/node_modules/@babel/parser/lib/index.js:9786:20)
    at /Users/altheazuleikasadicon/Downloads/SAVR_mobile-main/SAVR_frontend/node_modules/@babel/parser/lib/index.js:10800:39
    at TypeScriptParserMixin.allowInAnd (/Users/altheazuleikasadicon/Downloads/SAVR_mobile-main/SAVR_frontend/node_modules/@babel/parser/lib/index.js:12421:16)
    at TypeScriptParserMixin.parseMaybeAssignAllowIn (/Users/altheazuleikasadicon/Downloads/SAVR_mobile-main/SAVR_frontend/node_modules/@babel/parser/lib/index.js:10800:17)
    at TypeScriptParserMixin.parseVar (/Users/altheazuleikasadicon/Downloads/SAVR_mobile-main/SAVR_frontend/node_modules/@babel/parser/lib/index.js:13384:91)
    at TypeScriptParserMixin.parseVarStatement (/Users/altheazuleikasadicon/Downloads/SAVR_mobile-main/SAVR_frontend/node_modules/@babel/parser/lib/index.js:13230:10)
    at TypeScriptParserMixin.parseVarStatement (/Users/altheazuleikasadicon/Downloads/SAVR_mobile-main/SAVR_frontend/node_modules/@babel/parser/lib/index.js:9408:31)
    at TypeScriptParserMixin.parseStatementContent (/Users/altheazuleikasadicon/Downloads/SAVR_mobile-main/SAVR_frontend/node_modules/@babel/parser/lib/index.js:12851:23)
    at TypeScriptParserMixin.parseStatementContent (/Users/altheazuleikasadicon/Downloads/SAVR_mobile-main/SAVR_frontend/node_modules/@babel/parser/lib/index.js:9508:18)
    at TypeScriptParserMixin.parseStatementLike (/Users/altheazuleikasadicon/Downloads/SAVR_mobile-main/SAVR_frontend/node_modules/@babel/parser/lib/index.js:12767:17)
    at TypeScriptParserMixin.parseModuleItem (/Users/altheazuleikasadicon/Downloads/SAVR_mobile-main/SAVR_frontend/node_modules/@babel/parser/lib/index.js:12744:17)
    at TypeScriptParserMixin.parseBlockOrModuleBlockBody (/Users/altheazuleikasadicon/Downloads/SAVR_mobile-main/SAVR_frontend/node_modules/@babel/parser/lib/index.js:13316:36)
    at TypeScriptParserMixin.parseBlockBody (/Users/altheazuleikasadicon/Downloads/SAVR_mobile-main/SAVR_frontend/node_modules/@babel/parser/lib/index.js:13309:10)
    at TypeScriptParserMixin.parseProgram (/Users/altheazuleikasadicon/Downloads/SAVR_mobile-main/SAVR_frontend/node_modules/@babel/parser/lib/index.js:12622:10)
    at TypeScriptParserMixin.parseTopLevel (/Users/altheazuleikasadicon/Downloads/SAVR_mobile-main/SAVR_frontend/node_modules/@babel/parser/lib/index.js:12612:25)
    at TypeScriptParserMixin.parse (/Users/altheazuleikasadicon/Downloads/SAVR_mobile-main/SAVR_frontend/node_modules/@babel/parser/lib/index.js:14488:25)
    at TypeScriptParserMixin.parse (/Users/altheazuleikasadicon/Downloads/SAVR_mobile-main/SAVR_frontend/node_modules/@babel/parser/lib/index.js:10126:18)
    at parse (/Users/altheazuleikasadicon/Downloads/SAVR_mobile-main/SAVR_frontend/node_modules/@babel/parser/lib/index.js:14501:26)
    at parser (/Users/altheazuleikasadicon/Downloads/SAVR_mobile-main/SAVR_frontend/node_modules/@babel/core/lib/parser/index.js:41:34)
    at parser.next (<anonymous>)
    at normalizeFile (/Users/altheazuleikasadicon/Downloads/SAVR_mobile-main/SAVR_frontend/node_modules/@babel/core/lib/transformation/normalize-file.js:64:37)
    at normalizeFile.next (<anonymous>)
    at run (/Users/altheazuleikasadicon/Downloads/SAVR_mobile-main/SAVR_frontend/node_modules/@babel/core/lib/transformation/index.js:22:50)
    at run.next (<anonymous>)
    at transform (/Users/altheazuleikasadicon/Downloads/SAVR_mobile-main/SAVR_frontend/node_modules/@babel/core/lib/transform.js:22:33)
    at transform.next (<anonymous>)
    at evaluateSync (/Users/altheazuleikasadicon/Downloads/SAVR_mobile-main/SAVR_frontend/node_modules/gensync/index.js:251:28)
    at sync (/Users/altheazuleikasadicon/Downloads/SAVR_mobile-main/SAVR_frontend/node_modules/gensync/index.js:89:14)
    at stopHiding - secret - don't use this - v1 (/Users/altheazuleikasadicon/Downloads/SAVR_mobile-main/SAVR_frontend/node_modules/@babel/core/lib/errors/rewrite-stack-trace.js:47:12)
    at Object.transformSync (/Users/altheazuleikasadicon/Downloads/SAVR_mobile-main/SAVR_frontend/node_modules/@babel/core/lib/transform.js:40:76)
    at parseWithBabel (/Users/altheazuleikasadicon/Downloads/SAVR_mobile-main/SAVR_frontend/node_modules/@expo/metro-config/build/transformSync.js:75:18)
    at transformSync (/Users/altheazuleikasadicon/Downloads/SAVR_mobile-main/SAVR_frontend/node_modules/@expo/metro-config/build/transformSync.js:54:16)
    at Object.transform (/Users/altheazuleikasadicon/Downloads/SAVR_mobile-main/SAVR_frontend/node_modules/@expo/metro-config/build/babel-transformer.js:127:58)
 ERROR  [Error: TransformError SyntaxError: /Users/altheazuleikasadicon/Downloads/SAVR_mobile-main/SAVR_frontend/screens/LandingPage.tsx: Unexpected token, expected "," (592:0)

[0m [90m 590 |[39m     height[33m:[39m [35m30[39m[33m,[39m
 [90m 591 |[39m   }
[31m[1m>[22m[39m[90m 592 |[39m })[33m;[39m
 [90m     |[39m [31m[1m^[22m[39m
 [90m 593 |[39m[0m]
 ERROR  SyntaxError: /Users/altheazuleikasadicon/Downloads/SAVR_mobile-main/SAVR_frontend/screens/LandingPage.tsx: Unexpected token, expected "," (593:0)

  591 |     height: 30,
  592 |   }
> 593 | });
      | ^
  594 |
    at constructor (/Users/altheazuleikasadicon/Downloads/SAVR_mobile-main/SAVR_frontend/node_modules/@babel/parser/lib/index.js:365:19)
    at TypeScriptParserMixin.raise (/Users/altheazuleikasadicon/Downloads/SAVR_mobile-main/SAVR_frontend/node_modules/@babel/parser/lib/index.js:6599:19)
    at TypeScriptParserMixin.unexpected (/Users/altheazuleikasadicon/Downloads/SAVR_mobile-main/SAVR_frontend/node_modules/@babel/parser/lib/index.js:6619:16)
    at TypeScriptParserMixin.expect (/Users/altheazuleikasadicon/Downloads/SAVR_mobile-main/SAVR_frontend/node_modules/@babel/parser/lib/index.js:6899:12)
    at TypeScriptParserMixin.parseCallExpressionArguments (/Users/altheazuleikasadicon/Downloads/SAVR_mobile-main/SAVR_frontend/node_modules/@babel/parser/lib/index.js:11243:14)
    at TypeScriptParserMixin.parseCoverCallAndAsyncArrowHead (/Users/altheazuleikasadicon/Downloads/SAVR_mobile-main/SAVR_frontend/node_modules/@babel/parser/lib/index.js:11186:29)
    at TypeScriptParserMixin.parseSubscript (/Users/altheazuleikasadicon/Downloads/SAVR_mobile-main/SAVR_frontend/node_modules/@babel/parser/lib/index.js:11120:19)
    at TypeScriptParserMixin.parseSubscript (/Users/altheazuleikasadicon/Downloads/SAVR_mobile-main/SAVR_frontend/node_modules/@babel/parser/lib/index.js:9272:18)
    at TypeScriptParserMixin.parseSubscripts (/Users/altheazuleikasadicon/Downloads/SAVR_mobile-main/SAVR_frontend/node_modules/@babel/parser/lib/index.js:11094:19)
    at TypeScriptParserMixin.parseExprSubscripts (/Users/altheazuleikasadicon/Downloads/SAVR_mobile-main/SAVR_frontend/node_modules/@babel/parser/lib/index.js:11085:17)
    at TypeScriptParserMixin.parseUpdate (/Users/altheazuleikasadicon/Downloads/SAVR_mobile-main/SAVR_frontend/node_modules/@babel/parser/lib/index.js:11066:21)
    at TypeScriptParserMixin.parseMaybeUnary (/Users/altheazuleikasadicon/Downloads/SAVR_mobile-main/SAVR_frontend/node_modules/@babel/parser/lib/index.js:11046:23)
    at TypeScriptParserMixin.parseMaybeUnary (/Users/altheazuleikasadicon/Downloads/SAVR_mobile-main/SAVR_frontend/node_modules/@babel/parser/lib/index.js:9837:18)
    at TypeScriptParserMixin.parseMaybeUnaryOrPrivate (/Users/altheazuleikasadicon/Downloads/SAVR_mobile-main/SAVR_frontend/node_modules/@babel/parser/lib/index.js:10899:61)
    at TypeScriptParserMixin.parseExprOps (/Users/altheazuleikasadicon/Downloads/SAVR_mobile-main/SAVR_frontend/node_modules/@babel/parser/lib/index.js:10904:23)
    at TypeScriptParserMixin.parseMaybeConditional (/Users/altheazuleikasadicon/Downloads/SAVR_mobile-main/SAVR_frontend/node_modules/@babel/parser/lib/index.js:10881:23)
    at TypeScriptParserMixin.parseMaybeAssign (/Users/altheazuleikasadicon/Downloads/SAVR_mobile-main/SAVR_frontend/node_modules/@babel/parser/lib/index.js:10831:21)
    at TypeScriptParserMixin.parseMaybeAssign (/Users/altheazuleikasadicon/Downloads/SAVR_mobile-main/SAVR_frontend/node_modules/@babel/parser/lib/index.js:9786:20)
    at /Users/altheazuleikasadicon/Downloads/SAVR_mobile-main/SAVR_frontend/node_modules/@babel/parser/lib/index.js:10800:39
    at TypeScriptParserMixin.allowInAnd (/Users/altheazuleikasadicon/Downloads/SAVR_mobile-main/SAVR_frontend/node_modules/@babel/parser/lib/index.js:12421:16)
    at TypeScriptParserMixin.parseMaybeAssignAllowIn (/Users/altheazuleikasadicon/Downloads/SAVR_mobile-main/SAVR_frontend/node_modules/@babel/parser/lib/index.js:10800:17)
    at TypeScriptParserMixin.parseVar (/Users/altheazuleikasadicon/Downloads/SAVR_mobile-main/SAVR_frontend/node_modules/@babel/parser/lib/index.js:13384:91)
    at TypeScriptParserMixin.parseVarStatement (/Users/altheazuleikasadicon/Downloads/SAVR_mobile-main/SAVR_frontend/node_modules/@babel/parser/lib/index.js:13230:10)
    at TypeScriptParserMixin.parseVarStatement (/Users/altheazuleikasadicon/Downloads/SAVR_mobile-main/SAVR_frontend/node_modules/@babel/parser/lib/index.js:9408:31)
    at TypeScriptParserMixin.parseStatementContent (/Users/altheazuleikasadicon/Downloads/SAVR_mobile-main/SAVR_frontend/node_modules/@babel/parser/lib/index.js:12851:23)
    at TypeScriptParserMixin.parseStatementContent (/Users/altheazuleikasadicon/Downloads/SAVR_mobile-main/SAVR_frontend/node_modules/@babel/parser/lib/index.js:9508:18)
    at TypeScriptParserMixin.parseStatementLike (/Users/altheazuleikasadicon/Downloads/SAVR_mobile-main/SAVR_frontend/node_modules/@babel/parser/lib/index.js:12767:17)
    at TypeScriptParserMixin.parseModuleItem (/Users/altheazuleikasadicon/Downloads/SAVR_mobile-main/SAVR_frontend/node_modules/@babel/parser/lib/index.js:12744:17)
    at TypeScriptParserMixin.parseBlockOrModuleBlockBody (/Users/altheazuleikasadicon/Downloads/SAVR_mobile-main/SAVR_frontend/node_modules/@babel/parser/lib/index.js:13316:36)
    at TypeScriptParserMixin.parseBlockBody (/Users/altheazuleikasadicon/Downloads/SAVR_mobile-main/SAVR_frontend/node_modules/@babel/parser/lib/index.js:13309:10)
    at TypeScriptParserMixin.parseProgram (/Users/altheazuleikasadicon/Downloads/SAVR_mobile-main/SAVR_frontend/node_modules/@babel/parser/lib/index.js:12622:10)
    at TypeScriptParserMixin.parseTopLevel (/Users/altheazuleikasadicon/Downloads/SAVR_mobile-main/SAVR_frontend/node_modules/@babel/parser/lib/index.js:12612:25)
    at TypeScriptParserMixin.parse (/Users/altheazuleikasadicon/Downloads/SAVR_mobile-main/SAVR_frontend/node_modules/@babel/parser/lib/index.js:14488:25)
    at TypeScriptParserMixin.parse (/Users/altheazuleikasadicon/Downloads/SAVR_mobile-main/SAVR_frontend/node_modules/@babel/parser/lib/index.js:10126:18)
    at parse (/Users/altheazuleikasadicon/Downloads/SAVR_mobile-main/SAVR_frontend/node_modules/@babel/parser/lib/index.js:14501:26)
    at parser (/Users/altheazuleikasadicon/Downloads/SAVR_mobile-main/SAVR_frontend/node_modules/@babel/core/lib/parser/index.js:41:34)
    at parser.next (<anonymous>)
    at normalizeFile (/Users/altheazuleikasadicon/Downloads/SAVR_mobile-main/SAVR_frontend/node_modules/@babel/core/lib/transformation/normalize-file.js:64:37)
    at normalizeFile.next (<anonymous>)
    at run (/Users/altheazuleikasadicon/Downloads/SAVR_mobile-main/SAVR_frontend/node_modules/@babel/core/lib/transformation/index.js:22:50)
    at run.next (<anonymous>)
    at transform (/Users/altheazuleikasadicon/Downloads/SAVR_mobile-main/SAVR_frontend/node_modules/@babel/core/lib/transform.js:22:33)
    at transform.next (<anonymous>)
    at evaluateSync (/Users/altheazuleikasadicon/Downloads/SAVR_mobile-main/SAVR_frontend/node_modules/gensync/index.js:251:28)
    at sync (/Users/altheazuleikasadicon/Downloads/SAVR_mobile-main/SAVR_frontend/node_modules/gensync/index.js:89:14)
    at stopHiding - secret - don't use this - v1 (/Users/altheazuleikasadicon/Downloads/SAVR_mobile-main/SAVR_frontend/node_modules/@babel/core/lib/errors/rewrite-stack-trace.js:47:12)
    at Object.transformSync (/Users/altheazuleikasadicon/Downloads/SAVR_mobile-main/SAVR_frontend/node_modules/@babel/core/lib/transform.js:40:76)
    at parseWithBabel (/Users/altheazuleikasadicon/Downloads/SAVR_mobile-main/SAVR_frontend/node_modules/@expo/metro-config/build/transformSync.js:75:18)
    at transformSync (/Users/altheazuleikasadicon/Downloads/SAVR_mobile-main/SAVR_frontend/node_modules/@expo/metro-config/build/transformSync.js:54:16)
    at Object.transform (/Users/altheazuleikasadicon/Downloads/SAVR_mobile-main/SAVR_frontend/node_modules/@expo/metro-config/build/babel-transformer.js:127:58)
 ERROR  [Error: TransformError SyntaxError: /Users/altheazuleikasadicon/Downloads/SAVR_mobile-main/SAVR_frontend/screens/LandingPage.tsx: Unexpected token, expected "," (593:0)

[0m [90m 591 |[39m     height[33m:[39m [35m30[39m[33m,[39m
 [90m 592 |[39m   }
[31m[1m>[22m[39m[90m 593 |[39m })[33m;[39m
 [90m     |[39m [31m[1m^[22m[39m
 [90m 594 |[39m[0m]
 ERROR  SyntaxError: /Users/altheazuleikasadicon/Downloads/SAVR_mobile-main/SAVR_frontend/screens/LandingPage.tsx: Unexpected token, expected "," (593:0)

  591 |     height: 30,
  592 |   }
> 593 | });
      | ^
  594 |
    at constructor (/Users/altheazuleikasadicon/Downloads/SAVR_mobile-main/SAVR_frontend/node_modules/@babel/parser/lib/index.js:365:19)
    at TypeScriptParserMixin.raise (/Users/altheazuleikasadicon/Downloads/SAVR_mobile-main/SAVR_frontend/node_modules/@babel/parser/lib/index.js:6599:19)
    at TypeScriptParserMixin.unexpected (/Users/altheazuleikasadicon/Downloads/SAVR_mobile-main/SAVR_frontend/node_modules/@babel/parser/lib/index.js:6619:16)
    at TypeScriptParserMixin.expect (/Users/altheazuleikasadicon/Downloads/SAVR_mobile-main/SAVR_frontend/node_modules/@babel/parser/lib/index.js:6899:12)
    at TypeScriptParserMixin.parseCallExpressionArguments (/Users/altheazuleikasadicon/Downloads/SAVR_mobile-main/SAVR_frontend/node_modules/@babel/parser/lib/index.js:11243:14)
    at TypeScriptParserMixin.parseCoverCallAndAsyncArrowHead (/Users/altheazuleikasadicon/Downloads/SAVR_mobile-main/SAVR_frontend/node_modules/@babel/parser/lib/index.js:11186:29)
    at TypeScriptParserMixin.parseSubscript (/Users/altheazuleikasadicon/Downloads/SAVR_mobile-main/SAVR_frontend/node_modules/@babel/parser/lib/index.js:11120:19)
    at TypeScriptParserMixin.parseSubscript (/Users/altheazuleikasadicon/Downloads/SAVR_mobile-main/SAVR_frontend/node_modules/@babel/parser/lib/index.js:9272:18)
    at TypeScriptParserMixin.parseSubscripts (/Users/altheazuleikasadicon/Downloads/SAVR_mobile-main/SAVR_frontend/node_modules/@babel/parser/lib/index.js:11094:19)
    at TypeScriptParserMixin.parseExprSubscripts (/Users/altheazuleikasadicon/Downloads/SAVR_mobile-main/SAVR_frontend/node_modules/@babel/parser/lib/index.js:11085:17)
    at TypeScriptParserMixin.parseUpdate (/Users/altheazuleikasadicon/Downloads/SAVR_mobile-main/SAVR_frontend/node_modules/@babel/parser/lib/index.js:11066:21)
    at TypeScriptParserMixin.parseMaybeUnary (/Users/altheazuleikasadicon/Downloads/SAVR_mobile-main/SAVR_frontend/node_modules/@babel/parser/lib/index.js:11046:23)
    at TypeScriptParserMixin.parseMaybeUnary (/Users/altheazuleikasadicon/Downloads/SAVR_mobile-main/SAVR_frontend/node_modules/@babel/parser/lib/index.js:9837:18)
    at TypeScriptParserMixin.parseMaybeUnaryOrPrivate (/Users/altheazuleikasadicon/Downloads/SAVR_mobile-main/SAVR_frontend/node_modules/@babel/parser/lib/index.js:10899:61)
    at TypeScriptParserMixin.parseExprOps (/Users/altheazuleikasadicon/Downloads/SAVR_mobile-main/SAVR_frontend/node_modules/@babel/parser/lib/index.js:10904:23)
    at TypeScriptParserMixin.parseMaybeConditional (/Users/altheazuleikasadicon/Downloads/SAVR_mobile-main/SAVR_frontend/node_modules/@babel/parser/lib/index.js:10881:23)
    at TypeScriptParserMixin.parseMaybeAssign (/Users/altheazuleikasadicon/Downloads/SAVR_mobile-main/SAVR_frontend/node_modules/@babel/parser/lib/index.js:10831:21)
    at TypeScriptParserMixin.parseMaybeAssign (/Users/altheazuleikasadicon/Downloads/SAVR_mobile-main/SAVR_frontend/node_modules/@babel/parser/lib/index.js:9786:20)
    at /Users/altheazuleikasadicon/Downloads/SAVR_mobile-main/SAVR_frontend/node_modules/@babel/parser/lib/index.js:10800:39
    at TypeScriptParserMixin.allowInAnd (/Users/altheazuleikasadicon/Downloads/SAVR_mobile-main/SAVR_frontend/node_modules/@babel/parser/lib/index.js:12421:16)
    at TypeScriptParserMixin.parseMaybeAssignAllowIn (/Users/altheazuleikasadicon/Downloads/SAVR_mobile-main/SAVR_frontend/node_modules/@babel/parser/lib/index.js:10800:17)
    at TypeScriptParserMixin.parseVar (/Users/altheazuleikasadicon/Downloads/SAVR_mobile-main/SAVR_frontend/node_modules/@babel/parser/lib/index.js:13384:91)
    at TypeScriptParserMixin.parseVarStatement (/Users/altheazuleikasadicon/Downloads/SAVR_mobile-main/SAVR_frontend/node_modules/@babel/parser/lib/index.js:13230:10)
    at TypeScriptParserMixin.parseVarStatement (/Users/altheazuleikasadicon/Downloads/SAVR_mobile-main/SAVR_frontend/node_modules/@babel/parser/lib/index.js:9408:31)
    at TypeScriptParserMixin.parseStatementContent (/Users/altheazuleikasadicon/Downloads/SAVR_mobile-main/SAVR_frontend/node_modules/@babel/parser/lib/index.js:12851:23)
    at TypeScriptParserMixin.parseStatementContent (/Users/altheazuleikasadicon/Downloads/SAVR_mobile-main/SAVR_frontend/node_modules/@babel/parser/lib/index.js:9508:18)
    at TypeScriptParserMixin.parseStatementLike (/Users/altheazuleikasadicon/Downloads/SAVR_mobile-main/SAVR_frontend/node_modules/@babel/parser/lib/index.js:12767:17)
    at TypeScriptParserMixin.parseModuleItem (/Users/altheazuleikasadicon/Downloads/SAVR_mobile-main/SAVR_frontend/node_modules/@babel/parser/lib/index.js:12744:17)
    at TypeScriptParserMixin.parseBlockOrModuleBlockBody (/Users/altheazuleikasadicon/Downloads/SAVR_mobile-main/SAVR_frontend/node_modules/@babel/parser/lib/index.js:13316:36)
    at TypeScriptParserMixin.parseBlockBody (/Users/altheazuleikasadicon/Downloads/SAVR_mobile-main/SAVR_frontend/node_modules/@babel/parser/lib/index.js:13309:10)
    at TypeScriptParserMixin.parseProgram (/Users/altheazuleikasadicon/Downloads/SAVR_mobile-main/SAVR_frontend/node_modules/@babel/parser/lib/index.js:12622:10)
    at TypeScriptParserMixin.parseTopLevel (/Users/altheazuleikasadicon/Downloads/SAVR_mobile-main/SAVR_frontend/node_modules/@babel/parser/lib/index.js:12612:25)
    at TypeScriptParserMixin.parse (/Users/altheazuleikasadicon/Downloads/SAVR_mobile-main/SAVR_frontend/node_modules/@babel/parser/lib/index.js:14488:25)
    at TypeScriptParserMixin.parse (/Users/altheazuleikasadicon/Downloads/SAVR_mobile-main/SAVR_frontend/node_modules/@babel/parser/lib/index.js:10126:18)
    at parse (/Users/altheazuleikasadicon/Downloads/SAVR_mobile-main/SAVR_frontend/node_modules/@babel/parser/lib/index.js:14501:26)
    at parser (/Users/altheazuleikasadicon/Downloads/SAVR_mobile-main/SAVR_frontend/node_modules/@babel/core/lib/parser/index.js:41:34)
    at parser.next (<anonymous>)
    at normalizeFile (/Users/altheazuleikasadicon/Downloads/SAVR_mobile-main/SAVR_frontend/node_modules/@babel/core/lib/transformation/normalize-file.js:64:37)
    at normalizeFile.next (<anonymous>)
    at run (/Users/altheazuleikasadicon/Downloads/SAVR_mobile-main/SAVR_frontend/node_modules/@babel/core/lib/transformation/index.js:22:50)
    at run.next (<anonymous>)
    at transform (/Users/altheazuleikasadicon/Downloads/SAVR_mobile-main/SAVR_frontend/node_modules/@babel/core/lib/transform.js:22:33)
    at transform.next (<anonymous>)
    at evaluateSync (/Users/altheazuleikasadicon/Downloads/SAVR_mobile-main/SAVR_frontend/node_modules/gensync/index.js:251:28)
    at sync (/Users/altheazuleikasadicon/Downloads/SAVR_mobile-main/SAVR_frontend/node_modules/gensync/index.js:89:14)
    at stopHiding - secret - don't use this - v1 (/Users/altheazuleikasadicon/Downloads/SAVR_mobile-main/SAVR_frontend/node_modules/@babel/core/lib/errors/rewrite-stack-trace.js:47:12)
    at Object.transformSync (/Users/altheazuleikasadicon/Downloads/SAVR_mobile-main/SAVR_frontend/node_modules/@babel/core/lib/transform.js:40:76)
    at parseWithBabel (/Users/altheazuleikasadicon/Downloads/SAVR_mobile-main/SAVR_frontend/node_modules/@expo/metro-config/build/transformSync.js:75:18)
    at transformSync (/Users/altheazuleikasadicon/Downloads/SAVR_mobile-main/SAVR_frontend/node_modules/@expo/metro-config/build/transformSync.js:54:16)
    at Object.transform (/Users/altheazuleikasadicon/Downloads/SAVR_mobile-main/SAVR_frontend/node_modules/@expo/metro-config/build/babel-transformer.js:127:58)
 ERROR  [Error: TransformError SyntaxError: /Users/altheazuleikasadicon/Downloads/SAVR_mobile-main/SAVR_frontend/screens/LandingPage.tsx: Unexpected token, expected "," (593:0)

[0m [90m 591 |[39m     height[33m:[39m [35m30[39m[33m,[39m
 [90m 592 |[39m   }
[31m[1m>[22m[39m[90m 593 |[39m })[33m;[39m
 [90m     |[39m [31m[1m^[22m[39m
 [90m 594 |[39m[0m]
Unable to resolve "../assets/image/logo.png" from "screens/LandingPage.tsx"
[0m [90m 158 |[39m           [33m<[39m[33mView[39m style[33m=[39m{styles[33m.[39mlogoContainer}[33m>[39m
 [90m 159 |[39m             [33m<[39m[33mImage[39m 
[31m[1m>[22m[39m[90m 160 |[39m               source[33m=[39m{require([32m'../assets/image/logo.png'[39m)} 
 [90m     |[39m                                [31m[1m^[22m[39m
 [90m 161 |[39m               style[33m=[39m{{ width[33m:[39m [35m150[39m[33m,[39m height[33m:[39m [35m50[39m }} 
 [90m 162 |[39m               resizeMode[33m=[39m[32m"contain"[39m 
 [90m 163 |[39m             [33m/[39m[33m>[39m[0m

Import stack:

 screens/LandingPage.tsx
 | import "../assets/image/logo.png"

 
 | import "./screens/LandingPage"

 ERROR  [Error: UnableToResolveError Unable to resolve module ../assets/image/logo.png from /Users/altheazuleikasadicon/Downloads/SAVR_mobile-main/SAVR_frontend/screens/LandingPage.tsx: 

None of these files exist:
  * logo.png
  * assets/image/logo.png
[0m [90m 158 |[39m           [33m<[39m[33mView[39m style[33m=[39m{styles[33m.[39mlogoContainer}[33m>[39m
 [90m 159 |[39m             [33m<[39m[33mImage[39m 
[31m[1m>[22m[39m[90m 160 |[39m               source[33m=[39m{require([32m'../assets/image/logo.png'[39m)} 
 [90m     |[39m                                [31m[1m^[22m[39m
 [90m 161 |[39m               style[33m=[39m{{ width[33m:[39m [35m150[39m[33m,[39m height[33m:[39m [35m50[39m }} 
 [90m 162 |[39m               resizeMode[33m=[39m[32m"contain"[39m 
 [90m 163 |[39m             [33m/[39m[33m>[39m[0m]
Unable to resolve "../assets/image/logo.png" from "screens/LandingPage.tsx"
[0m [90m 158 |[39m           [33m<[39m[33mView[39m style[33m=[39m{styles[33m.[39mlogoContainer}[33m>[39m
 [90m 159 |[39m             [33m<[39m[33mImage[39m 
[31m[1m>[22m[39m[90m 160 |[39m               source[33m=[39m{require([32m'../assets/image/logo.png'[39m)} 
 [90m     |[39m                                [31m[1m^[22m[39m
 [90m 161 |[39m               style[33m=[39m{{ width[33m:[39m [35m150[39m[33m,[39m height[33m:[39m [35m50[39m }} 
 [90m 162 |[39m               resizeMode[33m=[39m[32m"contain"[39m 
 [90m 163 |[39m             [33m/[39m[33m>[39m[0m

Import stack:

 screens/LandingPage.tsx
 | import "../assets/image/logo.png"

 
 | import "./screens/LandingPage"

 ERROR  [Error: UnableToResolveError Unable to resolve module ../assets/image/logo.png from /Users/altheazuleikasadicon/Downloads/SAVR_mobile-main/SAVR_frontend/screens/LandingPage.tsx: 

None of these files exist:
  * logo.png
  * assets/image/logo.png
[0m [90m 158 |[39m           [33m<[39m[33mView[39m style[33m=[39m{styles[33m.[39mlogoContainer}[33m>[39m
 [90m 159 |[39m             [33m<[39m[33mImage[39m 
[31m[1m>[22m[39m[90m 160 |[39m               source[33m=[39m{require([32m'../assets/image/logo.png'[39m)} 
 [90m     |[39m                                [31m[1m^[22m[39m
 [90m 161 |[39m               style[33m=[39m{{ width[33m:[39m [35m150[39m[33m,[39m height[33m:[39m [35m50[39m }} 
 [90m 162 |[39m               resizeMode[33m=[39m[32m"contain"[39m 
 [90m 163 |[39m             [33m/[39m[33m>[39m[0m]
Unable to resolve "../assets/image/logo.png" from "screens/LandingPage.tsx"
[0m [90m 158 |[39m           [33m<[39m[33mView[39m style[33m=[39m{styles[33m.[39mlogoContainer}[33m>[39m
 [90m 159 |[39m             [33m<[39m[33mImage[39m 
[31m[1m>[22m[39m[90m 160 |[39m               source[33m=[39m{require([32m'../assets/image/logo.png'[39m)} 
 [90m     |[39m                                [31m[1m^[22m[39m
 [90m 161 |[39m               style[33m=[39m{{ width[33m:[39m [35m150[39m[33m,[39m height[33m:[39m [35m50[39m }} 
 [90m 162 |[39m               resizeMode[33m=[39m[32m"contain"[39m 
 [90m 163 |[39m             [33m/[39m[33m>[39m[0m

Import stack:

 screens/LandingPage.tsx
 | import "../assets/image/logo.png"

 
 | import "./screens/LandingPage"

 ERROR  [Error: UnableToResolveError Unable to resolve module ../assets/image/logo.png from /Users/altheazuleikasadicon/Downloads/SAVR_mobile-main/SAVR_frontend/screens/LandingPage.tsx: 

None of these files exist:
  * logo.png
  * assets/image/logo.png
[0m [90m 158 |[39m           [33m<[39m[33mView[39m style[33m=[39m{styles[33m.[39mlogoContainer}[33m>[39m
 [90m 159 |[39m             [33m<[39m[33mImage[39m 
[31m[1m>[22m[39m[90m 160 |[39m               source[33m=[39m{require([32m'../assets/image/logo.png'[39m)} 
 [90m     |[39m                                [31m[1m^[22m[39m
 [90m 161 |[39m               style[33m=[39m{{ width[33m:[39m [35m150[39m[33m,[39m height[33m:[39m [35m50[39m }} 
 [90m 162 |[39m               resizeMode[33m=[39m[32m"contain"[39m 
 [90m 163 |[39m             [33m/[39m[33m>[39m[0m]
Unable to resolve "../assets/image/logo.png" from "screens/LandingPage.tsx"
[0m [90m 158 |[39m           [33m<[39m[33mView[39m style[33m=[39m{styles[33m.[39mlogoContainer}[33m>[39m
 [90m 159 |[39m             [33m<[39m[33mImage[39m 
[31m[1m>[22m[39m[90m 160 |[39m               source[33m=[39m{require([32m'../assets/image/logo.png'[39m)} 
 [90m     |[39m                                [31m[1m^[22m[39m
 [90m 161 |[39m               style[33m=[39m{{ width[33m:[39m [35m150[39m[33m,[39m height[33m:[39m [35m50[39m }} 
 [90m 162 |[39m               resizeMode[33m=[39m[32m"contain"[39m 
 [90m 163 |[39m             [33m/[39m[33m>[39m[0m

Import stack:

 screens/LandingPage.tsx
 | import "../assets/image/logo.png"

 
 | import "./screens/LandingPage"

 ERROR  [Error: UnableToResolveError Unable to resolve module ../assets/image/logo.png from /Users/altheazuleikasadicon/Downloads/SAVR_mobile-main/SAVR_frontend/screens/LandingPage.tsx: 

None of these files exist:
  * logo.png
  * assets/image/logo.png
[0m [90m 158 |[39m           [33m<[39m[33mView[39m style[33m=[39m{styles[33m.[39mlogoContainer}[33m>[39m
 [90m 159 |[39m             [33m<[39m[33mImage[39m 
[31m[1m>[22m[39m[90m 160 |[39m               source[33m=[39m{require([32m'../assets/image/logo.png'[39m)} 
 [90m     |[39m                                [31m[1m^[22m[39m
 [90m 161 |[39m               style[33m=[39m{{ width[33m:[39m [35m150[39m[33m,[39m height[33m:[39m [35m50[39m }} 
 [90m 162 |[39m               resizeMode[33m=[39m[32m"contain"[39m 
 [90m 163 |[39m             [33m/[39m[33m>[39m[0m]
Unable to resolve "../assets/image/logo.png" from "screens/LandingPage.tsx"
[0m [90m 158 |[39m           [33m<[39m[33mView[39m style[33m=[39m{styles[33m.[39mlogoContainer}[33m>[39m
 [90m 159 |[39m             [33m<[39m[33mImage[39m 
[31m[1m>[22m[39m[90m 160 |[39m               source[33m=[39m{require([32m'../assets/image/logo.png'[39m)} 
 [90m     |[39m                                [31m[1m^[22m[39m
 [90m 161 |[39m               style[33m=[39m{{ width[33m:[39m [35m150[39m[33m,[39m height[33m:[39m [35m50[39m }} 
 [90m 162 |[39m               resizeMode[33m=[39m[32m"contain"[39m 
 [90m 163 |[39m             [33m/[39m[33m>[39m[0m

Import stack:

 screens/LandingPage.tsx
 | import "../assets/image/logo.png"

 
 | import "./screens/LandingPage"

 ERROR  [Error: UnableToResolveError Unable to resolve module ../assets/image/logo.png from /Users/altheazuleikasadicon/Downloads/SAVR_mobile-main/SAVR_frontend/screens/LandingPage.tsx: 

None of these files exist:
  * logo.png
  * assets/image/logo.png
[0m [90m 158 |[39m           [33m<[39m[33mView[39m style[33m=[39m{styles[33m.[39mlogoContainer}[33m>[39m
 [90m 159 |[39m             [33m<[39m[33mImage[39m 
[31m[1m>[22m[39m[90m 160 |[39m               source[33m=[39m{require([32m'../assets/image/logo.png'[39m)} 
 [90m     |[39m                                [31m[1m^[22m[39m
 [90m 161 |[39m               style[33m=[39m{{ width[33m:[39m [35m150[39m[33m,[39m height[33m:[39m [35m50[39m }} 
 [90m 162 |[39m               resizeMode[33m=[39m[32m"contain"[39m 
 [90m 163 |[39m             [33m/[39m[33m>[39m[0m]
Unable to resolve "../assets/image/logo.png" from "screens/LandingPage.tsx"
[0m [90m 158 |[39m           [33m<[39m[33mView[39m style[33m=[39m{styles[33m.[39mlogoContainer}[33m>[39m
 [90m 159 |[39m             [33m<[39m[33mImage[39m 
[31m[1m>[22m[39m[90m 160 |[39m               source[33m=[39m{require([32m'../assets/image/logo.png'[39m)} 
 [90m     |[39m                                [31m[1m^[22m[39m
 [90m 161 |[39m               style[33m=[39m{{ width[33m:[39m [35m150[39m[33m,[39m height[33m:[39m [35m50[39m }} 
 [90m 162 |[39m               resizeMode[33m=[39m[32m"contain"[39m 
 [90m 163 |[39m             [33m/[39m[33m>[39m[0m

Import stack:

 screens/LandingPage.tsx
 | import "../assets/image/logo.png"

 
 | import "./screens/LandingPage"

 ERROR  [Error: UnableToResolveError Unable to resolve module ../assets/image/logo.png from /Users/altheazuleikasadicon/Downloads/SAVR_mobile-main/SAVR_frontend/screens/LandingPage.tsx: 

None of these files exist:
  * logo.png
  * assets/image/logo.png
[0m [90m 158 |[39m           [33m<[39m[33mView[39m style[33m=[39m{styles[33m.[39mlogoContainer}[33m>[39m
 [90m 159 |[39m             [33m<[39m[33mImage[39m 
[31m[1m>[22m[39m[90m 160 |[39m               source[33m=[39m{require([32m'../assets/image/logo.png'[39m)} 
 [90m     |[39m                                [31m[1m^[22m[39m
 [90m 161 |[39m               style[33m=[39m{{ width[33m:[39m [35m150[39m[33m,[39m height[33m:[39m [35m50[39m }} 
 [90m 162 |[39m               resizeMode[33m=[39m[32m"contain"[39m 
 [90m 163 |[39m             [33m/[39m[33m>[39m[0m]
Unable to resolve "../assets/image/logo.png" from "screens/LandingPage.tsx"
[0m [90m 158 |[39m           [33m<[39m[33mView[39m style[33m=[39m{styles[33m.[39mlogoContainer}[33m>[39m
 [90m 159 |[39m             [33m<[39m[33mImage[39m 
[31m[1m>[22m[39m[90m 160 |[39m               source[33m=[39m{require([32m'../assets/image/logo.png'[39m)} 
 [90m     |[39m                                [31m[1m^[22m[39m
 [90m 161 |[39m               style[33m=[39m{{ width[33m:[39m [35m150[39m[33m,[39m height[33m:[39m [35m50[39m }} 
 [90m 162 |[39m               resizeMode[33m=[39m[32m"contain"[39m 
 [90m 163 |[39m             [33m/[39m[33m>[39m[0m

Import stack:

 screens/LandingPage.tsx
 | import "../assets/image/logo.png"

 
 | import "./screens/LandingPage"

 ERROR  [Error: UnableToResolveError Unable to resolve module ../assets/image/logo.png from /Users/altheazuleikasadicon/Downloads/SAVR_mobile-main/SAVR_frontend/screens/LandingPage.tsx: 

None of these files exist:
  * logo.png
  * assets/image/logo.png
[0m [90m 158 |[39m           [33m<[39m[33mView[39m style[33m=[39m{styles[33m.[39mlogoContainer}[33m>[39m
 [90m 159 |[39m             [33m<[39m[33mImage[39m 
[31m[1m>[22m[39m[90m 160 |[39m               source[33m=[39m{require([32m'../assets/image/logo.png'[39m)} 
 [90m     |[39m                                [31m[1m^[22m[39m
 [90m 161 |[39m               style[33m=[39m{{ width[33m:[39m [35m150[39m[33m,[39m height[33m:[39m [35m50[39m }} 
 [90m 162 |[39m               resizeMode[33m=[39m[32m"contain"[39m 
 [90m 163 |[39m             [33m/[39m[33m>[39m[0m]
iOS ./index.ts ░░░░░░░░░░░░░░░░  0.0% (0/1)
iOS Bundling failed 97ms index.ts (1 module)
Unable to resolve "../assets/image/logo.png" from "screens/LandingPage.tsx"
[0m [90m 120 |[39m           [33m<[39m[33mView[39m style[33m=[39m{styles[33m.[39mlogoContainer}[33m>[39m
 [90m 121 |[39m             [33m<[39m[33mImage[39m 
[31m[1m>[22m[39m[90m 122 |[39m               source[33m=[39m{require([32m'../assets/image/logo.png'[39m)} 
 [90m     |[39m                                [31m[1m^[22m[39m
 [90m 123 |[39m               style[33m=[39m{{ width[33m:[39m [35m150[39m[33m,[39m height[33m:[39m [35m50[39m }} 
 [90m 124 |[39m               resizeMode[33m=[39m[32m"contain"[39m 
 [90m 125 |[39m             [33m/[39m[33m>[39m[0m

Import stack:

 screens/LandingPage.tsx
 | import "../assets/image/logo.png"

 
 | import "./screens/LandingPage"

iOS ./index.ts ░░░░░░░░░░░░░░░░  0.0% (0/1)
iOS Bundling failed 119ms index.ts (1 module)
Unable to resolve "../assets/image/logo.png" from "screens/LandingPage.tsx"
[0m [90m 158 |[39m           [33m<[39m[33mView[39m style[33m=[39m{styles[33m.[39mlogoContainer}[33m>[39m
 [90m 159 |[39m             [33m<[39m[33mImage[39m
[31m[1m>[22m[39m[90m 160 |[39m               source[33m=[39m{require([32m'../assets/image/logo.png'[39m)}
 [90m     |[39m                                [31m[1m^[22m[39m
 [90m 161 |[39m               style[33m=[39m{{ width[33m:[39m [35m150[39m[33m,[39m height[33m:[39m [35m50[39m }}
 [90m 162 |[39m               resizeMode[33m=[39m[32m"contain"[39m
 [90m 163 |[39m             [33m/[39m[33m>[39m[0m

Import stack:

 screens/LandingPage.tsx
 | import "../assets/image/logo.png"

 
 | import "./screens/LandingPage"

iOS ./index.ts ░░░░░░░░░░░░░░░░  0.0% (0/1)
iOS Bundled 78ms index.ts (1 module)
 WARN  SafeAreaView has been deprecated and will be removed in a future release. Please use 'react-native-safe-area-context' instead. See https://github.com/th3rdwave/react-native-safe-area-context
iOS ./index.ts ░░░░░░░░░░░░░░░░  0.0% (0/1)
iOS Bundled 63ms index.ts (1 module)
 WARN  SafeAreaView has been deprecated and will be removed in a future release. Please use 'react-native-safe-area-context' instead. See https://github.com/th3rdwave/react-native-safe-area-context
 ERROR  Failed to fetch pickups [AxiosError: timeout exceeded]
 ERROR  Failed to fetch pickups [AxiosError: timeout exceeded]
iOS ./index.ts ░░░░░░░░░░░░░░░░  0.0% (0/1)
iOS Bundled 78ms index.ts (1 module)
 WARN  SafeAreaView has been deprecated and will be removed in a future release. Please use 'react-native-safe-area-context' instead. See https://github.com/th3rdwave/react-native-safe-area-context
 ERROR  [Error: Got an invalid value for 'component' prop for the screen 'LandingPage'. It must be a valid React Component.]
iOS ./index.ts ░░░░░░░░░░░░░░░░  0.0% (0/1)
iOS Bundled 66ms index.ts (1 module)
 WARN  SafeAreaView has been deprecated and will be removed in a future release. Please use 'react-native-safe-area-context' instead. See https://github.com/th3rdwave/react-native-safe-area-context
iOS ./index.ts ░░░░░░░░░░░░░░░░  0.0% (0/1)
iOS Bundled 62ms index.ts (1 module)
 WARN  SafeAreaView has been deprecated and will be removed in a future release. Please use 'react-native-safe-area-context' instead. See https://github.com/th3rdwave/react-native-safe-area-context
Unable to resolve "../assets/image/logo.png" from "screens/LandingPage.tsx"
[0m [90m 158 |[39m           [33m<[39m[33mView[39m style[33m=[39m{styles[33m.[39mlogoContainer}[33m>[39m
 [90m 159 |[39m             [33m<[39m[33mImage[39m
[31m[1m>[22m[39m[90m 160 |[39m               source[33m=[39m{require([32m'../assets/image/logo.png'[39m)}
 [90m     |[39m                                [31m[1m^[22m[39m
 [90m 161 |[39m               style[33m=[39m{{ width[33m:[39m [35m150[39m[33m,[39m height[33m:[39m [35m50[39m }}
 [90m 162 |[39m               resizeMode[33m=[39m[32m"contain"[39m
 [90m 163 |[39m             [33m/[39m[33m>[39m[0m

Import stack:

 screens/LandingPage.tsx
 | import "../assets/image/logo.png"

 
 | import "./screens/LandingPage"

 ERROR  [Error: UnableToResolveError Unable to resolve module ../assets/image/logo.png from /Users/altheazuleikasadicon/Downloads/SAVR_mobile-main/SAVR_frontend/screens/LandingPage.tsx: 

None of these files exist:
  * logo.png
  * assets/image/logo.png
[0m [90m 158 |[39m           [33m<[39m[33mView[39m style[33m=[39m{styles[33m.[39mlogoContainer}[33m>[39m
 [90m 159 |[39m             [33m<[39m[33mImage[39m
[31m[1m>[22m[39m[90m 160 |[39m               source[33m=[39m{require([32m'../assets/image/logo.png'[39m)}
 [90m     |[39m                                [31m[1m^[22m[39m
 [90m 161 |[39m               style[33m=[39m{{ width[33m:[39m [35m150[39m[33m,[39m height[33m:[39m [35m50[39m }}
 [90m 162 |[39m               resizeMode[33m=[39m[32m"contain"[39m
 [90m 163 |[39m             [33m/[39m[33m>[39m[0m]
Unable to resolve "../assets/image/logo.png" from "screens/LandingPage.tsx"
[0m [90m 158 |[39m           [33m<[39m[33mView[39m style[33m=[39m{styles[33m.[39mlogoContainer}[33m>[39m
 [90m 159 |[39m             [33m<[39m[33mImage[39m
[31m[1m>[22m[39m[90m 160 |[39m               source[33m=[39m{require([32m'../assets/image/logo.png'[39m)}
 [90m     |[39m                                [31m[1m^[22m[39m
 [90m 161 |[39m               style[33m=[39m{{ width[33m:[39m [35m150[39m[33m,[39m height[33m:[39m [35m50[39m }}
 [90m 162 |[39m               resizeMode[33m=[39m[32m"contain"[39m
 [90m 163 |[39m             [33m/[39m[33m>[39m[0m

Import stack:

 screens/LandingPage.tsx
 | import "../assets/image/logo.png"

 
 | import "./screens/LandingPage"

 ERROR  [Error: UnableToResolveError Unable to resolve module ../assets/image/logo.png from /Users/altheazuleikasadicon/Downloads/SAVR_mobile-main/SAVR_frontend/screens/LandingPage.tsx: 

None of these files exist:
  * logo.png
  * assets/image/logo.png
[0m [90m 158 |[39m           [33m<[39m[33mView[39m style[33m=[39m{styles[33m.[39mlogoContainer}[33m>[39m
 [90m 159 |[39m             [33m<[39m[33mImage[39m
[31m[1m>[22m[39m[90m 160 |[39m               source[33m=[39m{require([32m'../assets/image/logo.png'[39m)}
 [90m     |[39m                                [31m[1m^[22m[39m
 [90m 161 |[39m               style[33m=[39m{{ width[33m:[39m [35m150[39m[33m,[39m height[33m:[39m [35m50[39m }}
 [90m 162 |[39m               resizeMode[33m=[39m[32m"contain"[39m
 [90m 163 |[39m             [33m/[39m[33m>[39m[0m]
Unable to resolve "../assets/image/logo.png" from "screens/LandingPage.tsx"
[0m [90m 158 |[39m           [33m<[39m[33mView[39m style[33m=[39m{styles[33m.[39mlogoContainer}[33m>[39m
 [90m 159 |[39m             [33m<[39m[33mImage[39m
[31m[1m>[22m[39m[90m 160 |[39m               source[33m=[39m{require([32m'../assets/image/logo.png'[39m)}
 [90m     |[39m                                [31m[1m^[22m[39m
 [90m 161 |[39m               style[33m=[39m{{ width[33m:[39m [35m150[39m[33m,[39m height[33m:[39m [35m50[39m }}
 [90m 162 |[39m               resizeMode[33m=[39m[32m"contain"[39m
 [90m 163 |[39m             [33m/[39m[33m>[39m[0m

Import stack:

 screens/LandingPage.tsx
 | import "../assets/image/logo.png"

 
 | import "./screens/LandingPage"

 ERROR  [Error: UnableToResolveError Unable to resolve module ../assets/image/logo.png from /Users/altheazuleikasadicon/Downloads/SAVR_mobile-main/SAVR_frontend/screens/LandingPage.tsx: 

None of these files exist:
  * logo.png
  * assets/image/logo.png
[0m [90m 158 |[39m           [33m<[39m[33mView[39m style[33m=[39m{styles[33m.[39mlogoContainer}[33m>[39m
 [90m 159 |[39m             [33m<[39m[33mImage[39m
[31m[1m>[22m[39m[90m 160 |[39m               source[33m=[39m{require([32m'../assets/image/logo.png'[39m)}
 [90m     |[39m                                [31m[1m^[22m[39m
 [90m 161 |[39m               style[33m=[39m{{ width[33m:[39m [35m150[39m[33m,[39m height[33m:[39m [35m50[39m }}
 [90m 162 |[39m               resizeMode[33m=[39m[32m"contain"[39m
 [90m 163 |[39m             [33m/[39m[33m>[39m[0m]
 ERROR  SyntaxError: /Users/altheazuleikasadicon/Downloads/SAVR_mobile-main/SAVR_frontend/screens/LandingPage.tsx: Unexpected token, expected "," (593:0)

  591 |   height: 30,
  592 | }
> 593 | });
      | ^
  594 |
    at constructor (/Users/altheazuleikasadicon/Downloads/SAVR_mobile-main/SAVR_frontend/node_modules/@babel/parser/lib/index.js:365:19)
    at TypeScriptParserMixin.raise (/Users/altheazuleikasadicon/Downloads/SAVR_mobile-main/SAVR_frontend/node_modules/@babel/parser/lib/index.js:6599:19)
    at TypeScriptParserMixin.unexpected (/Users/altheazuleikasadicon/Downloads/SAVR_mobile-main/SAVR_frontend/node_modules/@babel/parser/lib/index.js:6619:16)
    at TypeScriptParserMixin.expect (/Users/altheazuleikasadicon/Downloads/SAVR_mobile-main/SAVR_frontend/node_modules/@babel/parser/lib/index.js:6899:12)
    at TypeScriptParserMixin.parseCallExpressionArguments (/Users/altheazuleikasadicon/Downloads/SAVR_mobile-main/SAVR_frontend/node_modules/@babel/parser/lib/index.js:11243:14)
    at TypeScriptParserMixin.parseCoverCallAndAsyncArrowHead (/Users/altheazuleikasadicon/Downloads/SAVR_mobile-main/SAVR_frontend/node_modules/@babel/parser/lib/index.js:11186:29)
    at TypeScriptParserMixin.parseSubscript (/Users/altheazuleikasadicon/Downloads/SAVR_mobile-main/SAVR_frontend/node_modules/@babel/parser/lib/index.js:11120:19)
    at TypeScriptParserMixin.parseSubscript (/Users/altheazuleikasadicon/Downloads/SAVR_mobile-main/SAVR_frontend/node_modules/@babel/parser/lib/index.js:9272:18)
    at TypeScriptParserMixin.parseSubscripts (/Users/altheazuleikasadicon/Downloads/SAVR_mobile-main/SAVR_frontend/node_modules/@babel/parser/lib/index.js:11094:19)
    at TypeScriptParserMixin.parseExprSubscripts (/Users/altheazuleikasadicon/Downloads/SAVR_mobile-main/SAVR_frontend/node_modules/@babel/parser/lib/index.js:11085:17)
    at TypeScriptParserMixin.parseUpdate (/Users/altheazuleikasadicon/Downloads/SAVR_mobile-main/SAVR_frontend/node_modules/@babel/parser/lib/index.js:11066:21)
    at TypeScriptParserMixin.parseMaybeUnary (/Users/altheazuleikasadicon/Downloads/SAVR_mobile-main/SAVR_frontend/node_modules/@babel/parser/lib/index.js:11046:23)
    at TypeScriptParserMixin.parseMaybeUnary (/Users/altheazuleikasadicon/Downloads/SAVR_mobile-main/SAVR_frontend/node_modules/@babel/parser/lib/index.js:9837:18)
    at TypeScriptParserMixin.parseMaybeUnaryOrPrivate (/Users/altheazuleikasadicon/Downloads/SAVR_mobile-main/SAVR_frontend/node_modules/@babel/parser/lib/index.js:10899:61)
    at TypeScriptParserMixin.parseExprOps (/Users/altheazuleikasadicon/Downloads/SAVR_mobile-main/SAVR_frontend/node_modules/@babel/parser/lib/index.js:10904:23)
    at TypeScriptParserMixin.parseMaybeConditional (/Users/altheazuleikasadicon/Downloads/SAVR_mobile-main/SAVR_frontend/node_modules/@babel/parser/lib/index.js:10881:23)
    at TypeScriptParserMixin.parseMaybeAssign (/Users/altheazuleikasadicon/Downloads/SAVR_mobile-main/SAVR_frontend/node_modules/@babel/parser/lib/index.js:10831:21)
    at TypeScriptParserMixin.parseMaybeAssign (/Users/altheazuleikasadicon/Downloads/SAVR_mobile-main/SAVR_frontend/node_modules/@babel/parser/lib/index.js:9786:20)
    at /Users/altheazuleikasadicon/Downloads/SAVR_mobile-main/SAVR_frontend/node_modules/@babel/parser/lib/index.js:10800:39
    at TypeScriptParserMixin.allowInAnd (/Users/altheazuleikasadicon/Downloads/SAVR_mobile-main/SAVR_frontend/node_modules/@babel/parser/lib/index.js:12421:16)
    at TypeScriptParserMixin.parseMaybeAssignAllowIn (/Users/altheazuleikasadicon/Downloads/SAVR_mobile-main/SAVR_frontend/node_modules/@babel/parser/lib/index.js:10800:17)
    at TypeScriptParserMixin.parseVar (/Users/altheazuleikasadicon/Downloads/SAVR_mobile-main/SAVR_frontend/node_modules/@babel/parser/lib/index.js:13384:91)
    at TypeScriptParserMixin.parseVarStatement (/Users/altheazuleikasadicon/Downloads/SAVR_mobile-main/SAVR_frontend/node_modules/@babel/parser/lib/index.js:13230:10)
    at TypeScriptParserMixin.parseVarStatement (/Users/altheazuleikasadicon/Downloads/SAVR_mobile-main/SAVR_frontend/node_modules/@babel/parser/lib/index.js:9408:31)
    at TypeScriptParserMixin.parseStatementContent (/Users/altheazuleikasadicon/Downloads/SAVR_mobile-main/SAVR_frontend/node_modules/@babel/parser/lib/index.js:12851:23)
    at TypeScriptParserMixin.parseStatementContent (/Users/altheazuleikasadicon/Downloads/SAVR_mobile-main/SAVR_frontend/node_modules/@babel/parser/lib/index.js:9508:18)
    at TypeScriptParserMixin.parseStatementLike (/Users/altheazuleikasadicon/Downloads/SAVR_mobile-main/SAVR_frontend/node_modules/@babel/parser/lib/index.js:12767:17)
    at TypeScriptParserMixin.parseModuleItem (/Users/altheazuleikasadicon/Downloads/SAVR_mobile-main/SAVR_frontend/node_modules/@babel/parser/lib/index.js:12744:17)
    at TypeScriptParserMixin.parseBlockOrModuleBlockBody (/Users/altheazuleikasadicon/Downloads/SAVR_mobile-main/SAVR_frontend/node_modules/@babel/parser/lib/index.js:13316:36)
    at TypeScriptParserMixin.parseBlockBody (/Users/altheazuleikasadicon/Downloads/SAVR_mobile-main/SAVR_frontend/node_modules/@babel/parser/lib/index.js:13309:10)
    at TypeScriptParserMixin.parseProgram (/Users/altheazuleikasadicon/Downloads/SAVR_mobile-main/SAVR_frontend/node_modules/@babel/parser/lib/index.js:12622:10)
    at TypeScriptParserMixin.parseTopLevel (/Users/altheazuleikasadicon/Downloads/SAVR_mobile-main/SAVR_frontend/node_modules/@babel/parser/lib/index.js:12612:25)
    at TypeScriptParserMixin.parse (/Users/altheazuleikasadicon/Downloads/SAVR_mobile-main/SAVR_frontend/node_modules/@babel/parser/lib/index.js:14488:25)
    at TypeScriptParserMixin.parse (/Users/altheazuleikasadicon/Downloads/SAVR_mobile-main/SAVR_frontend/node_modules/@babel/parser/lib/index.js:10126:18)
    at parse (/Users/altheazuleikasadicon/Downloads/SAVR_mobile-main/SAVR_frontend/node_modules/@babel/parser/lib/index.js:14501:26)
    at parser (/Users/altheazuleikasadicon/Downloads/SAVR_mobile-main/SAVR_frontend/node_modules/@babel/core/lib/parser/index.js:41:34)
    at parser.next (<anonymous>)
    at normalizeFile (/Users/altheazuleikasadicon/Downloads/SAVR_mobile-main/SAVR_frontend/node_modules/@babel/core/lib/transformation/normalize-file.js:64:37)
    at normalizeFile.next (<anonymous>)
    at run (/Users/altheazuleikasadicon/Downloads/SAVR_mobile-main/SAVR_frontend/node_modules/@babel/core/lib/transformation/index.js:22:50)
    at run.next (<anonymous>)
    at transform (/Users/altheazuleikasadicon/Downloads/SAVR_mobile-main/SAVR_frontend/node_modules/@babel/core/lib/transform.js:22:33)
    at transform.next (<anonymous>)
    at evaluateSync (/Users/altheazuleikasadicon/Downloads/SAVR_mobile-main/SAVR_frontend/node_modules/gensync/index.js:251:28)
    at sync (/Users/altheazuleikasadicon/Downloads/SAVR_mobile-main/SAVR_frontend/node_modules/gensync/index.js:89:14)
    at stopHiding - secret - don't use this - v1 (/Users/altheazuleikasadicon/Downloads/SAVR_mobile-main/SAVR_frontend/node_modules/@babel/core/lib/errors/rewrite-stack-trace.js:47:12)
    at Object.transformSync (/Users/altheazuleikasadicon/Downloads/SAVR_mobile-main/SAVR_frontend/node_modules/@babel/core/lib/transform.js:40:76)
    at parseWithBabel (/Users/altheazuleikasadicon/Downloads/SAVR_mobile-main/SAVR_frontend/node_modules/@expo/metro-config/build/transformSync.js:75:18)
    at transformSync (/Users/altheazuleikasadicon/Downloads/SAVR_mobile-main/SAVR_frontend/node_modules/@expo/metro-config/build/transformSync.js:54:16)
    at Object.transform (/Users/altheazuleikasadicon/Downloads/SAVR_mobile-main/SAVR_frontend/node_modules/@expo/metro-config/build/babel-transformer.js:127:58)
 ERROR  [Error: TransformError SyntaxError: /Users/altheazuleikasadicon/Downloads/SAVR_mobile-main/SAVR_frontend/screens/LandingPage.tsx: Unexpected token, expected "," (593:0)

[0m [90m 591 |[39m   height[33m:[39m [35m30[39m[33m,[39m
 [90m 592 |[39m }
[31m[1m>[22m[39m[90m 593 |[39m })[33m;[39m
 [90m     |[39m [31m[1m^[22m[39m
 [90m 594 |[39m[0m]
 ERROR  SyntaxError: /Users/altheazuleikasadicon/Downloads/SAVR_mobile-main/SAVR_frontend/screens/LandingPage.tsx: Unexpected token, expected "," (593:0)

  591 |   height: 30,
  592 | }
> 593 | });
      | ^
  594 |
    at constructor (/Users/altheazuleikasadicon/Downloads/SAVR_mobile-main/SAVR_frontend/node_modules/@babel/parser/lib/index.js:365:19)
    at TypeScriptParserMixin.raise (/Users/altheazuleikasadicon/Downloads/SAVR_mobile-main/SAVR_frontend/node_modules/@babel/parser/lib/index.js:6599:19)
    at TypeScriptParserMixin.unexpected (/Users/altheazuleikasadicon/Downloads/SAVR_mobile-main/SAVR_frontend/node_modules/@babel/parser/lib/index.js:6619:16)
    at TypeScriptParserMixin.expect (/Users/altheazuleikasadicon/Downloads/SAVR_mobile-main/SAVR_frontend/node_modules/@babel/parser/lib/index.js:6899:12)
    at TypeScriptParserMixin.parseCallExpressionArguments (/Users/altheazuleikasadicon/Downloads/SAVR_mobile-main/SAVR_frontend/node_modules/@babel/parser/lib/index.js:11243:14)
    at TypeScriptParserMixin.parseCoverCallAndAsyncArrowHead (/Users/altheazuleikasadicon/Downloads/SAVR_mobile-main/SAVR_frontend/node_modules/@babel/parser/lib/index.js:11186:29)
    at TypeScriptParserMixin.parseSubscript (/Users/altheazuleikasadicon/Downloads/SAVR_mobile-main/SAVR_frontend/node_modules/@babel/parser/lib/index.js:11120:19)
    at TypeScriptParserMixin.parseSubscript (/Users/altheazuleikasadicon/Downloads/SAVR_mobile-main/SAVR_frontend/node_modules/@babel/parser/lib/index.js:9272:18)
    at TypeScriptParserMixin.parseSubscripts (/Users/altheazuleikasadicon/Downloads/SAVR_mobile-main/SAVR_frontend/node_modules/@babel/parser/lib/index.js:11094:19)
    at TypeScriptParserMixin.parseExprSubscripts (/Users/altheazuleikasadicon/Downloads/SAVR_mobile-main/SAVR_frontend/node_modules/@babel/parser/lib/index.js:11085:17)
    at TypeScriptParserMixin.parseUpdate (/Users/altheazuleikasadicon/Downloads/SAVR_mobile-main/SAVR_frontend/node_modules/@babel/parser/lib/index.js:11066:21)
    at TypeScriptParserMixin.parseMaybeUnary (/Users/altheazuleikasadicon/Downloads/SAVR_mobile-main/SAVR_frontend/node_modules/@babel/parser/lib/index.js:11046:23)
    at TypeScriptParserMixin.parseMaybeUnary (/Users/altheazuleikasadicon/Downloads/SAVR_mobile-main/SAVR_frontend/node_modules/@babel/parser/lib/index.js:9837:18)
    at TypeScriptParserMixin.parseMaybeUnaryOrPrivate (/Users/altheazuleikasadicon/Downloads/SAVR_mobile-main/SAVR_frontend/node_modules/@babel/parser/lib/index.js:10899:61)
    at TypeScriptParserMixin.parseExprOps (/Users/altheazuleikasadicon/Downloads/SAVR_mobile-main/SAVR_frontend/node_modules/@babel/parser/lib/index.js:10904:23)
    at TypeScriptParserMixin.parseMaybeConditional (/Users/altheazuleikasadicon/Downloads/SAVR_mobile-main/SAVR_frontend/node_modules/@babel/parser/lib/index.js:10881:23)
    at TypeScriptParserMixin.parseMaybeAssign (/Users/altheazuleikasadicon/Downloads/SAVR_mobile-main/SAVR_frontend/node_modules/@babel/parser/lib/index.js:10831:21)
    at TypeScriptParserMixin.parseMaybeAssign (/Users/altheazuleikasadicon/Downloads/SAVR_mobile-main/SAVR_frontend/node_modules/@babel/parser/lib/index.js:9786:20)
    at /Users/altheazuleikasadicon/Downloads/SAVR_mobile-main/SAVR_frontend/node_modules/@babel/parser/lib/index.js:10800:39
    at TypeScriptParserMixin.allowInAnd (/Users/altheazuleikasadicon/Downloads/SAVR_mobile-main/SAVR_frontend/node_modules/@babel/parser/lib/index.js:12421:16)
    at TypeScriptParserMixin.parseMaybeAssignAllowIn (/Users/altheazuleikasadicon/Downloads/SAVR_mobile-main/SAVR_frontend/node_modules/@babel/parser/lib/index.js:10800:17)
    at TypeScriptParserMixin.parseVar (/Users/altheazuleikasadicon/Downloads/SAVR_mobile-main/SAVR_frontend/node_modules/@babel/parser/lib/index.js:13384:91)
    at TypeScriptParserMixin.parseVarStatement (/Users/altheazuleikasadicon/Downloads/SAVR_mobile-main/SAVR_frontend/node_modules/@babel/parser/lib/index.js:13230:10)
    at TypeScriptParserMixin.parseVarStatement (/Users/altheazuleikasadicon/Downloads/SAVR_mobile-main/SAVR_frontend/node_modules/@babel/parser/lib/index.js:9408:31)
    at TypeScriptParserMixin.parseStatementContent (/Users/altheazuleikasadicon/Downloads/SAVR_mobile-main/SAVR_frontend/node_modules/@babel/parser/lib/index.js:12851:23)
    at TypeScriptParserMixin.parseStatementContent (/Users/altheazuleikasadicon/Downloads/SAVR_mobile-main/SAVR_frontend/node_modules/@babel/parser/lib/index.js:9508:18)
    at TypeScriptParserMixin.parseStatementLike (/Users/altheazuleikasadicon/Downloads/SAVR_mobile-main/SAVR_frontend/node_modules/@babel/parser/lib/index.js:12767:17)
    at TypeScriptParserMixin.parseModuleItem (/Users/altheazuleikasadicon/Downloads/SAVR_mobile-main/SAVR_frontend/node_modules/@babel/parser/lib/index.js:12744:17)
    at TypeScriptParserMixin.parseBlockOrModuleBlockBody (/Users/altheazuleikasadicon/Downloads/SAVR_mobile-main/SAVR_frontend/node_modules/@babel/parser/lib/index.js:13316:36)
    at TypeScriptParserMixin.parseBlockBody (/Users/altheazuleikasadicon/Downloads/SAVR_mobile-main/SAVR_frontend/node_modules/@babel/parser/lib/index.js:13309:10)
    at TypeScriptParserMixin.parseProgram (/Users/altheazuleikasadicon/Downloads/SAVR_mobile-main/SAVR_frontend/node_modules/@babel/parser/lib/index.js:12622:10)
    at TypeScriptParserMixin.parseTopLevel (/Users/altheazuleikasadicon/Downloads/SAVR_mobile-main/SAVR_frontend/node_modules/@babel/parser/lib/index.js:12612:25)
    at TypeScriptParserMixin.parse (/Users/altheazuleikasadicon/Downloads/SAVR_mobile-main/SAVR_frontend/node_modules/@babel/parser/lib/index.js:14488:25)
    at TypeScriptParserMixin.parse (/Users/altheazuleikasadicon/Downloads/SAVR_mobile-main/SAVR_frontend/node_modules/@babel/parser/lib/index.js:10126:18)
    at parse (/Users/altheazuleikasadicon/Downloads/SAVR_mobile-main/SAVR_frontend/node_modules/@babel/parser/lib/index.js:14501:26)
    at parser (/Users/altheazuleikasadicon/Downloads/SAVR_mobile-main/SAVR_frontend/node_modules/@babel/core/lib/parser/index.js:41:34)
    at parser.next (<anonymous>)
    at normalizeFile (/Users/altheazuleikasadicon/Downloads/SAVR_mobile-main/SAVR_frontend/node_modules/@babel/core/lib/transformation/normalize-file.js:64:37)
    at normalizeFile.next (<anonymous>)
    at run (/Users/altheazuleikasadicon/Downloads/SAVR_mobile-main/SAVR_frontend/node_modules/@babel/core/lib/transformation/index.js:22:50)
    at run.next (<anonymous>)
    at transform (/Users/altheazuleikasadicon/Downloads/SAVR_mobile-main/SAVR_frontend/node_modules/@babel/core/lib/transform.js:22:33)
    at transform.next (<anonymous>)
    at evaluateSync (/Users/altheazuleikasadicon/Downloads/SAVR_mobile-main/SAVR_frontend/node_modules/gensync/index.js:251:28)
    at sync (/Users/altheazuleikasadicon/Downloads/SAVR_mobile-main/SAVR_frontend/node_modules/gensync/index.js:89:14)
    at stopHiding - secret - don't use this - v1 (/Users/altheazuleikasadicon/Downloads/SAVR_mobile-main/SAVR_frontend/node_modules/@babel/core/lib/errors/rewrite-stack-trace.js:47:12)
    at Object.transformSync (/Users/altheazuleikasadicon/Downloads/SAVR_mobile-main/SAVR_frontend/node_modules/@babel/core/lib/transform.js:40:76)
    at parseWithBabel (/Users/altheazuleikasadicon/Downloads/SAVR_mobile-main/SAVR_frontend/node_modules/@expo/metro-config/build/transformSync.js:75:18)
    at transformSync (/Users/altheazuleikasadicon/Downloads/SAVR_mobile-main/SAVR_frontend/node_modules/@expo/metro-config/build/transformSync.js:54:16)
    at Object.transform (/Users/altheazuleikasadicon/Downloads/SAVR_mobile-main/SAVR_frontend/node_modules/@expo/metro-config/build/babel-transformer.js:127:58)
 ERROR  [Error: TransformError SyntaxError: /Users/altheazuleikasadicon/Downloads/SAVR_mobile-main/SAVR_frontend/screens/LandingPage.tsx: Unexpected token, expected "," (593:0)

[0m [90m 591 |[39m   height[33m:[39m [35m30[39m[33m,[39m
 [90m 592 |[39m }
[31m[1m>[22m[39m[90m 593 |[39m })[33m;[39m
 [90m     |[39m [31m[1m^[22m[39m
 [90m 594 |[39m[0m]
 ERROR  SyntaxError: /Users/altheazuleikasadicon/Downloads/SAVR_mobile-main/SAVR_frontend/screens/LandingPage.tsx: Unexpected token, expected "," (593:0)

  591 |   height: 30,
  592 | }
> 593 | });
      | ^
  594 |
    at constructor (/Users/altheazuleikasadicon/Downloads/SAVR_mobile-main/SAVR_frontend/node_modules/@babel/parser/lib/index.js:365:19)
    at TypeScriptParserMixin.raise (/Users/altheazuleikasadicon/Downloads/SAVR_mobile-main/SAVR_frontend/node_modules/@babel/parser/lib/index.js:6599:19)
    at TypeScriptParserMixin.unexpected (/Users/altheazuleikasadicon/Downloads/SAVR_mobile-main/SAVR_frontend/node_modules/@babel/parser/lib/index.js:6619:16)
    at TypeScriptParserMixin.expect (/Users/altheazuleikasadicon/Downloads/SAVR_mobile-main/SAVR_frontend/node_modules/@babel/parser/lib/index.js:6899:12)
    at TypeScriptParserMixin.parseCallExpressionArguments (/Users/altheazuleikasadicon/Downloads/SAVR_mobile-main/SAVR_frontend/node_modules/@babel/parser/lib/index.js:11243:14)
    at TypeScriptParserMixin.parseCoverCallAndAsyncArrowHead (/Users/altheazuleikasadicon/Downloads/SAVR_mobile-main/SAVR_frontend/node_modules/@babel/parser/lib/index.js:11186:29)
    at TypeScriptParserMixin.parseSubscript (/Users/altheazuleikasadicon/Downloads/SAVR_mobile-main/SAVR_frontend/node_modules/@babel/parser/lib/index.js:11120:19)
    at TypeScriptParserMixin.parseSubscript (/Users/altheazuleikasadicon/Downloads/SAVR_mobile-main/SAVR_frontend/node_modules/@babel/parser/lib/index.js:9272:18)
    at TypeScriptParserMixin.parseSubscripts (/Users/altheazuleikasadicon/Downloads/SAVR_mobile-main/SAVR_frontend/node_modules/@babel/parser/lib/index.js:11094:19)
    at TypeScriptParserMixin.parseExprSubscripts (/Users/altheazuleikasadicon/Downloads/SAVR_mobile-main/SAVR_frontend/node_modules/@babel/parser/lib/index.js:11085:17)
    at TypeScriptParserMixin.parseUpdate (/Users/altheazuleikasadicon/Downloads/SAVR_mobile-main/SAVR_frontend/node_modules/@babel/parser/lib/index.js:11066:21)
    at TypeScriptParserMixin.parseMaybeUnary (/Users/altheazuleikasadicon/Downloads/SAVR_mobile-main/SAVR_frontend/node_modules/@babel/parser/lib/index.js:11046:23)
    at TypeScriptParserMixin.parseMaybeUnary (/Users/altheazuleikasadicon/Downloads/SAVR_mobile-main/SAVR_frontend/node_modules/@babel/parser/lib/index.js:9837:18)
    at TypeScriptParserMixin.parseMaybeUnaryOrPrivate (/Users/altheazuleikasadicon/Downloads/SAVR_mobile-main/SAVR_frontend/node_modules/@babel/parser/lib/index.js:10899:61)
    at TypeScriptParserMixin.parseExprOps (/Users/altheazuleikasadicon/Downloads/SAVR_mobile-main/SAVR_frontend/node_modules/@babel/parser/lib/index.js:10904:23)
    at TypeScriptParserMixin.parseMaybeConditional (/Users/altheazuleikasadicon/Downloads/SAVR_mobile-main/SAVR_frontend/node_modules/@babel/parser/lib/index.js:10881:23)
    at TypeScriptParserMixin.parseMaybeAssign (/Users/altheazuleikasadicon/Downloads/SAVR_mobile-main/SAVR_frontend/node_modules/@babel/parser/lib/index.js:10831:21)
    at TypeScriptParserMixin.parseMaybeAssign (/Users/altheazuleikasadicon/Downloads/SAVR_mobile-main/SAVR_frontend/node_modules/@babel/parser/lib/index.js:9786:20)
    at /Users/altheazuleikasadicon/Downloads/SAVR_mobile-main/SAVR_frontend/node_modules/@babel/parser/lib/index.js:10800:39
    at TypeScriptParserMixin.allowInAnd (/Users/altheazuleikasadicon/Downloads/SAVR_mobile-main/SAVR_frontend/node_modules/@babel/parser/lib/index.js:12421:16)
    at TypeScriptParserMixin.parseMaybeAssignAllowIn (/Users/altheazuleikasadicon/Downloads/SAVR_mobile-main/SAVR_frontend/node_modules/@babel/parser/lib/index.js:10800:17)
    at TypeScriptParserMixin.parseVar (/Users/altheazuleikasadicon/Downloads/SAVR_mobile-main/SAVR_frontend/node_modules/@babel/parser/lib/index.js:13384:91)
    at TypeScriptParserMixin.parseVarStatement (/Users/altheazuleikasadicon/Downloads/SAVR_mobile-main/SAVR_frontend/node_modules/@babel/parser/lib/index.js:13230:10)
    at TypeScriptParserMixin.parseVarStatement (/Users/altheazuleikasadicon/Downloads/SAVR_mobile-main/SAVR_frontend/node_modules/@babel/parser/lib/index.js:9408:31)
    at TypeScriptParserMixin.parseStatementContent (/Users/altheazuleikasadicon/Downloads/SAVR_mobile-main/SAVR_frontend/node_modules/@babel/parser/lib/index.js:12851:23)
    at TypeScriptParserMixin.parseStatementContent (/Users/altheazuleikasadicon/Downloads/SAVR_mobile-main/SAVR_frontend/node_modules/@babel/parser/lib/index.js:9508:18)
    at TypeScriptParserMixin.parseStatementLike (/Users/altheazuleikasadicon/Downloads/SAVR_mobile-main/SAVR_frontend/node_modules/@babel/parser/lib/index.js:12767:17)
    at TypeScriptParserMixin.parseModuleItem (/Users/altheazuleikasadicon/Downloads/SAVR_mobile-main/SAVR_frontend/node_modules/@babel/parser/lib/index.js:12744:17)
    at TypeScriptParserMixin.parseBlockOrModuleBlockBody (/Users/altheazuleikasadicon/Downloads/SAVR_mobile-main/SAVR_frontend/node_modules/@babel/parser/lib/index.js:13316:36)
    at TypeScriptParserMixin.parseBlockBody (/Users/altheazuleikasadicon/Downloads/SAVR_mobile-main/SAVR_frontend/node_modules/@babel/parser/lib/index.js:13309:10)
    at TypeScriptParserMixin.parseProgram (/Users/altheazuleikasadicon/Downloads/SAVR_mobile-main/SAVR_frontend/node_modules/@babel/parser/lib/index.js:12622:10)
    at TypeScriptParserMixin.parseTopLevel (/Users/altheazuleikasadicon/Downloads/SAVR_mobile-main/SAVR_frontend/node_modules/@babel/parser/lib/index.js:12612:25)
    at TypeScriptParserMixin.parse (/Users/altheazuleikasadicon/Downloads/SAVR_mobile-main/SAVR_frontend/node_modules/@babel/parser/lib/index.js:14488:25)
    at TypeScriptParserMixin.parse (/Users/altheazuleikasadicon/Downloads/SAVR_mobile-main/SAVR_frontend/node_modules/@babel/parser/lib/index.js:10126:18)
    at parse (/Users/altheazuleikasadicon/Downloads/SAVR_mobile-main/SAVR_frontend/node_modules/@babel/parser/lib/index.js:14501:26)
    at parser (/Users/altheazuleikasadicon/Downloads/SAVR_mobile-main/SAVR_frontend/node_modules/@babel/core/lib/parser/index.js:41:34)
    at parser.next (<anonymous>)
    at normalizeFile (/Users/altheazuleikasadicon/Downloads/SAVR_mobile-main/SAVR_frontend/node_modules/@babel/core/lib/transformation/normalize-file.js:64:37)
    at normalizeFile.next (<anonymous>)
    at run (/Users/altheazuleikasadicon/Downloads/SAVR_mobile-main/SAVR_frontend/node_modules/@babel/core/lib/transformation/index.js:22:50)
    at run.next (<anonymous>)
    at transform (/Users/altheazuleikasadicon/Downloads/SAVR_mobile-main/SAVR_frontend/node_modules/@babel/core/lib/transform.js:22:33)
    at transform.next (<anonymous>)
    at evaluateSync (/Users/altheazuleikasadicon/Downloads/SAVR_mobile-main/SAVR_frontend/node_modules/gensync/index.js:251:28)
    at sync (/Users/altheazuleikasadicon/Downloads/SAVR_mobile-main/SAVR_frontend/node_modules/gensync/index.js:89:14)
    at stopHiding - secret - don't use this - v1 (/Users/altheazuleikasadicon/Downloads/SAVR_mobile-main/SAVR_frontend/node_modules/@babel/core/lib/errors/rewrite-stack-trace.js:47:12)
    at Object.transformSync (/Users/altheazuleikasadicon/Downloads/SAVR_mobile-main/SAVR_frontend/node_modules/@babel/core/lib/transform.js:40:76)
    at parseWithBabel (/Users/altheazuleikasadicon/Downloads/SAVR_mobile-main/SAVR_frontend/node_modules/@expo/metro-config/build/transformSync.js:75:18)
    at transformSync (/Users/altheazuleikasadicon/Downloads/SAVR_mobile-main/SAVR_frontend/node_modules/@expo/metro-config/build/transformSync.js:54:16)
    at Object.transform (/Users/altheazuleikasadicon/Downloads/SAVR_mobile-main/SAVR_frontend/node_modules/@expo/metro-config/build/babel-transformer.js:127:58)
 ERROR  [Error: TransformError SyntaxError: /Users/altheazuleikasadicon/Downloads/SAVR_mobile-main/SAVR_frontend/screens/LandingPage.tsx: Unexpected token, expected "," (593:0)

[0m [90m 591 |[39m   height[33m:[39m [35m30[39m[33m,[39m
 [90m 592 |[39m }
[31m[1m>[22m[39m[90m 593 |[39m })[33m;[39m
 [90m     |[39m [31m[1m^[22m[39m
 [90m 594 |[39m[0m]
 ERROR  SyntaxError: /Users/altheazuleikasadicon/Downloads/SAVR_mobile-main/SAVR_frontend/screens/LandingPage.tsx: Unexpected token, expected "," (592:0)

  590 |     height: 30,
  591 |   }
> 592 | });
      | ^
  593 |
    at constructor (/Users/altheazuleikasadicon/Downloads/SAVR_mobile-main/SAVR_frontend/node_modules/@babel/parser/lib/index.js:365:19)
    at TypeScriptParserMixin.raise (/Users/altheazuleikasadicon/Downloads/SAVR_mobile-main/SAVR_frontend/node_modules/@babel/parser/lib/index.js:6599:19)
    at TypeScriptParserMixin.unexpected (/Users/altheazuleikasadicon/Downloads/SAVR_mobile-main/SAVR_frontend/node_modules/@babel/parser/lib/index.js:6619:16)
    at TypeScriptParserMixin.expect (/Users/altheazuleikasadicon/Downloads/SAVR_mobile-main/SAVR_frontend/node_modules/@babel/parser/lib/index.js:6899:12)
    at TypeScriptParserMixin.parseCallExpressionArguments (/Users/altheazuleikasadicon/Downloads/SAVR_mobile-main/SAVR_frontend/node_modules/@babel/parser/lib/index.js:11243:14)
    at TypeScriptParserMixin.parseCoverCallAndAsyncArrowHead (/Users/altheazuleikasadicon/Downloads/SAVR_mobile-main/SAVR_frontend/node_modules/@babel/parser/lib/index.js:11186:29)
    at TypeScriptParserMixin.parseSubscript (/Users/altheazuleikasadicon/Downloads/SAVR_mobile-main/SAVR_frontend/node_modules/@babel/parser/lib/index.js:11120:19)
    at TypeScriptParserMixin.parseSubscript (/Users/altheazuleikasadicon/Downloads/SAVR_mobile-main/SAVR_frontend/node_modules/@babel/parser/lib/index.js:9272:18)
    at TypeScriptParserMixin.parseSubscripts (/Users/altheazuleikasadicon/Downloads/SAVR_mobile-main/SAVR_frontend/node_modules/@babel/parser/lib/index.js:11094:19)
    at TypeScriptParserMixin.parseExprSubscripts (/Users/altheazuleikasadicon/Downloads/SAVR_mobile-main/SAVR_frontend/node_modules/@babel/parser/lib/index.js:11085:17)
    at TypeScriptParserMixin.parseUpdate (/Users/altheazuleikasadicon/Downloads/SAVR_mobile-main/SAVR_frontend/node_modules/@babel/parser/lib/index.js:11066:21)
    at TypeScriptParserMixin.parseMaybeUnary (/Users/altheazuleikasadicon/Downloads/SAVR_mobile-main/SAVR_frontend/node_modules/@babel/parser/lib/index.js:11046:23)
    at TypeScriptParserMixin.parseMaybeUnary (/Users/altheazuleikasadicon/Downloads/SAVR_mobile-main/SAVR_frontend/node_modules/@babel/parser/lib/index.js:9837:18)
    at TypeScriptParserMixin.parseMaybeUnaryOrPrivate (/Users/altheazuleikasadicon/Downloads/SAVR_mobile-main/SAVR_frontend/node_modules/@babel/parser/lib/index.js:10899:61)
    at TypeScriptParserMixin.parseExprOps (/Users/altheazuleikasadicon/Downloads/SAVR_mobile-main/SAVR_frontend/node_modules/@babel/parser/lib/index.js:10904:23)
    at TypeScriptParserMixin.parseMaybeConditional (/Users/altheazuleikasadicon/Downloads/SAVR_mobile-main/SAVR_frontend/node_modules/@babel/parser/lib/index.js:10881:23)
    at TypeScriptParserMixin.parseMaybeAssign (/Users/altheazuleikasadicon/Downloads/SAVR_mobile-main/SAVR_frontend/node_modules/@babel/parser/lib/index.js:10831:21)
    at TypeScriptParserMixin.parseMaybeAssign (/Users/altheazuleikasadicon/Downloads/SAVR_mobile-main/SAVR_frontend/node_modules/@babel/parser/lib/index.js:9786:20)
    at /Users/altheazuleikasadicon/Downloads/SAVR_mobile-main/SAVR_frontend/node_modules/@babel/parser/lib/index.js:10800:39
    at TypeScriptParserMixin.allowInAnd (/Users/altheazuleikasadicon/Downloads/SAVR_mobile-main/SAVR_frontend/node_modules/@babel/parser/lib/index.js:12421:16)
    at TypeScriptParserMixin.parseMaybeAssignAllowIn (/Users/altheazuleikasadicon/Downloads/SAVR_mobile-main/SAVR_frontend/node_modules/@babel/parser/lib/index.js:10800:17)
    at TypeScriptParserMixin.parseVar (/Users/altheazuleikasadicon/Downloads/SAVR_mobile-main/SAVR_frontend/node_modules/@babel/parser/lib/index.js:13384:91)
    at TypeScriptParserMixin.parseVarStatement (/Users/altheazuleikasadicon/Downloads/SAVR_mobile-main/SAVR_frontend/node_modules/@babel/parser/lib/index.js:13230:10)
    at TypeScriptParserMixin.parseVarStatement (/Users/altheazuleikasadicon/Downloads/SAVR_mobile-main/SAVR_frontend/node_modules/@babel/parser/lib/index.js:9408:31)
    at TypeScriptParserMixin.parseStatementContent (/Users/altheazuleikasadicon/Downloads/SAVR_mobile-main/SAVR_frontend/node_modules/@babel/parser/lib/index.js:12851:23)
    at TypeScriptParserMixin.parseStatementContent (/Users/altheazuleikasadicon/Downloads/SAVR_mobile-main/SAVR_frontend/node_modules/@babel/parser/lib/index.js:9508:18)
    at TypeScriptParserMixin.parseStatementLike (/Users/altheazuleikasadicon/Downloads/SAVR_mobile-main/SAVR_frontend/node_modules/@babel/parser/lib/index.js:12767:17)
    at TypeScriptParserMixin.parseModuleItem (/Users/altheazuleikasadicon/Downloads/SAVR_mobile-main/SAVR_frontend/node_modules/@babel/parser/lib/index.js:12744:17)
    at TypeScriptParserMixin.parseBlockOrModuleBlockBody (/Users/altheazuleikasadicon/Downloads/SAVR_mobile-main/SAVR_frontend/node_modules/@babel/parser/lib/index.js:13316:36)
    at TypeScriptParserMixin.parseBlockBody (/Users/altheazuleikasadicon/Downloads/SAVR_mobile-main/SAVR_frontend/node_modules/@babel/parser/lib/index.js:13309:10)
    at TypeScriptParserMixin.parseProgram (/Users/altheazuleikasadicon/Downloads/SAVR_mobile-main/SAVR_frontend/node_modules/@babel/parser/lib/index.js:12622:10)
    at TypeScriptParserMixin.parseTopLevel (/Users/altheazuleikasadicon/Downloads/SAVR_mobile-main/SAVR_frontend/node_modules/@babel/parser/lib/index.js:12612:25)
    at TypeScriptParserMixin.parse (/Users/altheazuleikasadicon/Downloads/SAVR_mobile-main/SAVR_frontend/node_modules/@babel/parser/lib/index.js:14488:25)
    at TypeScriptParserMixin.parse (/Users/altheazuleikasadicon/Downloads/SAVR_mobile-main/SAVR_frontend/node_modules/@babel/parser/lib/index.js:10126:18)
    at parse (/Users/altheazuleikasadicon/Downloads/SAVR_mobile-main/SAVR_frontend/node_modules/@babel/parser/lib/index.js:14501:26)
    at parser (/Users/altheazuleikasadicon/Downloads/SAVR_mobile-main/SAVR_frontend/node_modules/@babel/core/lib/parser/index.js:41:34)
    at parser.next (<anonymous>)
    at normalizeFile (/Users/altheazuleikasadicon/Downloads/SAVR_mobile-main/SAVR_frontend/node_modules/@babel/core/lib/transformation/normalize-file.js:64:37)
    at normalizeFile.next (<anonymous>)
    at run (/Users/altheazuleikasadicon/Downloads/SAVR_mobile-main/SAVR_frontend/node_modules/@babel/core/lib/transformation/index.js:22:50)
    at run.next (<anonymous>)
    at transform (/Users/altheazuleikasadicon/Downloads/SAVR_mobile-main/SAVR_frontend/node_modules/@babel/core/lib/transform.js:22:33)
    at transform.next (<anonymous>)
    at evaluateSync (/Users/altheazuleikasadicon/Downloads/SAVR_mobile-main/SAVR_frontend/node_modules/gensync/index.js:251:28)
    at sync (/Users/altheazuleikasadicon/Downloads/SAVR_mobile-main/SAVR_frontend/node_modules/gensync/index.js:89:14)
    at stopHiding - secret - don't use this - v1 (/Users/altheazuleikasadicon/Downloads/SAVR_mobile-main/SAVR_frontend/node_modules/@babel/core/lib/errors/rewrite-stack-trace.js:47:12)
    at Object.transformSync (/Users/altheazuleikasadicon/Downloads/SAVR_mobile-main/SAVR_frontend/node_modules/@babel/core/lib/transform.js:40:76)
    at parseWithBabel (/Users/altheazuleikasadicon/Downloads/SAVR_mobile-main/SAVR_frontend/node_modules/@expo/metro-config/build/transformSync.js:75:18)
    at transformSync (/Users/altheazuleikasadicon/Downloads/SAVR_mobile-main/SAVR_frontend/node_modules/@expo/metro-config/build/transformSync.js:54:16)
    at Object.transform (/Users/altheazuleikasadicon/Downloads/SAVR_mobile-main/SAVR_frontend/node_modules/@expo/metro-config/build/babel-transformer.js:127:58)
 ERROR  [Error: TransformError SyntaxError: /Users/altheazuleikasadicon/Downloads/SAVR_mobile-main/SAVR_frontend/screens/LandingPage.tsx: Unexpected token, expected "," (592:0)

[0m [90m 590 |[39m     height[33m:[39m [35m30[39m[33m,[39m
 [90m 591 |[39m   }
[31m[1m>[22m[39m[90m 592 |[39m })[33m;[39m
 [90m     |[39m [31m[1m^[22m[39m
 [90m 593 |[39m[0m]
 ERROR  SyntaxError: /Users/altheazuleikasadicon/Downloads/SAVR_mobile-main/SAVR_frontend/screens/LandingPage.tsx: Unexpected token, expected "," (593:0)

  591 |     height: 30,
  592 |   }
> 593 | });
      | ^
  594 |
    at constructor (/Users/altheazuleikasadicon/Downloads/SAVR_mobile-main/SAVR_frontend/node_modules/@babel/parser/lib/index.js:365:19)
    at TypeScriptParserMixin.raise (/Users/altheazuleikasadicon/Downloads/SAVR_mobile-main/SAVR_frontend/node_modules/@babel/parser/lib/index.js:6599:19)
    at TypeScriptParserMixin.unexpected (/Users/altheazuleikasadicon/Downloads/SAVR_mobile-main/SAVR_frontend/node_modules/@babel/parser/lib/index.js:6619:16)
    at TypeScriptParserMixin.expect (/Users/altheazuleikasadicon/Downloads/SAVR_mobile-main/SAVR_frontend/node_modules/@babel/parser/lib/index.js:6899:12)
    at TypeScriptParserMixin.parseCallExpressionArguments (/Users/altheazuleikasadicon/Downloads/SAVR_mobile-main/SAVR_frontend/node_modules/@babel/parser/lib/index.js:11243:14)
    at TypeScriptParserMixin.parseCoverCallAndAsyncArrowHead (/Users/altheazuleikasadicon/Downloads/SAVR_mobile-main/SAVR_frontend/node_modules/@babel/parser/lib/index.js:11186:29)
    at TypeScriptParserMixin.parseSubscript (/Users/altheazuleikasadicon/Downloads/SAVR_mobile-main/SAVR_frontend/node_modules/@babel/parser/lib/index.js:11120:19)
    at TypeScriptParserMixin.parseSubscript (/Users/altheazuleikasadicon/Downloads/SAVR_mobile-main/SAVR_frontend/node_modules/@babel/parser/lib/index.js:9272:18)
    at TypeScriptParserMixin.parseSubscripts (/Users/altheazuleikasadicon/Downloads/SAVR_mobile-main/SAVR_frontend/node_modules/@babel/parser/lib/index.js:11094:19)
    at TypeScriptParserMixin.parseExprSubscripts (/Users/altheazuleikasadicon/Downloads/SAVR_mobile-main/SAVR_frontend/node_modules/@babel/parser/lib/index.js:11085:17)
    at TypeScriptParserMixin.parseUpdate (/Users/altheazuleikasadicon/Downloads/SAVR_mobile-main/SAVR_frontend/node_modules/@babel/parser/lib/index.js:11066:21)
    at TypeScriptParserMixin.parseMaybeUnary (/Users/altheazuleikasadicon/Downloads/SAVR_mobile-main/SAVR_frontend/node_modules/@babel/parser/lib/index.js:11046:23)
    at TypeScriptParserMixin.parseMaybeUnary (/Users/altheazuleikasadicon/Downloads/SAVR_mobile-main/SAVR_frontend/node_modules/@babel/parser/lib/index.js:9837:18)
    at TypeScriptParserMixin.parseMaybeUnaryOrPrivate (/Users/altheazuleikasadicon/Downloads/SAVR_mobile-main/SAVR_frontend/node_modules/@babel/parser/lib/index.js:10899:61)
    at TypeScriptParserMixin.parseExprOps (/Users/altheazuleikasadicon/Downloads/SAVR_mobile-main/SAVR_frontend/node_modules/@babel/parser/lib/index.js:10904:23)
    at TypeScriptParserMixin.parseMaybeConditional (/Users/altheazuleikasadicon/Downloads/SAVR_mobile-main/SAVR_frontend/node_modules/@babel/parser/lib/index.js:10881:23)
    at TypeScriptParserMixin.parseMaybeAssign (/Users/altheazuleikasadicon/Downloads/SAVR_mobile-main/SAVR_frontend/node_modules/@babel/parser/lib/index.js:10831:21)
    at TypeScriptParserMixin.parseMaybeAssign (/Users/altheazuleikasadicon/Downloads/SAVR_mobile-main/SAVR_frontend/node_modules/@babel/parser/lib/index.js:9786:20)
    at /Users/altheazuleikasadicon/Downloads/SAVR_mobile-main/SAVR_frontend/node_modules/@babel/parser/lib/index.js:10800:39
    at TypeScriptParserMixin.allowInAnd (/Users/altheazuleikasadicon/Downloads/SAVR_mobile-main/SAVR_frontend/node_modules/@babel/parser/lib/index.js:12421:16)
    at TypeScriptParserMixin.parseMaybeAssignAllowIn (/Users/altheazuleikasadicon/Downloads/SAVR_mobile-main/SAVR_frontend/node_modules/@babel/parser/lib/index.js:10800:17)
    at TypeScriptParserMixin.parseVar (/Users/altheazuleikasadicon/Downloads/SAVR_mobile-main/SAVR_frontend/node_modules/@babel/parser/lib/index.js:13384:91)
    at TypeScriptParserMixin.parseVarStatement (/Users/altheazuleikasadicon/Downloads/SAVR_mobile-main/SAVR_frontend/node_modules/@babel/parser/lib/index.js:13230:10)
    at TypeScriptParserMixin.parseVarStatement (/Users/altheazuleikasadicon/Downloads/SAVR_mobile-main/SAVR_frontend/node_modules/@babel/parser/lib/index.js:9408:31)
    at TypeScriptParserMixin.parseStatementContent (/Users/altheazuleikasadicon/Downloads/SAVR_mobile-main/SAVR_frontend/node_modules/@babel/parser/lib/index.js:12851:23)
    at TypeScriptParserMixin.parseStatementContent (/Users/altheazuleikasadicon/Downloads/SAVR_mobile-main/SAVR_frontend/node_modules/@babel/parser/lib/index.js:9508:18)
    at TypeScriptParserMixin.parseStatementLike (/Users/altheazuleikasadicon/Downloads/SAVR_mobile-main/SAVR_frontend/node_modules/@babel/parser/lib/index.js:12767:17)
    at TypeScriptParserMixin.parseModuleItem (/Users/altheazuleikasadicon/Downloads/SAVR_mobile-main/SAVR_frontend/node_modules/@babel/parser/lib/index.js:12744:17)
    at TypeScriptParserMixin.parseBlockOrModuleBlockBody (/Users/altheazuleikasadicon/Downloads/SAVR_mobile-main/SAVR_frontend/node_modules/@babel/parser/lib/index.js:13316:36)
    at TypeScriptParserMixin.parseBlockBody (/Users/altheazuleikasadicon/Downloads/SAVR_mobile-main/SAVR_frontend/node_modules/@babel/parser/lib/index.js:13309:10)
    at TypeScriptParserMixin.parseProgram (/Users/altheazuleikasadicon/Downloads/SAVR_mobile-main/SAVR_frontend/node_modules/@babel/parser/lib/index.js:12622:10)
    at TypeScriptParserMixin.parseTopLevel (/Users/altheazuleikasadicon/Downloads/SAVR_mobile-main/SAVR_frontend/node_modules/@babel/parser/lib/index.js:12612:25)
    at TypeScriptParserMixin.parse (/Users/altheazuleikasadicon/Downloads/SAVR_mobile-main/SAVR_frontend/node_modules/@babel/parser/lib/index.js:14488:25)
    at TypeScriptParserMixin.parse (/Users/altheazuleikasadicon/Downloads/SAVR_mobile-main/SAVR_frontend/node_modules/@babel/parser/lib/index.js:10126:18)
    at parse (/Users/altheazuleikasadicon/Downloads/SAVR_mobile-main/SAVR_frontend/node_modules/@babel/parser/lib/index.js:14501:26)
    at parser (/Users/altheazuleikasadicon/Downloads/SAVR_mobile-main/SAVR_frontend/node_modules/@babel/core/lib/parser/index.js:41:34)
    at parser.next (<anonymous>)
    at normalizeFile (/Users/altheazuleikasadicon/Downloads/SAVR_mobile-main/SAVR_frontend/node_modules/@babel/core/lib/transformation/normalize-file.js:64:37)
    at normalizeFile.next (<anonymous>)
    at run (/Users/altheazuleikasadicon/Downloads/SAVR_mobile-main/SAVR_frontend/node_modules/@babel/core/lib/transformation/index.js:22:50)
    at run.next (<anonymous>)
    at transform (/Users/altheazuleikasadicon/Downloads/SAVR_mobile-main/SAVR_frontend/node_modules/@babel/core/lib/transform.js:22:33)
    at transform.next (<anonymous>)
    at evaluateSync (/Users/altheazuleikasadicon/Downloads/SAVR_mobile-main/SAVR_frontend/node_modules/gensync/index.js:251:28)
    at sync (/Users/altheazuleikasadicon/Downloads/SAVR_mobile-main/SAVR_frontend/node_modules/gensync/index.js:89:14)
    at stopHiding - secret - don't use this - v1 (/Users/altheazuleikasadicon/Downloads/SAVR_mobile-main/SAVR_frontend/node_modules/@babel/core/lib/errors/rewrite-stack-trace.js:47:12)
    at Object.transformSync (/Users/altheazuleikasadicon/Downloads/SAVR_mobile-main/SAVR_frontend/node_modules/@babel/core/lib/transform.js:40:76)
    at parseWithBabel (/Users/altheazuleikasadicon/Downloads/SAVR_mobile-main/SAVR_frontend/node_modules/@expo/metro-config/build/transformSync.js:75:18)
    at transformSync (/Users/altheazuleikasadicon/Downloads/SAVR_mobile-main/SAVR_frontend/node_modules/@expo/metro-config/build/transformSync.js:54:16)
    at Object.transform (/Users/altheazuleikasadicon/Downloads/SAVR_mobile-main/SAVR_frontend/node_modules/@expo/metro-config/build/babel-transformer.js:127:58)
 ERROR  [Error: TransformError SyntaxError: /Users/altheazuleikasadicon/Downloads/SAVR_mobile-main/SAVR_frontend/screens/LandingPage.tsx: Unexpected token, expected "," (593:0)

[0m [90m 591 |[39m     height[33m:[39m [35m30[39m[33m,[39m
 [90m 592 |[39m   }
[31m[1m>[22m[39m[90m 593 |[39m })[33m;[39m
 [90m     |[39m [31m[1m^[22m[39m
 [90m 594 |[39m[0m]
 ERROR  SyntaxError: /Users/altheazuleikasadicon/Downloads/SAVR_mobile-main/SAVR_frontend/screens/LandingPage.tsx: Unexpected token, expected "," (593:0)

  591 |     height: 30,
  592 |   }
> 593 | });
      | ^
  594 |
    at constructor (/Users/altheazuleikasadicon/Downloads/SAVR_mobile-main/SAVR_frontend/node_modules/@babel/parser/lib/index.js:365:19)
    at TypeScriptParserMixin.raise (/Users/altheazuleikasadicon/Downloads/SAVR_mobile-main/SAVR_frontend/node_modules/@babel/parser/lib/index.js:6599:19)
    at TypeScriptParserMixin.unexpected (/Users/altheazuleikasadicon/Downloads/SAVR_mobile-main/SAVR_frontend/node_modules/@babel/parser/lib/index.js:6619:16)
    at TypeScriptParserMixin.expect (/Users/altheazuleikasadicon/Downloads/SAVR_mobile-main/SAVR_frontend/node_modules/@babel/parser/lib/index.js:6899:12)
    at TypeScriptParserMixin.parseCallExpressionArguments (/Users/altheazuleikasadicon/Downloads/SAVR_mobile-main/SAVR_frontend/node_modules/@babel/parser/lib/index.js:11243:14)
    at TypeScriptParserMixin.parseCoverCallAndAsyncArrowHead (/Users/altheazuleikasadicon/Downloads/SAVR_mobile-main/SAVR_frontend/node_modules/@babel/parser/lib/index.js:11186:29)
    at TypeScriptParserMixin.parseSubscript (/Users/altheazuleikasadicon/Downloads/SAVR_mobile-main/SAVR_frontend/node_modules/@babel/parser/lib/index.js:11120:19)
    at TypeScriptParserMixin.parseSubscript (/Users/altheazuleikasadicon/Downloads/SAVR_mobile-main/SAVR_frontend/node_modules/@babel/parser/lib/index.js:9272:18)
    at TypeScriptParserMixin.parseSubscripts (/Users/altheazuleikasadicon/Downloads/SAVR_mobile-main/SAVR_frontend/node_modules/@babel/parser/lib/index.js:11094:19)
    at TypeScriptParserMixin.parseExprSubscripts (/Users/altheazuleikasadicon/Downloads/SAVR_mobile-main/SAVR_frontend/node_modules/@babel/parser/lib/index.js:11085:17)
    at TypeScriptParserMixin.parseUpdate (/Users/altheazuleikasadicon/Downloads/SAVR_mobile-main/SAVR_frontend/node_modules/@babel/parser/lib/index.js:11066:21)
    at TypeScriptParserMixin.parseMaybeUnary (/Users/altheazuleikasadicon/Downloads/SAVR_mobile-main/SAVR_frontend/node_modules/@babel/parser/lib/index.js:11046:23)
    at TypeScriptParserMixin.parseMaybeUnary (/Users/altheazuleikasadicon/Downloads/SAVR_mobile-main/SAVR_frontend/node_modules/@babel/parser/lib/index.js:9837:18)
    at TypeScriptParserMixin.parseMaybeUnaryOrPrivate (/Users/altheazuleikasadicon/Downloads/SAVR_mobile-main/SAVR_frontend/node_modules/@babel/parser/lib/index.js:10899:61)
    at TypeScriptParserMixin.parseExprOps (/Users/altheazuleikasadicon/Downloads/SAVR_mobile-main/SAVR_frontend/node_modules/@babel/parser/lib/index.js:10904:23)
    at TypeScriptParserMixin.parseMaybeConditional (/Users/altheazuleikasadicon/Downloads/SAVR_mobile-main/SAVR_frontend/node_modules/@babel/parser/lib/index.js:10881:23)
    at TypeScriptParserMixin.parseMaybeAssign (/Users/altheazuleikasadicon/Downloads/SAVR_mobile-main/SAVR_frontend/node_modules/@babel/parser/lib/index.js:10831:21)
    at TypeScriptParserMixin.parseMaybeAssign (/Users/altheazuleikasadicon/Downloads/SAVR_mobile-main/SAVR_frontend/node_modules/@babel/parser/lib/index.js:9786:20)
    at /Users/altheazuleikasadicon/Downloads/SAVR_mobile-main/SAVR_frontend/node_modules/@babel/parser/lib/index.js:10800:39
    at TypeScriptParserMixin.allowInAnd (/Users/altheazuleikasadicon/Downloads/SAVR_mobile-main/SAVR_frontend/node_modules/@babel/parser/lib/index.js:12421:16)
    at TypeScriptParserMixin.parseMaybeAssignAllowIn (/Users/altheazuleikasadicon/Downloads/SAVR_mobile-main/SAVR_frontend/node_modules/@babel/parser/lib/index.js:10800:17)
    at TypeScriptParserMixin.parseVar (/Users/altheazuleikasadicon/Downloads/SAVR_mobile-main/SAVR_frontend/node_modules/@babel/parser/lib/index.js:13384:91)
    at TypeScriptParserMixin.parseVarStatement (/Users/altheazuleikasadicon/Downloads/SAVR_mobile-main/SAVR_frontend/node_modules/@babel/parser/lib/index.js:13230:10)
    at TypeScriptParserMixin.parseVarStatement (/Users/altheazuleikasadicon/Downloads/SAVR_mobile-main/SAVR_frontend/node_modules/@babel/parser/lib/index.js:9408:31)
    at TypeScriptParserMixin.parseStatementContent (/Users/altheazuleikasadicon/Downloads/SAVR_mobile-main/SAVR_frontend/node_modules/@babel/parser/lib/index.js:12851:23)
    at TypeScriptParserMixin.parseStatementContent (/Users/altheazuleikasadicon/Downloads/SAVR_mobile-main/SAVR_frontend/node_modules/@babel/parser/lib/index.js:9508:18)
    at TypeScriptParserMixin.parseStatementLike (/Users/altheazuleikasadicon/Downloads/SAVR_mobile-main/SAVR_frontend/node_modules/@babel/parser/lib/index.js:12767:17)
    at TypeScriptParserMixin.parseModuleItem (/Users/altheazuleikasadicon/Downloads/SAVR_mobile-main/SAVR_frontend/node_modules/@babel/parser/lib/index.js:12744:17)
    at TypeScriptParserMixin.parseBlockOrModuleBlockBody (/Users/altheazuleikasadicon/Downloads/SAVR_mobile-main/SAVR_frontend/node_modules/@babel/parser/lib/index.js:13316:36)
    at TypeScriptParserMixin.parseBlockBody (/Users/altheazuleikasadicon/Downloads/SAVR_mobile-main/SAVR_frontend/node_modules/@babel/parser/lib/index.js:13309:10)
    at TypeScriptParserMixin.parseProgram (/Users/altheazuleikasadicon/Downloads/SAVR_mobile-main/SAVR_frontend/node_modules/@babel/parser/lib/index.js:12622:10)
    at TypeScriptParserMixin.parseTopLevel (/Users/altheazuleikasadicon/Downloads/SAVR_mobile-main/SAVR_frontend/node_modules/@babel/parser/lib/index.js:12612:25)
    at TypeScriptParserMixin.parse (/Users/altheazuleikasadicon/Downloads/SAVR_mobile-main/SAVR_frontend/node_modules/@babel/parser/lib/index.js:14488:25)
    at TypeScriptParserMixin.parse (/Users/altheazuleikasadicon/Downloads/SAVR_mobile-main/SAVR_frontend/node_modules/@babel/parser/lib/index.js:10126:18)
    at parse (/Users/altheazuleikasadicon/Downloads/SAVR_mobile-main/SAVR_frontend/node_modules/@babel/parser/lib/index.js:14501:26)
    at parser (/Users/altheazuleikasadicon/Downloads/SAVR_mobile-main/SAVR_frontend/node_modules/@babel/core/lib/parser/index.js:41:34)
    at parser.next (<anonymous>)
    at normalizeFile (/Users/altheazuleikasadicon/Downloads/SAVR_mobile-main/SAVR_frontend/node_modules/@babel/core/lib/transformation/normalize-file.js:64:37)
    at normalizeFile.next (<anonymous>)
    at run (/Users/altheazuleikasadicon/Downloads/SAVR_mobile-main/SAVR_frontend/node_modules/@babel/core/lib/transformation/index.js:22:50)
    at run.next (<anonymous>)
    at transform (/Users/altheazuleikasadicon/Downloads/SAVR_mobile-main/SAVR_frontend/node_modules/@babel/core/lib/transform.js:22:33)
    at transform.next (<anonymous>)
    at evaluateSync (/Users/altheazuleikasadicon/Downloads/SAVR_mobile-main/SAVR_frontend/node_modules/gensync/index.js:251:28)
    at sync (/Users/altheazuleikasadicon/Downloads/SAVR_mobile-main/SAVR_frontend/node_modules/gensync/index.js:89:14)
    at stopHiding - secret - don't use this - v1 (/Users/altheazuleikasadicon/Downloads/SAVR_mobile-main/SAVR_frontend/node_modules/@babel/core/lib/errors/rewrite-stack-trace.js:47:12)
    at Object.transformSync (/Users/altheazuleikasadicon/Downloads/SAVR_mobile-main/SAVR_frontend/node_modules/@babel/core/lib/transform.js:40:76)
    at parseWithBabel (/Users/altheazuleikasadicon/Downloads/SAVR_mobile-main/SAVR_frontend/node_modules/@expo/metro-config/build/transformSync.js:75:18)
    at transformSync (/Users/altheazuleikasadicon/Downloads/SAVR_mobile-main/SAVR_frontend/node_modules/@expo/metro-config/build/transformSync.js:54:16)
    at Object.transform (/Users/altheazuleikasadicon/Downloads/SAVR_mobile-main/SAVR_frontend/node_modules/@expo/metro-config/build/babel-transformer.js:127:58)
 ERROR  [Error: TransformError SyntaxError: /Users/altheazuleikasadicon/Downloads/SAVR_mobile-main/SAVR_frontend/screens/LandingPage.tsx: Unexpected token, expected "," (593:0)

[0m [90m 591 |[39m     height[33m:[39m [35m30[39m[33m,[39m
 [90m 592 |[39m   }
[31m[1m>[22m[39m[90m 593 |[39m })[33m;[39m
 [90m     |[39m [31m[1m^[22m[39m
 [90m 594 |[39m[0m]
 ERROR  SyntaxError: /Users/altheazuleikasadicon/Downloads/SAVR_mobile-main/SAVR_frontend/screens/LandingPage.tsx: Unexpected token, expected "," (593:0)

  591 |   height: 30,
  592 | }
> 593 | });
      | ^
  594 |
    at constructor (/Users/altheazuleikasadicon/Downloads/SAVR_mobile-main/SAVR_frontend/node_modules/@babel/parser/lib/index.js:365:19)
    at TypeScriptParserMixin.raise (/Users/altheazuleikasadicon/Downloads/SAVR_mobile-main/SAVR_frontend/node_modules/@babel/parser/lib/index.js:6599:19)
    at TypeScriptParserMixin.unexpected (/Users/altheazuleikasadicon/Downloads/SAVR_mobile-main/SAVR_frontend/node_modules/@babel/parser/lib/index.js:6619:16)
    at TypeScriptParserMixin.expect (/Users/altheazuleikasadicon/Downloads/SAVR_mobile-main/SAVR_frontend/node_modules/@babel/parser/lib/index.js:6899:12)
    at TypeScriptParserMixin.parseCallExpressionArguments (/Users/altheazuleikasadicon/Downloads/SAVR_mobile-main/SAVR_frontend/node_modules/@babel/parser/lib/index.js:11243:14)
    at TypeScriptParserMixin.parseCoverCallAndAsyncArrowHead (/Users/altheazuleikasadicon/Downloads/SAVR_mobile-main/SAVR_frontend/node_modules/@babel/parser/lib/index.js:11186:29)
    at TypeScriptParserMixin.parseSubscript (/Users/altheazuleikasadicon/Downloads/SAVR_mobile-main/SAVR_frontend/node_modules/@babel/parser/lib/index.js:11120:19)
    at TypeScriptParserMixin.parseSubscript (/Users/altheazuleikasadicon/Downloads/SAVR_mobile-main/SAVR_frontend/node_modules/@babel/parser/lib/index.js:9272:18)
    at TypeScriptParserMixin.parseSubscripts (/Users/altheazuleikasadicon/Downloads/SAVR_mobile-main/SAVR_frontend/node_modules/@babel/parser/lib/index.js:11094:19)
    at TypeScriptParserMixin.parseExprSubscripts (/Users/altheazuleikasadicon/Downloads/SAVR_mobile-main/SAVR_frontend/node_modules/@babel/parser/lib/index.js:11085:17)
    at TypeScriptParserMixin.parseUpdate (/Users/altheazuleikasadicon/Downloads/SAVR_mobile-main/SAVR_frontend/node_modules/@babel/parser/lib/index.js:11066:21)
    at TypeScriptParserMixin.parseMaybeUnary (/Users/altheazuleikasadicon/Downloads/SAVR_mobile-main/SAVR_frontend/node_modules/@babel/parser/lib/index.js:11046:23)
    at TypeScriptParserMixin.parseMaybeUnary (/Users/altheazuleikasadicon/Downloads/SAVR_mobile-main/SAVR_frontend/node_modules/@babel/parser/lib/index.js:9837:18)
    at TypeScriptParserMixin.parseMaybeUnaryOrPrivate (/Users/altheazuleikasadicon/Downloads/SAVR_mobile-main/SAVR_frontend/node_modules/@babel/parser/lib/index.js:10899:61)
    at TypeScriptParserMixin.parseExprOps (/Users/altheazuleikasadicon/Downloads/SAVR_mobile-main/SAVR_frontend/node_modules/@babel/parser/lib/index.js:10904:23)
    at TypeScriptParserMixin.parseMaybeConditional (/Users/altheazuleikasadicon/Downloads/SAVR_mobile-main/SAVR_frontend/node_modules/@babel/parser/lib/index.js:10881:23)
    at TypeScriptParserMixin.parseMaybeAssign (/Users/altheazuleikasadicon/Downloads/SAVR_mobile-main/SAVR_frontend/node_modules/@babel/parser/lib/index.js:10831:21)
    at TypeScriptParserMixin.parseMaybeAssign (/Users/altheazuleikasadicon/Downloads/SAVR_mobile-main/SAVR_frontend/node_modules/@babel/parser/lib/index.js:9786:20)
    at /Users/altheazuleikasadicon/Downloads/SAVR_mobile-main/SAVR_frontend/node_modules/@babel/parser/lib/index.js:10800:39
    at TypeScriptParserMixin.allowInAnd (/Users/altheazuleikasadicon/Downloads/SAVR_mobile-main/SAVR_frontend/node_modules/@babel/parser/lib/index.js:12421:16)
    at TypeScriptParserMixin.parseMaybeAssignAllowIn (/Users/altheazuleikasadicon/Downloads/SAVR_mobile-main/SAVR_frontend/node_modules/@babel/parser/lib/index.js:10800:17)
    at TypeScriptParserMixin.parseVar (/Users/altheazuleikasadicon/Downloads/SAVR_mobile-main/SAVR_frontend/node_modules/@babel/parser/lib/index.js:13384:91)
    at TypeScriptParserMixin.parseVarStatement (/Users/altheazuleikasadicon/Downloads/SAVR_mobile-main/SAVR_frontend/node_modules/@babel/parser/lib/index.js:13230:10)
    at TypeScriptParserMixin.parseVarStatement (/Users/altheazuleikasadicon/Downloads/SAVR_mobile-main/SAVR_frontend/node_modules/@babel/parser/lib/index.js:9408:31)
    at TypeScriptParserMixin.parseStatementContent (/Users/altheazuleikasadicon/Downloads/SAVR_mobile-main/SAVR_frontend/node_modules/@babel/parser/lib/index.js:12851:23)
    at TypeScriptParserMixin.parseStatementContent (/Users/altheazuleikasadicon/Downloads/SAVR_mobile-main/SAVR_frontend/node_modules/@babel/parser/lib/index.js:9508:18)
    at TypeScriptParserMixin.parseStatementLike (/Users/altheazuleikasadicon/Downloads/SAVR_mobile-main/SAVR_frontend/node_modules/@babel/parser/lib/index.js:12767:17)
    at TypeScriptParserMixin.parseModuleItem (/Users/altheazuleikasadicon/Downloads/SAVR_mobile-main/SAVR_frontend/node_modules/@babel/parser/lib/index.js:12744:17)
    at TypeScriptParserMixin.parseBlockOrModuleBlockBody (/Users/altheazuleikasadicon/Downloads/SAVR_mobile-main/SAVR_frontend/node_modules/@babel/parser/lib/index.js:13316:36)
    at TypeScriptParserMixin.parseBlockBody (/Users/altheazuleikasadicon/Downloads/SAVR_mobile-main/SAVR_frontend/node_modules/@babel/parser/lib/index.js:13309:10)
    at TypeScriptParserMixin.parseProgram (/Users/altheazuleikasadicon/Downloads/SAVR_mobile-main/SAVR_frontend/node_modules/@babel/parser/lib/index.js:12622:10)
    at TypeScriptParserMixin.parseTopLevel (/Users/altheazuleikasadicon/Downloads/SAVR_mobile-main/SAVR_frontend/node_modules/@babel/parser/lib/index.js:12612:25)
    at TypeScriptParserMixin.parse (/Users/altheazuleikasadicon/Downloads/SAVR_mobile-main/SAVR_frontend/node_modules/@babel/parser/lib/index.js:14488:25)
    at TypeScriptParserMixin.parse (/Users/altheazuleikasadicon/Downloads/SAVR_mobile-main/SAVR_frontend/node_modules/@babel/parser/lib/index.js:10126:18)
    at parse (/Users/altheazuleikasadicon/Downloads/SAVR_mobile-main/SAVR_frontend/node_modules/@babel/parser/lib/index.js:14501:26)
    at parser (/Users/altheazuleikasadicon/Downloads/SAVR_mobile-main/SAVR_frontend/node_modules/@babel/core/lib/parser/index.js:41:34)
    at parser.next (<anonymous>)
    at normalizeFile (/Users/altheazuleikasadicon/Downloads/SAVR_mobile-main/SAVR_frontend/node_modules/@babel/core/lib/transformation/normalize-file.js:64:37)
    at normalizeFile.next (<anonymous>)
    at run (/Users/altheazuleikasadicon/Downloads/SAVR_mobile-main/SAVR_frontend/node_modules/@babel/core/lib/transformation/index.js:22:50)
    at run.next (<anonymous>)
    at transform (/Users/altheazuleikasadicon/Downloads/SAVR_mobile-main/SAVR_frontend/node_modules/@babel/core/lib/transform.js:22:33)
    at transform.next (<anonymous>)
    at evaluateSync (/Users/altheazuleikasadicon/Downloads/SAVR_mobile-main/SAVR_frontend/node_modules/gensync/index.js:251:28)
    at sync (/Users/altheazuleikasadicon/Downloads/SAVR_mobile-main/SAVR_frontend/node_modules/gensync/index.js:89:14)
    at stopHiding - secret - don't use this - v1 (/Users/altheazuleikasadicon/Downloads/SAVR_mobile-main/SAVR_frontend/node_modules/@babel/core/lib/errors/rewrite-stack-trace.js:47:12)
    at Object.transformSync (/Users/altheazuleikasadicon/Downloads/SAVR_mobile-main/SAVR_frontend/node_modules/@babel/core/lib/transform.js:40:76)
    at parseWithBabel (/Users/altheazuleikasadicon/Downloads/SAVR_mobile-main/SAVR_frontend/node_modules/@expo/metro-config/build/transformSync.js:75:18)
    at transformSync (/Users/altheazuleikasadicon/Downloads/SAVR_mobile-main/SAVR_frontend/node_modules/@expo/metro-config/build/transformSync.js:54:16)
    at Object.transform (/Users/altheazuleikasadicon/Downloads/SAVR_mobile-main/SAVR_frontend/node_modules/@expo/metro-config/build/babel-transformer.js:127:58)
 ERROR  [Error: TransformError SyntaxError: /Users/altheazuleikasadicon/Downloads/SAVR_mobile-main/SAVR_frontend/screens/LandingPage.tsx: Unexpected token, expected "," (593:0)

[0m [90m 591 |[39m   height[33m:[39m [35m30[39m[33m,[39m
 [90m 592 |[39m }
[31m[1m>[22m[39m[90m 593 |[39m })[33m;[39m
 [90m     |[39m [31m[1m^[22m[39m
 [90m 594 |[39m[0m]
 ERROR  Failed to load dashboard [AxiosError: Network Error]
 ERROR  Failed to load dashboard [AxiosError: Network Error]
 ERROR  Failed to fetch pickups [AxiosError: Network Error]
iOS ./index.ts ░░░░░░░░░░░░░░░░  0.0% (0/1)
iOS Bundled 135ms index.ts (1 module)
 WARN  SafeAreaView has been deprecated and will be removed in a future release. Please use 'react-native-safe-area-context' instead. See https://github.com/th3rdwave/react-native-safe-area-context
iOS ./index.ts ░░░░░░░░░░░░░░░░  0.0% (0/1)
iOS Bundled 189ms index.ts (1 module)
 WARN  SafeAreaView has been deprecated and will be removed in a future release. Please use 'react-native-safe-area-context' instead. See https://github.com/th3rdwave/react-native-safe-area-context
 ERROR  The action 'RESET' with payload {"index":0,"routes":[{"name":"DonorDashboard"}]} was not handled by any navigator.

This is a development-only warning and won't be shown in production.
 ERROR  The action 'RESET' with payload {"index":0,"routes":[{"name":"DonorDashboard"}]} was not handled by any navigator.

This is a development-only warning and won't be shown in production.
 ERROR  The action 'RESET' with payload {"index":0,"routes":[{"name":"DonorDashboard"}]} was not handled by any navigator.

This is a development-only warning and won't be shown in production.
 ERROR  The action 'RESET' with payload {"index":0,"routes":[{"name":"DonorDashboard"}]} was not handled by any navigator.

This is a development-only warning and won't be shown in production.
 ERROR  The action 'RESET' with payload {"index":0,"routes":[{"name":"DonorDashboard"}]} was not handled by any navigator.

This is a development-only warning and won't be shown in production.
 ERROR  The action 'RESET' with payload {"index":0,"routes":[{"name":"DonorDashboard"}]} was not handled by any navigator.

This is a development-only warning and won't be shown in production.
 ERROR  The action 'RESET' with payload {"index":0,"routes":[{"name":"DonorDashboard"}]} was not handled by any navigator.

This is a development-only warning and won't be shown in production.
 ERROR  The action 'RESET' with payload {"index":0,"routes":[{"name":"DonorDashboard"}]} was not handled by any navigator.

This is a development-only warning and won't be shown in production.
 ERROR  The action 'RESET' with payload {"index":0,"routes":[{"name":"DonorDashboard"}]} was not handled by any navigator.

This is a development-only warning and won't be shown in production.
 ERROR  The action 'RESET' with payload {"index":0,"routes":[{"name":"DonorDashboard"}]} was not handled by any navigator.

This is a development-only warning and won't be shown in production.
 ERROR  The action 'RESET' with payload {"index":0,"routes":[{"name":"DonorDashboard"}]} was not handled by any navigator.

This is a development-only warning and won't be shown in production.
 ERROR  The action 'RESET' with payload {"index":0,"routes":[{"name":"DonorDashboard"}]} was not handled by any navigator.

This is a development-only warning and won't be shown in production.
 ERROR  The action 'RESET' with payload {"index":0,"routes":[{"name":"DonorDashboard"}]} was not handled by any navigator.

This is a development-only warning and won't be shown in production.
 ERROR  The action 'RESET' with payload {"index":0,"routes":[{"name":"DonorDashboard"}]} was not handled by any navigator.

This is a development-only warning and won't be shown in production.
 ERROR  The action 'RESET' with payload {"index":0,"routes":[{"name":"DonorDashboard"}]} was not handled by any navigator.

This is a development-only warning and won't be shown in production.
 ERROR  The action 'RESET' with payload {"index":0,"routes":[{"name":"DonorDashboard"}]} was not handled by any navigator.

This is a development-only warning and won't be shown in production.
 ERROR  [ReferenceError: Property 'navigation' doesn't exist]
 ERROR  The action 'RESET' with payload {"index":0,"routes":[{"name":"DonorDashboard"}]} was not handled by any navigator.

This is a development-only warning and won't be shown in production.
 ERROR  The action 'RESET' with payload {"index":0,"routes":[{"name":"OrgDashboard"}]} was not handled by any navigator.

This is a development-only warning and won't be shown in production.
 ERROR  The action 'RESET' with payload {"index":0,"routes":[{"name":"OrgDashboard"}]} was not handled by any navigator.

This is a development-only warning and won't be shown in production.
 ERROR  The action 'RESET' with payload {"index":0,"routes":[{"name":"OrgDashboard"}]} was not handled by any navigator.

This is a development-only warning and won't be shown in production.
 ERROR  The action 'RESET' with payload {"index":0,"routes":[{"name":"OrgDashboard"}]} was not handled by any navigator.

This is a development-only warning and won't be shown in production.
 ERROR  Failed to fetch pickups [AxiosError: Network Error]
 ERROR  Failed to fetch pickups [AxiosError: Network Error]
 ERROR  [ReferenceError: Property 'Alert' doesn't exist]
iOS ./index.ts ░░░░░░░░░░░░░░░░  0.0% (0/1)
iOS Bundled 65ms index.ts (1 module)
 WARN  SafeAreaView has been deprecated and will be removed in a future release. Please use 'react-native-safe-area-context' instead. See https://github.com/th3rdwave/react-native-safe-area-context
 ERROR  Failed to fetch pickups [AxiosError: Network Error]
 ERROR  Failed to fetch pickups [AxiosError: timeout exceeded]
 ERROR  Failed to fetch pickups [AxiosError: timeout exceeded]
 ERROR  Failed to fetch pickups [AxiosError: timeout exceeded]
 ERROR  Failed to load dashboard [AxiosError: timeout exceeded]
iOS ./index.ts ░░░░░░░░░░░░░░░░  0.0% (0/1)
iOS Bundled 198ms index.ts (1 module)
 WARN  SafeAreaView has been deprecated and will be removed in a future release. Please use 'react-native-safe-area-context' instead. See https://github.com/th3rdwave/react-native-safe-area-context
iOS ./index.ts ░░░░░░░░░░░░░░░░  0.0% (0/1)
iOS Bundled 76ms index.ts (1 module)
 WARN  SafeAreaView has been deprecated and will be removed in a future release. Please use 'react-native-safe-area-context' instead. See https://github.com/th3rdwave/react-native-safe-area-context
iOS ./index.ts ░░░░░░░░░░░░░░░░  0.0% (0/1)
iOS Bundled 67ms index.ts (1 module)
 WARN  SafeAreaView has been deprecated and will be removed in a future release. Please use 'react-native-safe-area-context' instead. See https://github.com/th3rdwave/react-native-safe-area-context
 LOG  USER ROLE: donor
 LOG  USER ROLE: donor
 LOG  USER ROLE: donor
iOS ./index.ts ░░░░░░░░░░░░░░░░  0.0% (0/1)
iOS Bundled 61ms index.ts (1 module)
 WARN  SafeAreaView has been deprecated and will be removed in a future release. Please use 'react-native-safe-area-context' instead. See https://github.com/th3rdwave/react-native-safe-area-context
 ERROR  SyntaxError: /Users/altheazuleikasadicon/Downloads/SAVR_mobile-main/SAVR_frontend/screens/LandingPage.tsx: Unexpected token, expected "," (593:0)

  591 |   height: 30,
  592 | }
> 593 | });
      | ^
  594 |
    at constructor (/Users/altheazuleikasadicon/Downloads/SAVR_mobile-main/SAVR_frontend/node_modules/@babel/parser/lib/index.js:365:19)
    at TypeScriptParserMixin.raise (/Users/altheazuleikasadicon/Downloads/SAVR_mobile-main/SAVR_frontend/node_modules/@babel/parser/lib/index.js:6599:19)
    at TypeScriptParserMixin.unexpected (/Users/altheazuleikasadicon/Downloads/SAVR_mobile-main/SAVR_frontend/node_modules/@babel/parser/lib/index.js:6619:16)
    at TypeScriptParserMixin.expect (/Users/altheazuleikasadicon/Downloads/SAVR_mobile-main/SAVR_frontend/node_modules/@babel/parser/lib/index.js:6899:12)
    at TypeScriptParserMixin.parseCallExpressionArguments (/Users/altheazuleikasadicon/Downloads/SAVR_mobile-main/SAVR_frontend/node_modules/@babel/parser/lib/index.js:11243:14)
    at TypeScriptParserMixin.parseCoverCallAndAsyncArrowHead (/Users/altheazuleikasadicon/Downloads/SAVR_mobile-main/SAVR_frontend/node_modules/@babel/parser/lib/index.js:11186:29)
    at TypeScriptParserMixin.parseSubscript (/Users/altheazuleikasadicon/Downloads/SAVR_mobile-main/SAVR_frontend/node_modules/@babel/parser/lib/index.js:11120:19)
    at TypeScriptParserMixin.parseSubscript (/Users/altheazuleikasadicon/Downloads/SAVR_mobile-main/SAVR_frontend/node_modules/@babel/parser/lib/index.js:9272:18)
    at TypeScriptParserMixin.parseSubscripts (/Users/altheazuleikasadicon/Downloads/SAVR_mobile-main/SAVR_frontend/node_modules/@babel/parser/lib/index.js:11094:19)
    at TypeScriptParserMixin.parseExprSubscripts (/Users/altheazuleikasadicon/Downloads/SAVR_mobile-main/SAVR_frontend/node_modules/@babel/parser/lib/index.js:11085:17)
    at TypeScriptParserMixin.parseUpdate (/Users/altheazuleikasadicon/Downloads/SAVR_mobile-main/SAVR_frontend/node_modules/@babel/parser/lib/index.js:11066:21)
    at TypeScriptParserMixin.parseMaybeUnary (/Users/altheazuleikasadicon/Downloads/SAVR_mobile-main/SAVR_frontend/node_modules/@babel/parser/lib/index.js:11046:23)
    at TypeScriptParserMixin.parseMaybeUnary (/Users/altheazuleikasadicon/Downloads/SAVR_mobile-main/SAVR_frontend/node_modules/@babel/parser/lib/index.js:9837:18)
    at TypeScriptParserMixin.parseMaybeUnaryOrPrivate (/Users/altheazuleikasadicon/Downloads/SAVR_mobile-main/SAVR_frontend/node_modules/@babel/parser/lib/index.js:10899:61)
    at TypeScriptParserMixin.parseExprOps (/Users/altheazuleikasadicon/Downloads/SAVR_mobile-main/SAVR_frontend/node_modules/@babel/parser/lib/index.js:10904:23)
    at TypeScriptParserMixin.parseMaybeConditional (/Users/altheazuleikasadicon/Downloads/SAVR_mobile-main/SAVR_frontend/node_modules/@babel/parser/lib/index.js:10881:23)
    at TypeScriptParserMixin.parseMaybeAssign (/Users/altheazuleikasadicon/Downloads/SAVR_mobile-main/SAVR_frontend/node_modules/@babel/parser/lib/index.js:10831:21)
    at TypeScriptParserMixin.parseMaybeAssign (/Users/altheazuleikasadicon/Downloads/SAVR_mobile-main/SAVR_frontend/node_modules/@babel/parser/lib/index.js:9786:20)
    at /Users/altheazuleikasadicon/Downloads/SAVR_mobile-main/SAVR_frontend/node_modules/@babel/parser/lib/index.js:10800:39
    at TypeScriptParserMixin.allowInAnd (/Users/altheazuleikasadicon/Downloads/SAVR_mobile-main/SAVR_frontend/node_modules/@babel/parser/lib/index.js:12421:16)
    at TypeScriptParserMixin.parseMaybeAssignAllowIn (/Users/altheazuleikasadicon/Downloads/SAVR_mobile-main/SAVR_frontend/node_modules/@babel/parser/lib/index.js:10800:17)
    at TypeScriptParserMixin.parseVar (/Users/altheazuleikasadicon/Downloads/SAVR_mobile-main/SAVR_frontend/node_modules/@babel/parser/lib/index.js:13384:91)
    at TypeScriptParserMixin.parseVarStatement (/Users/altheazuleikasadicon/Downloads/SAVR_mobile-main/SAVR_frontend/node_modules/@babel/parser/lib/index.js:13230:10)
    at TypeScriptParserMixin.parseVarStatement (/Users/altheazuleikasadicon/Downloads/SAVR_mobile-main/SAVR_frontend/node_modules/@babel/parser/lib/index.js:9408:31)
    at TypeScriptParserMixin.parseStatementContent (/Users/altheazuleikasadicon/Downloads/SAVR_mobile-main/SAVR_frontend/node_modules/@babel/parser/lib/index.js:12851:23)
    at TypeScriptParserMixin.parseStatementContent (/Users/altheazuleikasadicon/Downloads/SAVR_mobile-main/SAVR_frontend/node_modules/@babel/parser/lib/index.js:9508:18)
    at TypeScriptParserMixin.parseStatementLike (/Users/altheazuleikasadicon/Downloads/SAVR_mobile-main/SAVR_frontend/node_modules/@babel/parser/lib/index.js:12767:17)
    at TypeScriptParserMixin.parseModuleItem (/Users/altheazuleikasadicon/Downloads/SAVR_mobile-main/SAVR_frontend/node_modules/@babel/parser/lib/index.js:12744:17)
    at TypeScriptParserMixin.parseBlockOrModuleBlockBody (/Users/altheazuleikasadicon/Downloads/SAVR_mobile-main/SAVR_frontend/node_modules/@babel/parser/lib/index.js:13316:36)
    at TypeScriptParserMixin.parseBlockBody (/Users/altheazuleikasadicon/Downloads/SAVR_mobile-main/SAVR_frontend/node_modules/@babel/parser/lib/index.js:13309:10)
    at TypeScriptParserMixin.parseProgram (/Users/altheazuleikasadicon/Downloads/SAVR_mobile-main/SAVR_frontend/node_modules/@babel/parser/lib/index.js:12622:10)
    at TypeScriptParserMixin.parseTopLevel (/Users/altheazuleikasadicon/Downloads/SAVR_mobile-main/SAVR_frontend/node_modules/@babel/parser/lib/index.js:12612:25)
    at TypeScriptParserMixin.parse (/Users/altheazuleikasadicon/Downloads/SAVR_mobile-main/SAVR_frontend/node_modules/@babel/parser/lib/index.js:14488:25)
    at TypeScriptParserMixin.parse (/Users/altheazuleikasadicon/Downloads/SAVR_mobile-main/SAVR_frontend/node_modules/@babel/parser/lib/index.js:10126:18)
    at parse (/Users/altheazuleikasadicon/Downloads/SAVR_mobile-main/SAVR_frontend/node_modules/@babel/parser/lib/index.js:14501:26)
    at parser (/Users/altheazuleikasadicon/Downloads/SAVR_mobile-main/SAVR_frontend/node_modules/@babel/core/lib/parser/index.js:41:34)
    at parser.next (<anonymous>)
    at normalizeFile (/Users/altheazuleikasadicon/Downloads/SAVR_mobile-main/SAVR_frontend/node_modules/@babel/core/lib/transformation/normalize-file.js:64:37)
    at normalizeFile.next (<anonymous>)
    at run (/Users/altheazuleikasadicon/Downloads/SAVR_mobile-main/SAVR_frontend/node_modules/@babel/core/lib/transformation/index.js:22:50)
    at run.next (<anonymous>)
    at transform (/Users/altheazuleikasadicon/Downloads/SAVR_mobile-main/SAVR_frontend/node_modules/@babel/core/lib/transform.js:22:33)
    at transform.next (<anonymous>)
    at evaluateSync (/Users/altheazuleikasadicon/Downloads/SAVR_mobile-main/SAVR_frontend/node_modules/gensync/index.js:251:28)
    at sync (/Users/altheazuleikasadicon/Downloads/SAVR_mobile-main/SAVR_frontend/node_modules/gensync/index.js:89:14)
    at stopHiding - secret - don't use this - v1 (/Users/altheazuleikasadicon/Downloads/SAVR_mobile-main/SAVR_frontend/node_modules/@babel/core/lib/errors/rewrite-stack-trace.js:47:12)
    at Object.transformSync (/Users/altheazuleikasadicon/Downloads/SAVR_mobile-main/SAVR_frontend/node_modules/@babel/core/lib/transform.js:40:76)
    at parseWithBabel (/Users/altheazuleikasadicon/Downloads/SAVR_mobile-main/SAVR_frontend/node_modules/@expo/metro-config/build/transformSync.js:75:18)
    at transformSync (/Users/altheazuleikasadicon/Downloads/SAVR_mobile-main/SAVR_frontend/node_modules/@expo/metro-config/build/transformSync.js:54:16)
    at Object.transform (/Users/altheazuleikasadicon/Downloads/SAVR_mobile-main/SAVR_frontend/node_modules/@expo/metro-config/build/babel-transformer.js:127:58)
 ERROR  [Error: TransformError SyntaxError: /Users/altheazuleikasadicon/Downloads/SAVR_mobile-main/SAVR_frontend/screens/LandingPage.tsx: Unexpected token, expected "," (593:0)

[0m [90m 591 |[39m   height[33m:[39m [35m30[39m[33m,[39m
 [90m 592 |[39m }
[31m[1m>[22m[39m[90m 593 |[39m })[33m;[39m
 [90m     |[39m [31m[1m^[22m[39m
 [90m 594 |[39m[0m]
 ERROR  SyntaxError: /Users/altheazuleikasadicon/Downloads/SAVR_mobile-main/SAVR_frontend/screens/LandingPage.tsx: Unexpected token, expected "," (593:0)

  591 |   height: 30,
  592 | }
> 593 | });
      | ^
  594 |
    at constructor (/Users/altheazuleikasadicon/Downloads/SAVR_mobile-main/SAVR_frontend/node_modules/@babel/parser/lib/index.js:365:19)
    at TypeScriptParserMixin.raise (/Users/altheazuleikasadicon/Downloads/SAVR_mobile-main/SAVR_frontend/node_modules/@babel/parser/lib/index.js:6599:19)
    at TypeScriptParserMixin.unexpected (/Users/altheazuleikasadicon/Downloads/SAVR_mobile-main/SAVR_frontend/node_modules/@babel/parser/lib/index.js:6619:16)
    at TypeScriptParserMixin.expect (/Users/altheazuleikasadicon/Downloads/SAVR_mobile-main/SAVR_frontend/node_modules/@babel/parser/lib/index.js:6899:12)
    at TypeScriptParserMixin.parseCallExpressionArguments (/Users/altheazuleikasadicon/Downloads/SAVR_mobile-main/SAVR_frontend/node_modules/@babel/parser/lib/index.js:11243:14)
    at TypeScriptParserMixin.parseCoverCallAndAsyncArrowHead (/Users/altheazuleikasadicon/Downloads/SAVR_mobile-main/SAVR_frontend/node_modules/@babel/parser/lib/index.js:11186:29)
    at TypeScriptParserMixin.parseSubscript (/Users/altheazuleikasadicon/Downloads/SAVR_mobile-main/SAVR_frontend/node_modules/@babel/parser/lib/index.js:11120:19)
    at TypeScriptParserMixin.parseSubscript (/Users/altheazuleikasadicon/Downloads/SAVR_mobile-main/SAVR_frontend/node_modules/@babel/parser/lib/index.js:9272:18)
    at TypeScriptParserMixin.parseSubscripts (/Users/altheazuleikasadicon/Downloads/SAVR_mobile-main/SAVR_frontend/node_modules/@babel/parser/lib/index.js:11094:19)
    at TypeScriptParserMixin.parseExprSubscripts (/Users/altheazuleikasadicon/Downloads/SAVR_mobile-main/SAVR_frontend/node_modules/@babel/parser/lib/index.js:11085:17)
    at TypeScriptParserMixin.parseUpdate (/Users/altheazuleikasadicon/Downloads/SAVR_mobile-main/SAVR_frontend/node_modules/@babel/parser/lib/index.js:11066:21)
    at TypeScriptParserMixin.parseMaybeUnary (/Users/altheazuleikasadicon/Downloads/SAVR_mobile-main/SAVR_frontend/node_modules/@babel/parser/lib/index.js:11046:23)
    at TypeScriptParserMixin.parseMaybeUnary (/Users/altheazuleikasadicon/Downloads/SAVR_mobile-main/SAVR_frontend/node_modules/@babel/parser/lib/index.js:9837:18)
    at TypeScriptParserMixin.parseMaybeUnaryOrPrivate (/Users/altheazuleikasadicon/Downloads/SAVR_mobile-main/SAVR_frontend/node_modules/@babel/parser/lib/index.js:10899:61)
    at TypeScriptParserMixin.parseExprOps (/Users/altheazuleikasadicon/Downloads/SAVR_mobile-main/SAVR_frontend/node_modules/@babel/parser/lib/index.js:10904:23)
    at TypeScriptParserMixin.parseMaybeConditional (/Users/altheazuleikasadicon/Downloads/SAVR_mobile-main/SAVR_frontend/node_modules/@babel/parser/lib/index.js:10881:23)
    at TypeScriptParserMixin.parseMaybeAssign (/Users/altheazuleikasadicon/Downloads/SAVR_mobile-main/SAVR_frontend/node_modules/@babel/parser/lib/index.js:10831:21)
    at TypeScriptParserMixin.parseMaybeAssign (/Users/altheazuleikasadicon/Downloads/SAVR_mobile-main/SAVR_frontend/node_modules/@babel/parser/lib/index.js:9786:20)
    at /Users/altheazuleikasadicon/Downloads/SAVR_mobile-main/SAVR_frontend/node_modules/@babel/parser/lib/index.js:10800:39
    at TypeScriptParserMixin.allowInAnd (/Users/altheazuleikasadicon/Downloads/SAVR_mobile-main/SAVR_frontend/node_modules/@babel/parser/lib/index.js:12421:16)
    at TypeScriptParserMixin.parseMaybeAssignAllowIn (/Users/altheazuleikasadicon/Downloads/SAVR_mobile-main/SAVR_frontend/node_modules/@babel/parser/lib/index.js:10800:17)
    at TypeScriptParserMixin.parseVar (/Users/altheazuleikasadicon/Downloads/SAVR_mobile-main/SAVR_frontend/node_modules/@babel/parser/lib/index.js:13384:91)
    at TypeScriptParserMixin.parseVarStatement (/Users/altheazuleikasadicon/Downloads/SAVR_mobile-main/SAVR_frontend/node_modules/@babel/parser/lib/index.js:13230:10)
    at TypeScriptParserMixin.parseVarStatement (/Users/altheazuleikasadicon/Downloads/SAVR_mobile-main/SAVR_frontend/node_modules/@babel/parser/lib/index.js:9408:31)
    at TypeScriptParserMixin.parseStatementContent (/Users/altheazuleikasadicon/Downloads/SAVR_mobile-main/SAVR_frontend/node_modules/@babel/parser/lib/index.js:12851:23)
    at TypeScriptParserMixin.parseStatementContent (/Users/altheazuleikasadicon/Downloads/SAVR_mobile-main/SAVR_frontend/node_modules/@babel/parser/lib/index.js:9508:18)
    at TypeScriptParserMixin.parseStatementLike (/Users/altheazuleikasadicon/Downloads/SAVR_mobile-main/SAVR_frontend/node_modules/@babel/parser/lib/index.js:12767:17)
    at TypeScriptParserMixin.parseModuleItem (/Users/altheazuleikasadicon/Downloads/SAVR_mobile-main/SAVR_frontend/node_modules/@babel/parser/lib/index.js:12744:17)
    at TypeScriptParserMixin.parseBlockOrModuleBlockBody (/Users/altheazuleikasadicon/Downloads/SAVR_mobile-main/SAVR_frontend/node_modules/@babel/parser/lib/index.js:13316:36)
    at TypeScriptParserMixin.parseBlockBody (/Users/altheazuleikasadicon/Downloads/SAVR_mobile-main/SAVR_frontend/node_modules/@babel/parser/lib/index.js:13309:10)
    at TypeScriptParserMixin.parseProgram (/Users/altheazuleikasadicon/Downloads/SAVR_mobile-main/SAVR_frontend/node_modules/@babel/parser/lib/index.js:12622:10)
    at TypeScriptParserMixin.parseTopLevel (/Users/altheazuleikasadicon/Downloads/SAVR_mobile-main/SAVR_frontend/node_modules/@babel/parser/lib/index.js:12612:25)
    at TypeScriptParserMixin.parse (/Users/altheazuleikasadicon/Downloads/SAVR_mobile-main/SAVR_frontend/node_modules/@babel/parser/lib/index.js:14488:25)
    at TypeScriptParserMixin.parse (/Users/altheazuleikasadicon/Downloads/SAVR_mobile-main/SAVR_frontend/node_modules/@babel/parser/lib/index.js:10126:18)
    at parse (/Users/altheazuleikasadicon/Downloads/SAVR_mobile-main/SAVR_frontend/node_modules/@babel/parser/lib/index.js:14501:26)
    at parser (/Users/altheazuleikasadicon/Downloads/SAVR_mobile-main/SAVR_frontend/node_modules/@babel/core/lib/parser/index.js:41:34)
    at parser.next (<anonymous>)
    at normalizeFile (/Users/altheazuleikasadicon/Downloads/SAVR_mobile-main/SAVR_frontend/node_modules/@babel/core/lib/transformation/normalize-file.js:64:37)
    at normalizeFile.next (<anonymous>)
    at run (/Users/altheazuleikasadicon/Downloads/SAVR_mobile-main/SAVR_frontend/node_modules/@babel/core/lib/transformation/index.js:22:50)
    at run.next (<anonymous>)
    at transform (/Users/altheazuleikasadicon/Downloads/SAVR_mobile-main/SAVR_frontend/node_modules/@babel/core/lib/transform.js:22:33)
    at transform.next (<anonymous>)
    at evaluateSync (/Users/altheazuleikasadicon/Downloads/SAVR_mobile-main/SAVR_frontend/node_modules/gensync/index.js:251:28)
    at sync (/Users/altheazuleikasadicon/Downloads/SAVR_mobile-main/SAVR_frontend/node_modules/gensync/index.js:89:14)
    at stopHiding - secret - don't use this - v1 (/Users/altheazuleikasadicon/Downloads/SAVR_mobile-main/SAVR_frontend/node_modules/@babel/core/lib/errors/rewrite-stack-trace.js:47:12)
    at Object.transformSync (/Users/altheazuleikasadicon/Downloads/SAVR_mobile-main/SAVR_frontend/node_modules/@babel/core/lib/transform.js:40:76)
    at parseWithBabel (/Users/altheazuleikasadicon/Downloads/SAVR_mobile-main/SAVR_frontend/node_modules/@expo/metro-config/build/transformSync.js:75:18)
    at transformSync (/Users/altheazuleikasadicon/Downloads/SAVR_mobile-main/SAVR_frontend/node_modules/@expo/metro-config/build/transformSync.js:54:16)
    at Object.transform (/Users/altheazuleikasadicon/Downloads/SAVR_mobile-main/SAVR_frontend/node_modules/@expo/metro-config/build/babel-transformer.js:127:58)
 ERROR  [Error: TransformError SyntaxError: /Users/altheazuleikasadicon/Downloads/SAVR_mobile-main/SAVR_frontend/screens/LandingPage.tsx: Unexpected token, expected "," (593:0)

[0m [90m 591 |[39m   height[33m:[39m [35m30[39m[33m,[39m
 [90m 592 |[39m }
[31m[1m>[22m[39m[90m 593 |[39m })[33m;[39m
 [90m     |[39m [31m[1m^[22m[39m
 [90m 594 |[39m[0m]
iOS ./index.ts ░░░░░░░░░░░░░░░░  0.0% (0/1)
iOS Bundling failed 14ms index.ts (1 module)
 ERROR  SyntaxError: /Users/altheazuleikasadicon/Downloads/SAVR_mobile-main/SAVR_frontend/screens/LandingPage.tsx: Unexpected token, expected "," (593:0)

  591 |   height: 30,
  592 | }
> 593 | });
      | ^
  594 |
    at constructor (/Users/altheazuleikasadicon/Downloads/SAVR_mobile-main/SAVR_frontend/node_modules/@babel/parser/lib/index.js:365:19)
    at TypeScriptParserMixin.raise (/Users/altheazuleikasadicon/Downloads/SAVR_mobile-main/SAVR_frontend/node_modules/@babel/parser/lib/index.js:6599:19)
    at TypeScriptParserMixin.unexpected (/Users/altheazuleikasadicon/Downloads/SAVR_mobile-main/SAVR_frontend/node_modules/@babel/parser/lib/index.js:6619:16)
    at TypeScriptParserMixin.expect (/Users/altheazuleikasadicon/Downloads/SAVR_mobile-main/SAVR_frontend/node_modules/@babel/parser/lib/index.js:6899:12)
    at TypeScriptParserMixin.parseCallExpressionArguments (/Users/altheazuleikasadicon/Downloads/SAVR_mobile-main/SAVR_frontend/node_modules/@babel/parser/lib/index.js:11243:14)
    at TypeScriptParserMixin.parseCoverCallAndAsyncArrowHead (/Users/altheazuleikasadicon/Downloads/SAVR_mobile-main/SAVR_frontend/node_modules/@babel/parser/lib/index.js:11186:29)
    at TypeScriptParserMixin.parseSubscript (/Users/altheazuleikasadicon/Downloads/SAVR_mobile-main/SAVR_frontend/node_modules/@babel/parser/lib/index.js:11120:19)
    at TypeScriptParserMixin.parseSubscript (/Users/altheazuleikasadicon/Downloads/SAVR_mobile-main/SAVR_frontend/node_modules/@babel/parser/lib/index.js:9272:18)
    at TypeScriptParserMixin.parseSubscripts (/Users/altheazuleikasadicon/Downloads/SAVR_mobile-main/SAVR_frontend/node_modules/@babel/parser/lib/index.js:11094:19)
    at TypeScriptParserMixin.parseExprSubscripts (/Users/altheazuleikasadicon/Downloads/SAVR_mobile-main/SAVR_frontend/node_modules/@babel/parser/lib/index.js:11085:17)
    at TypeScriptParserMixin.parseUpdate (/Users/altheazuleikasadicon/Downloads/SAVR_mobile-main/SAVR_frontend/node_modules/@babel/parser/lib/index.js:11066:21)
    at TypeScriptParserMixin.parseMaybeUnary (/Users/altheazuleikasadicon/Downloads/SAVR_mobile-main/SAVR_frontend/node_modules/@babel/parser/lib/index.js:11046:23)
    at TypeScriptParserMixin.parseMaybeUnary (/Users/altheazuleikasadicon/Downloads/SAVR_mobile-main/SAVR_frontend/node_modules/@babel/parser/lib/index.js:9837:18)
    at TypeScriptParserMixin.parseMaybeUnaryOrPrivate (/Users/altheazuleikasadicon/Downloads/SAVR_mobile-main/SAVR_frontend/node_modules/@babel/parser/lib/index.js:10899:61)
    at TypeScriptParserMixin.parseExprOps (/Users/altheazuleikasadicon/Downloads/SAVR_mobile-main/SAVR_frontend/node_modules/@babel/parser/lib/index.js:10904:23)
    at TypeScriptParserMixin.parseMaybeConditional (/Users/altheazuleikasadicon/Downloads/SAVR_mobile-main/SAVR_frontend/node_modules/@babel/parser/lib/index.js:10881:23)
    at TypeScriptParserMixin.parseMaybeAssign (/Users/altheazuleikasadicon/Downloads/SAVR_mobile-main/SAVR_frontend/node_modules/@babel/parser/lib/index.js:10831:21)
    at TypeScriptParserMixin.parseMaybeAssign (/Users/altheazuleikasadicon/Downloads/SAVR_mobile-main/SAVR_frontend/node_modules/@babel/parser/lib/index.js:9786:20)
    at /Users/altheazuleikasadicon/Downloads/SAVR_mobile-main/SAVR_frontend/node_modules/@babel/parser/lib/index.js:10800:39
    at TypeScriptParserMixin.allowInAnd (/Users/altheazuleikasadicon/Downloads/SAVR_mobile-main/SAVR_frontend/node_modules/@babel/parser/lib/index.js:12421:16)
    at TypeScriptParserMixin.parseMaybeAssignAllowIn (/Users/altheazuleikasadicon/Downloads/SAVR_mobile-main/SAVR_frontend/node_modules/@babel/parser/lib/index.js:10800:17)
    at TypeScriptParserMixin.parseVar (/Users/altheazuleikasadicon/Downloads/SAVR_mobile-main/SAVR_frontend/node_modules/@babel/parser/lib/index.js:13384:91)
    at TypeScriptParserMixin.parseVarStatement (/Users/altheazuleikasadicon/Downloads/SAVR_mobile-main/SAVR_frontend/node_modules/@babel/parser/lib/index.js:13230:10)
    at TypeScriptParserMixin.parseVarStatement (/Users/altheazuleikasadicon/Downloads/SAVR_mobile-main/SAVR_frontend/node_modules/@babel/parser/lib/index.js:9408:31)
    at TypeScriptParserMixin.parseStatementContent (/Users/altheazuleikasadicon/Downloads/SAVR_mobile-main/SAVR_frontend/node_modules/@babel/parser/lib/index.js:12851:23)
    at TypeScriptParserMixin.parseStatementContent (/Users/altheazuleikasadicon/Downloads/SAVR_mobile-main/SAVR_frontend/node_modules/@babel/parser/lib/index.js:9508:18)
    at TypeScriptParserMixin.parseStatementLike (/Users/altheazuleikasadicon/Downloads/SAVR_mobile-main/SAVR_frontend/node_modules/@babel/parser/lib/index.js:12767:17)
    at TypeScriptParserMixin.parseModuleItem (/Users/altheazuleikasadicon/Downloads/SAVR_mobile-main/SAVR_frontend/node_modules/@babel/parser/lib/index.js:12744:17)
    at TypeScriptParserMixin.parseBlockOrModuleBlockBody (/Users/altheazuleikasadicon/Downloads/SAVR_mobile-main/SAVR_frontend/node_modules/@babel/parser/lib/index.js:13316:36)
    at TypeScriptParserMixin.parseBlockBody (/Users/altheazuleikasadicon/Downloads/SAVR_mobile-main/SAVR_frontend/node_modules/@babel/parser/lib/index.js:13309:10)
    at TypeScriptParserMixin.parseProgram (/Users/altheazuleikasadicon/Downloads/SAVR_mobile-main/SAVR_frontend/node_modules/@babel/parser/lib/index.js:12622:10)
    at TypeScriptParserMixin.parseTopLevel (/Users/altheazuleikasadicon/Downloads/SAVR_mobile-main/SAVR_frontend/node_modules/@babel/parser/lib/index.js:12612:25)
    at TypeScriptParserMixin.parse (/Users/altheazuleikasadicon/Downloads/SAVR_mobile-main/SAVR_frontend/node_modules/@babel/parser/lib/index.js:14488:25)
    at TypeScriptParserMixin.parse (/Users/altheazuleikasadicon/Downloads/SAVR_mobile-main/SAVR_frontend/node_modules/@babel/parser/lib/index.js:10126:18)
    at parse (/Users/altheazuleikasadicon/Downloads/SAVR_mobile-main/SAVR_frontend/node_modules/@babel/parser/lib/index.js:14501:26)
    at parser (/Users/altheazuleikasadicon/Downloads/SAVR_mobile-main/SAVR_frontend/node_modules/@babel/core/lib/parser/index.js:41:34)
    at parser.next (<anonymous>)
    at normalizeFile (/Users/altheazuleikasadicon/Downloads/SAVR_mobile-main/SAVR_frontend/node_modules/@babel/core/lib/transformation/normalize-file.js:64:37)
    at normalizeFile.next (<anonymous>)
    at run (/Users/altheazuleikasadicon/Downloads/SAVR_mobile-main/SAVR_frontend/node_modules/@babel/core/lib/transformation/index.js:22:50)
    at run.next (<anonymous>)
    at transform (/Users/altheazuleikasadicon/Downloads/SAVR_mobile-main/SAVR_frontend/node_modules/@babel/core/lib/transform.js:22:33)
    at transform.next (<anonymous>)
    at evaluateSync (/Users/altheazuleikasadicon/Downloads/SAVR_mobile-main/SAVR_frontend/node_modules/gensync/index.js:251:28)
    at sync (/Users/altheazuleikasadicon/Downloads/SAVR_mobile-main/SAVR_frontend/node_modules/gensync/index.js:89:14)
    at stopHiding - secret - don't use this - v1 (/Users/altheazuleikasadicon/Downloads/SAVR_mobile-main/SAVR_frontend/node_modules/@babel/core/lib/errors/rewrite-stack-trace.js:47:12)
    at Object.transformSync (/Users/altheazuleikasadicon/Downloads/SAVR_mobile-main/SAVR_frontend/node_modules/@babel/core/lib/transform.js:40:76)
    at parseWithBabel (/Users/altheazuleikasadicon/Downloads/SAVR_mobile-main/SAVR_frontend/node_modules/@expo/metro-config/build/transformSync.js:75:18)
    at transformSync (/Users/altheazuleikasadicon/Downloads/SAVR_mobile-main/SAVR_frontend/node_modules/@expo/metro-config/build/transformSync.js:54:16)
    at Object.transform (/Users/altheazuleikasadicon/Downloads/SAVR_mobile-main/SAVR_frontend/node_modules/@expo/metro-config/build/babel-transformer.js:127:58)
iOS ./index.ts ░░░░░░░░░░░░░░░░  0.0% (0/1)
iOS Bundled 53ms index.ts (1 module)
 WARN  SafeAreaView has been deprecated and will be removed in a future release. Please use 'react-native-safe-area-context' instead. See https://github.com/th3rdwave/react-native-safe-area-context
iOS ./index.ts ░░░░░░░░░░░░░░░░  0.0% (0/1)
iOS Bundled 63ms index.ts (1 module)
 WARN  SafeAreaView has been deprecated and will be removed in a future release. Please use 'react-native-safe-area-context' instead. See https://github.com/th3rdwave/react-native-safe-area-context
iOS ./index.ts ░░░░░░░░░░░░░░░░  0.0% (0/1)
iOS Bundled 64ms index.ts (1 module)
 WARN  SafeAreaView has been deprecated and will be removed in a future release. Please use 'react-native-safe-area-context' instead. See https://github.com/th3rdwave/react-native-safe-area-context
 ERROR  Failed to fetch pickups [AxiosError: Network Error]
iOS ./index.ts ░░░░░░░░░░░░░░░░  0.0% (0/1)
iOS Bundled 148ms index.ts (1 module)
 WARN  SafeAreaView has been deprecated and will be removed in a future release. Please use 'react-native-safe-area-context' instead. See https://github.com/th3rdwave/react-native-safe-area-context
 ERROR  Badges fetch error [AxiosError: Network Error]
 ERROR  Failed to fetch pickups [AxiosError: Network Error]
 ERROR  Failed to fetch pickups [AxiosError: timeout exceeded]
 ERROR  Failed to fetch pickups [AxiosError: timeout exceeded]
 ERROR  Failed to fetch pickups [AxiosError: timeout exceeded]
 ERROR  Failed to fetch pickups [AxiosError: Network Error]
 ERROR  Failed to fetch pickups [AxiosError: Network Error]
 ERROR  Failed to fetch pickups [AxiosError: timeout exceeded]
iOS ./index.ts ░░░░░░░░░░░░░░░░  0.0% (0/1)
iOS Bundled 68ms index.ts (1 module)
 WARN  SafeAreaView has been deprecated and will be removed in a future release. Please use 'react-native-safe-area-context' instead. See https://github.com/th3rdwave/react-native-safe-area-context
 WARN  Cannot record touch move without a touch start.
Touch Move: %s
Touch Bank: %s {"identifier":4,"pageX":187.33333333333331,"pageY":317.3333333333333,"timestamp":54051929.51129167} [{"touchActive":false,"startPageX":243.66666666666666,"startPageY":267,"startTimeStamp":53998508.01629166,"currentPageX":329.66666666666663,"currentPageY":247,"currentTimeStamp":53999937.54829167,"previousPageX":328.3333333333333,"previousPageY":249,"previousTimeStamp":53999933.381291665},{"touchActive":false,"startPageX":266.3333333333333,"startPageY":418.3333333333333,"startTimeStamp":54007242.87829167,"currentPageX":272,"currentPageY":582.3333333333333,"currentTimeStamp":54008630.613291666,"previousPageX":270.3333333333333,"previousPageY":584,"previousTimeStamp":54008613.94329167},{"touchActive":false,"startPageX":118.66666666666666,"startPageY":371.66666666666663,"startTimeStamp":54051816.99329166,"currentPageX":163.66666666666666,"currentPageY":329,"currentTimeStamp":54051912.84229167,"previousPageX":161.66666666666666,"previousPageY":330.66666666666663,"previousTimeStamp":54051908.67529167},{"touchActive":true,"startPageX":161,"startPageY":572,"startTimeStamp":54051816.99329166,"currentPageX":165.66666666666666,"currentPageY":600.6666666666666,"currentTimeStamp":54051908.67529167,"previousPageX":165.66666666666666,"previousPageY":603.6666666666666,"previousTimeStamp":54051917.00929167}]
iOS ./index.ts ░░░░░░░░░░░░░░░░  0.0% (0/1)
iOS Bundled 64ms index.ts (1 module)
 WARN  SafeAreaView has been deprecated and will be removed in a future release. Please use 'react-native-safe-area-context' instead. See https://github.com/th3rdwave/react-native-safe-area-context
 ERROR  SyntaxError: /Users/altheazuleikasadicon/Downloads/SAVR_mobile-main/SAVR_frontend/screens/LandingPage.tsx: Missing semicolon. (445:19)

  443 |   topSafeArea: {
  444 |     flex: 0,
> 445 |     backgroundColor: BRAND_GREEN,
      |                    ^
  446 |   },
  447 |
  448 |   safeArea: {
    at constructor (/Users/altheazuleikasadicon/Downloads/SAVR_mobile-main/SAVR_frontend/node_modules/@babel/parser/lib/index.js:365:19)
    at TypeScriptParserMixin.raise (/Users/altheazuleikasadicon/Downloads/SAVR_mobile-main/SAVR_frontend/node_modules/@babel/parser/lib/index.js:6599:19)
    at TypeScriptParserMixin.semicolon (/Users/altheazuleikasadicon/Downloads/SAVR_mobile-main/SAVR_frontend/node_modules/@babel/parser/lib/index.js:6895:10)
    at TypeScriptParserMixin.parseExpressionStatement (/Users/altheazuleikasadicon/Downloads/SAVR_mobile-main/SAVR_frontend/node_modules/@babel/parser/lib/index.js:13285:10)
    at TypeScriptParserMixin.parseStatementContent (/Users/altheazuleikasadicon/Downloads/SAVR_mobile-main/SAVR_frontend/node_modules/@babel/parser/lib/index.js:12899:19)
    at TypeScriptParserMixin.parseStatementContent (/Users/altheazuleikasadicon/Downloads/SAVR_mobile-main/SAVR_frontend/node_modules/@babel/parser/lib/index.js:9508:18)
    at TypeScriptParserMixin.parseStatementLike (/Users/altheazuleikasadicon/Downloads/SAVR_mobile-main/SAVR_frontend/node_modules/@babel/parser/lib/index.js:12767:17)
    at TypeScriptParserMixin.parseStatement (/Users/altheazuleikasadicon/Downloads/SAVR_mobile-main/SAVR_frontend/node_modules/@babel/parser/lib/index.js:12760:17)
    at TypeScriptParserMixin.parseLabeledStatement (/Users/altheazuleikasadicon/Downloads/SAVR_mobile-main/SAVR_frontend/node_modules/@babel/parser/lib/index.js:13278:95)
    at TypeScriptParserMixin.parseStatementContent (/Users/altheazuleikasadicon/Downloads/SAVR_mobile-main/SAVR_frontend/node_modules/@babel/parser/lib/index.js:12897:19)
    at TypeScriptParserMixin.parseStatementContent (/Users/altheazuleikasadicon/Downloads/SAVR_mobile-main/SAVR_frontend/node_modules/@babel/parser/lib/index.js:9508:18)
    at TypeScriptParserMixin.parseStatementLike (/Users/altheazuleikasadicon/Downloads/SAVR_mobile-main/SAVR_frontend/node_modules/@babel/parser/lib/index.js:12767:17)
    at TypeScriptParserMixin.parseStatementListItem (/Users/altheazuleikasadicon/Downloads/SAVR_mobile-main/SAVR_frontend/node_modules/@babel/parser/lib/index.js:12747:17)
    at TypeScriptParserMixin.parseBlockOrModuleBlockBody (/Users/altheazuleikasadicon/Downloads/SAVR_mobile-main/SAVR_frontend/node_modules/@babel/parser/lib/index.js:13316:61)
    at TypeScriptParserMixin.parseBlockBody (/Users/altheazuleikasadicon/Downloads/SAVR_mobile-main/SAVR_frontend/node_modules/@babel/parser/lib/index.js:13309:10)
    at TypeScriptParserMixin.parseBlock (/Users/altheazuleikasadicon/Downloads/SAVR_mobile-main/SAVR_frontend/node_modules/@babel/parser/lib/index.js:13297:10)
    at TypeScriptParserMixin.parseStatementContent (/Users/altheazuleikasadicon/Downloads/SAVR_mobile-main/SAVR_frontend/node_modules/@babel/parser/lib/index.js:12858:21)
    at TypeScriptParserMixin.parseStatementContent (/Users/altheazuleikasadicon/Downloads/SAVR_mobile-main/SAVR_frontend/node_modules/@babel/parser/lib/index.js:9508:18)
    at TypeScriptParserMixin.parseStatementLike (/Users/altheazuleikasadicon/Downloads/SAVR_mobile-main/SAVR_frontend/node_modules/@babel/parser/lib/index.js:12767:17)
    at TypeScriptParserMixin.parseStatementOrSloppyAnnexBFunctionDeclaration (/Users/altheazuleikasadicon/Downloads/SAVR_mobile-main/SAVR_frontend/node_modules/@babel/parser/lib/index.js:12757:17)
    at TypeScriptParserMixin.parseLabeledStatement (/Users/altheazuleikasadicon/Downloads/SAVR_mobile-main/SAVR_frontend/node_modules/@babel/parser/lib/index.js:13278:34)
    at TypeScriptParserMixin.parseStatementContent (/Users/altheazuleikasadicon/Downloads/SAVR_mobile-main/SAVR_frontend/node_modules/@babel/parser/lib/index.js:12897:19)
    at TypeScriptParserMixin.parseStatementContent (/Users/altheazuleikasadicon/Downloads/SAVR_mobile-main/SAVR_frontend/node_modules/@babel/parser/lib/index.js:9508:18)
    at TypeScriptParserMixin.parseStatementLike (/Users/altheazuleikasadicon/Downloads/SAVR_mobile-main/SAVR_frontend/node_modules/@babel/parser/lib/index.js:12767:17)
    at TypeScriptParserMixin.parseModuleItem (/Users/altheazuleikasadicon/Downloads/SAVR_mobile-main/SAVR_frontend/node_modules/@babel/parser/lib/index.js:12744:17)
    at TypeScriptParserMixin.parseBlockOrModuleBlockBody (/Users/altheazuleikasadicon/Downloads/SAVR_mobile-main/SAVR_frontend/node_modules/@babel/parser/lib/index.js:13316:36)
    at TypeScriptParserMixin.parseBlockBody (/Users/altheazuleikasadicon/Downloads/SAVR_mobile-main/SAVR_frontend/node_modules/@babel/parser/lib/index.js:13309:10)
    at TypeScriptParserMixin.parseProgram (/Users/altheazuleikasadicon/Downloads/SAVR_mobile-main/SAVR_frontend/node_modules/@babel/parser/lib/index.js:12622:10)
    at TypeScriptParserMixin.parseTopLevel (/Users/altheazuleikasadicon/Downloads/SAVR_mobile-main/SAVR_frontend/node_modules/@babel/parser/lib/index.js:12612:25)
    at TypeScriptParserMixin.parse (/Users/altheazuleikasadicon/Downloads/SAVR_mobile-main/SAVR_frontend/node_modules/@babel/parser/lib/index.js:14488:25)
    at TypeScriptParserMixin.parse (/Users/altheazuleikasadicon/Downloads/SAVR_mobile-main/SAVR_frontend/node_modules/@babel/parser/lib/index.js:10126:18)
    at parse (/Users/altheazuleikasadicon/Downloads/SAVR_mobile-main/SAVR_frontend/node_modules/@babel/parser/lib/index.js:14501:26)
    at parser (/Users/altheazuleikasadicon/Downloads/SAVR_mobile-main/SAVR_frontend/node_modules/@babel/core/lib/parser/index.js:41:34)
    at parser.next (<anonymous>)
    at normalizeFile (/Users/altheazuleikasadicon/Downloads/SAVR_mobile-main/SAVR_frontend/node_modules/@babel/core/lib/transformation/normalize-file.js:64:37)
    at normalizeFile.next (<anonymous>)
    at run (/Users/altheazuleikasadicon/Downloads/SAVR_mobile-main/SAVR_frontend/node_modules/@babel/core/lib/transformation/index.js:22:50)
    at run.next (<anonymous>)
    at transform (/Users/altheazuleikasadicon/Downloads/SAVR_mobile-main/SAVR_frontend/node_modules/@babel/core/lib/transform.js:22:33)
    at transform.next (<anonymous>)
    at evaluateSync (/Users/altheazuleikasadicon/Downloads/SAVR_mobile-main/SAVR_frontend/node_modules/gensync/index.js:251:28)
    at sync (/Users/altheazuleikasadicon/Downloads/SAVR_mobile-main/SAVR_frontend/node_modules/gensync/index.js:89:14)
    at stopHiding - secret - don't use this - v1 (/Users/altheazuleikasadicon/Downloads/SAVR_mobile-main/SAVR_frontend/node_modules/@babel/core/lib/errors/rewrite-stack-trace.js:47:12)
    at Object.transformSync (/Users/altheazuleikasadicon/Downloads/SAVR_mobile-main/SAVR_frontend/node_modules/@babel/core/lib/transform.js:40:76)
    at parseWithBabel (/Users/altheazuleikasadicon/Downloads/SAVR_mobile-main/SAVR_frontend/node_modules/@expo/metro-config/build/transformSync.js:75:18)
    at transformSync (/Users/altheazuleikasadicon/Downloads/SAVR_mobile-main/SAVR_frontend/node_modules/@expo/metro-config/build/transformSync.js:54:16)
    at Object.transform (/Users/altheazuleikasadicon/Downloads/SAVR_mobile-main/SAVR_frontend/node_modules/@expo/metro-config/build/babel-transformer.js:127:58)
    at transformJSWithBabel (/Users/altheazuleikasadicon/Downloads/SAVR_mobile-main/SAVR_frontend/node_modules/@expo/metro-config/build/transform-worker/metro-transform-worker.js:468:47)
    at Object.transform (/Users/altheazuleikasadicon/Downloads/SAVR_mobile-main/SAVR_frontend/node_modules/@expo/metro-config/build/transform-worker/metro-transform-worker.js:583:12)
    at Object.transform (/Users/altheazuleikasadicon/Downloads/SAVR_mobile-main/SAVR_frontend/node_modules/@expo/metro-config/build/transform-worker/transform-worker.js:178:19)
 ERROR  [Error: TransformError SyntaxError: /Users/altheazuleikasadicon/Downloads/SAVR_mobile-main/SAVR_frontend/screens/LandingPage.tsx: Missing semicolon. (445:19)

[0m [90m 443 |[39m   topSafeArea[33m:[39m {
 [90m 444 |[39m     flex[33m:[39m [35m0[39m[33m,[39m
[31m[1m>[22m[39m[90m 445 |[39m     backgroundColor[33m:[39m [33mBRAND_GREEN[39m[33m,[39m
 [90m     |[39m                    [31m[1m^[22m[39m
 [90m 446 |[39m   }[33m,[39m
 [90m 447 |[39m
 [90m 448 |[39m   safeArea[33m:[39m {[0m]
 ERROR  Failed to load dashboard [AxiosError: Network Error]
 ERROR  Failed to fetch pickups [AxiosError: Network Error]
 ERROR  Failed to fetch pickups [AxiosError: Network Error]
 ERROR  Failed to load dashboard [AxiosError: Network Error]
iOS ./index.ts ░░░░░░░░░░░░░░░░  0.0% (0/1)
iOS Bundled 79ms index.ts (1 module)
 WARN  SafeAreaView has been deprecated and will be removed in a future release. Please use 'react-native-safe-area-context' instead. See https://github.com/th3rdwave/react-native-safe-area-context
iOS ./index.ts ░░░░░░░░░░░░░░░░  0.0% (0/1)
iOS Bundled 68ms index.ts (1 module)
 WARN  SafeAreaView has been deprecated and will be removed in a future release. Please use 'react-native-safe-area-context' instead. See https://github.com/th3rdwave/react-native-safe-area-context
iOS ./index.ts ░░░░░░░░░░░░░░░░  0.0% (0/1)
iOS Bundled 64ms index.ts (1 module)
 WARN  SafeAreaView has been deprecated and will be removed in a future release. Please use 'react-native-safe-area-context' instead. See https://github.com/th3rdwave/react-native-safe-area-context
 ERROR  Failed to load dashboard [AxiosError: Network Error]
 ERROR  Failed to fetch pickups [AxiosError: Network Error]
 ERROR  Failed to fetch pickups [AxiosError: Network Error]
 ERROR  Failed to load dashboard [AxiosError: timeout exceeded]
iOS ./index.ts ░░░░░░░░░░░░░░░░  0.0% (0/1)
iOS Bundled 66ms index.ts (1 module)
 WARN  SafeAreaView has been deprecated and will be removed in a future release. Please use 'react-native-safe-area-context' instead. See https://github.com/th3rdwave/react-native-safe-area-context
 ERROR  Failed to fetch pickups [AxiosError: Network Error]
 ERROR  Failed to load dashboard [AxiosError: timeout exceeded]
 ERROR  Badges fetch error [AxiosError: timeout exceeded]
 ERROR  Failed to fetch pickups [AxiosError: timeout exceeded]
iOS ./index.ts ░░░░░░░░░░░░░░░░  0.0% (0/1)
iOS Bundled 66ms index.ts (1 module)
 WARN  SafeAreaView has been deprecated and will be removed in a future release. Please use 'react-native-safe-area-context' instead. See https://github.com/th3rdwave/react-native-safe-area-context
 ERROR  Failed to fetch pickups [AxiosError: timeout exceeded]
 ERROR  Failed to fetch pickups [AxiosError: timeout exceeded]
iOS ./index.ts ░░░░░░░░░░░░░░░░  0.0% (0/1)
iOS Bundled 58ms index.ts (1 module)
 WARN  SafeAreaView has been deprecated and will be removed in a future release. Please use 'react-native-safe-area-context' instead. See https://github.com/th3rdwave/react-native-safe-area-context
 ERROR  Failed to load dashboard [AxiosError: Network Error]
 ERROR  Failed to load dashboard [AxiosError: Network Error]
 ERROR  Failed to load dashboard [AxiosError: timeout exceeded]
 ERROR  Failed to load dashboard [AxiosError: timeout exceeded]
 ERROR  Activities fetch error [AxiosError: Network Error]
 ERROR  Failed to fetch pickups [AxiosError: Network Error]
 ERROR  Failed to fetch pickups [AxiosError: Network Error]
iOS ./index.ts ░░░░░░░░░░░░░░░░  0.0% (0/1)
iOS Bundled 85ms index.ts (1 module)
 WARN  SafeAreaView has been deprecated and will be removed in a future release. Please use 'react-native-safe-area-context' instead. See https://github.com/th3rdwave/react-native-safe-area-context
iOS ./index.ts ░░░░░░░░░░░░░░░░  0.0% (0/1)
iOS Bundled 84ms index.ts (1 module)
 WARN  SafeAreaView has been deprecated and will be removed in a future release. Please use 'react-native-safe-area-context' instead. See https://github.com/th3rdwave/react-native-safe-area-context
 ERROR  Failed to load dashboard [AxiosError: timeout exceeded]
 ERROR  Failed to load dashboard [AxiosError: timeout exceeded]
 ERROR  Failed to load dashboard [AxiosError: Network Error]
 ERROR  Failed to load dashboard [AxiosError: Network Error]
 ERROR  SyntaxError: /Users/altheazuleikasadicon/Downloads/SAVR_mobile-main/SAVR_frontend/screens/BeneficiaryDashboard.tsx: Unexpected token, expected "," (153:0)

  151 |
  152 | }
> 153 | });
      | ^
  154 |
    at constructor (/Users/altheazuleikasadicon/Downloads/SAVR_mobile-main/SAVR_frontend/node_modules/@babel/parser/lib/index.js:365:19)
    at TypeScriptParserMixin.raise (/Users/altheazuleikasadicon/Downloads/SAVR_mobile-main/SAVR_frontend/node_modules/@babel/parser/lib/index.js:6599:19)
    at TypeScriptParserMixin.unexpected (/Users/altheazuleikasadicon/Downloads/SAVR_mobile-main/SAVR_frontend/node_modules/@babel/parser/lib/index.js:6619:16)
    at TypeScriptParserMixin.expect (/Users/altheazuleikasadicon/Downloads/SAVR_mobile-main/SAVR_frontend/node_modules/@babel/parser/lib/index.js:6899:12)
    at TypeScriptParserMixin.parseCallExpressionArguments (/Users/altheazuleikasadicon/Downloads/SAVR_mobile-main/SAVR_frontend/node_modules/@babel/parser/lib/index.js:11243:14)
    at TypeScriptParserMixin.parseCoverCallAndAsyncArrowHead (/Users/altheazuleikasadicon/Downloads/SAVR_mobile-main/SAVR_frontend/node_modules/@babel/parser/lib/index.js:11186:29)
    at TypeScriptParserMixin.parseSubscript (/Users/altheazuleikasadicon/Downloads/SAVR_mobile-main/SAVR_frontend/node_modules/@babel/parser/lib/index.js:11120:19)
    at TypeScriptParserMixin.parseSubscript (/Users/altheazuleikasadicon/Downloads/SAVR_mobile-main/SAVR_frontend/node_modules/@babel/parser/lib/index.js:9272:18)
    at TypeScriptParserMixin.parseSubscripts (/Users/altheazuleikasadicon/Downloads/SAVR_mobile-main/SAVR_frontend/node_modules/@babel/parser/lib/index.js:11094:19)
    at TypeScriptParserMixin.parseExprSubscripts (/Users/altheazuleikasadicon/Downloads/SAVR_mobile-main/SAVR_frontend/node_modules/@babel/parser/lib/index.js:11085:17)
    at TypeScriptParserMixin.parseUpdate (/Users/altheazuleikasadicon/Downloads/SAVR_mobile-main/SAVR_frontend/node_modules/@babel/parser/lib/index.js:11066:21)
    at TypeScriptParserMixin.parseMaybeUnary (/Users/altheazuleikasadicon/Downloads/SAVR_mobile-main/SAVR_frontend/node_modules/@babel/parser/lib/index.js:11046:23)
    at TypeScriptParserMixin.parseMaybeUnary (/Users/altheazuleikasadicon/Downloads/SAVR_mobile-main/SAVR_frontend/node_modules/@babel/parser/lib/index.js:9837:18)
    at TypeScriptParserMixin.parseMaybeUnaryOrPrivate (/Users/altheazuleikasadicon/Downloads/SAVR_mobile-main/SAVR_frontend/node_modules/@babel/parser/lib/index.js:10899:61)
    at TypeScriptParserMixin.parseExprOps (/Users/altheazuleikasadicon/Downloads/SAVR_mobile-main/SAVR_frontend/node_modules/@babel/parser/lib/index.js:10904:23)
    at TypeScriptParserMixin.parseMaybeConditional (/Users/altheazuleikasadicon/Downloads/SAVR_mobile-main/SAVR_frontend/node_modules/@babel/parser/lib/index.js:10881:23)
    at TypeScriptParserMixin.parseMaybeAssign (/Users/altheazuleikasadicon/Downloads/SAVR_mobile-main/SAVR_frontend/node_modules/@babel/parser/lib/index.js:10831:21)
    at TypeScriptParserMixin.parseMaybeAssign (/Users/altheazuleikasadicon/Downloads/SAVR_mobile-main/SAVR_frontend/node_modules/@babel/parser/lib/index.js:9786:20)
    at /Users/altheazuleikasadicon/Downloads/SAVR_mobile-main/SAVR_frontend/node_modules/@babel/parser/lib/index.js:10800:39
    at TypeScriptParserMixin.allowInAnd (/Users/altheazuleikasadicon/Downloads/SAVR_mobile-main/SAVR_frontend/node_modules/@babel/parser/lib/index.js:12421:16)
    at TypeScriptParserMixin.parseMaybeAssignAllowIn (/Users/altheazuleikasadicon/Downloads/SAVR_mobile-main/SAVR_frontend/node_modules/@babel/parser/lib/index.js:10800:17)
    at TypeScriptParserMixin.parseVar (/Users/altheazuleikasadicon/Downloads/SAVR_mobile-main/SAVR_frontend/node_modules/@babel/parser/lib/index.js:13384:91)
    at TypeScriptParserMixin.parseVarStatement (/Users/altheazuleikasadicon/Downloads/SAVR_mobile-main/SAVR_frontend/node_modules/@babel/parser/lib/index.js:13230:10)
    at TypeScriptParserMixin.parseVarStatement (/Users/altheazuleikasadicon/Downloads/SAVR_mobile-main/SAVR_frontend/node_modules/@babel/parser/lib/index.js:9408:31)
    at TypeScriptParserMixin.parseStatementContent (/Users/altheazuleikasadicon/Downloads/SAVR_mobile-main/SAVR_frontend/node_modules/@babel/parser/lib/index.js:12851:23)
    at TypeScriptParserMixin.parseStatementContent (/Users/altheazuleikasadicon/Downloads/SAVR_mobile-main/SAVR_frontend/node_modules/@babel/parser/lib/index.js:9508:18)
    at TypeScriptParserMixin.parseStatementLike (/Users/altheazuleikasadicon/Downloads/SAVR_mobile-main/SAVR_frontend/node_modules/@babel/parser/lib/index.js:12767:17)
    at TypeScriptParserMixin.parseModuleItem (/Users/altheazuleikasadicon/Downloads/SAVR_mobile-main/SAVR_frontend/node_modules/@babel/parser/lib/index.js:12744:17)
    at TypeScriptParserMixin.parseBlockOrModuleBlockBody (/Users/altheazuleikasadicon/Downloads/SAVR_mobile-main/SAVR_frontend/node_modules/@babel/parser/lib/index.js:13316:36)
    at TypeScriptParserMixin.parseBlockBody (/Users/altheazuleikasadicon/Downloads/SAVR_mobile-main/SAVR_frontend/node_modules/@babel/parser/lib/index.js:13309:10)
    at TypeScriptParserMixin.parseProgram (/Users/altheazuleikasadicon/Downloads/SAVR_mobile-main/SAVR_frontend/node_modules/@babel/parser/lib/index.js:12622:10)
    at TypeScriptParserMixin.parseTopLevel (/Users/altheazuleikasadicon/Downloads/SAVR_mobile-main/SAVR_frontend/node_modules/@babel/parser/lib/index.js:12612:25)
    at TypeScriptParserMixin.parse (/Users/altheazuleikasadicon/Downloads/SAVR_mobile-main/SAVR_frontend/node_modules/@babel/parser/lib/index.js:14488:25)
    at TypeScriptParserMixin.parse (/Users/altheazuleikasadicon/Downloads/SAVR_mobile-main/SAVR_frontend/node_modules/@babel/parser/lib/index.js:10126:18)
    at parse (/Users/altheazuleikasadicon/Downloads/SAVR_mobile-main/SAVR_frontend/node_modules/@babel/parser/lib/index.js:14501:26)
    at parser (/Users/altheazuleikasadicon/Downloads/SAVR_mobile-main/SAVR_frontend/node_modules/@babel/core/lib/parser/index.js:41:34)
    at parser.next (<anonymous>)
    at normalizeFile (/Users/altheazuleikasadicon/Downloads/SAVR_mobile-main/SAVR_frontend/node_modules/@babel/core/lib/transformation/normalize-file.js:64:37)
    at normalizeFile.next (<anonymous>)
    at run (/Users/altheazuleikasadicon/Downloads/SAVR_mobile-main/SAVR_frontend/node_modules/@babel/core/lib/transformation/index.js:22:50)
    at run.next (<anonymous>)
    at transform (/Users/altheazuleikasadicon/Downloads/SAVR_mobile-main/SAVR_frontend/node_modules/@babel/core/lib/transform.js:22:33)
    at transform.next (<anonymous>)
    at evaluateSync (/Users/altheazuleikasadicon/Downloads/SAVR_mobile-main/SAVR_frontend/node_modules/gensync/index.js:251:28)
    at sync (/Users/altheazuleikasadicon/Downloads/SAVR_mobile-main/SAVR_frontend/node_modules/gensync/index.js:89:14)
    at stopHiding - secret - don't use this - v1 (/Users/altheazuleikasadicon/Downloads/SAVR_mobile-main/SAVR_frontend/node_modules/@babel/core/lib/errors/rewrite-stack-trace.js:47:12)
    at Object.transformSync (/Users/altheazuleikasadicon/Downloads/SAVR_mobile-main/SAVR_frontend/node_modules/@babel/core/lib/transform.js:40:76)
    at parseWithBabel (/Users/altheazuleikasadicon/Downloads/SAVR_mobile-main/SAVR_frontend/node_modules/@expo/metro-config/build/transformSync.js:75:18)
    at transformSync (/Users/altheazuleikasadicon/Downloads/SAVR_mobile-main/SAVR_frontend/node_modules/@expo/metro-config/build/transformSync.js:54:16)
    at Object.transform (/Users/altheazuleikasadicon/Downloads/SAVR_mobile-main/SAVR_frontend/node_modules/@expo/metro-config/build/babel-transformer.js:127:58)
 ERROR  [Error: TransformError SyntaxError: /Users/altheazuleikasadicon/Downloads/SAVR_mobile-main/SAVR_frontend/screens/BeneficiaryDashboard.tsx: Unexpected token, expected "," (153:0)

[0m [90m 151 |[39m
 [90m 152 |[39m }
[31m[1m>[22m[39m[90m 153 |[39m })[33m;[39m
 [90m     |[39m [31m[1m^[22m[39m
 [90m 154 |[39m[0m]
 ERROR  Activities fetch error [AxiosError: Network Error]
iOS ./index.ts ░░░░░░░░░░░░░░░░  0.0% (0/1)
iOS Bundling failed 26ms index.ts (1 module)
 ERROR  SyntaxError: /Users/altheazuleikasadicon/Downloads/SAVR_mobile-main/SAVR_frontend/screens/BeneficiaryDashboard.tsx: Unexpected token, expected "," (153:0)

  151 |
  152 | }
> 153 | });
      | ^
  154 |
    at constructor (/Users/altheazuleikasadicon/Downloads/SAVR_mobile-main/SAVR_frontend/node_modules/@babel/parser/lib/index.js:365:19)
    at TypeScriptParserMixin.raise (/Users/altheazuleikasadicon/Downloads/SAVR_mobile-main/SAVR_frontend/node_modules/@babel/parser/lib/index.js:6599:19)
    at TypeScriptParserMixin.unexpected (/Users/altheazuleikasadicon/Downloads/SAVR_mobile-main/SAVR_frontend/node_modules/@babel/parser/lib/index.js:6619:16)
    at TypeScriptParserMixin.expect (/Users/altheazuleikasadicon/Downloads/SAVR_mobile-main/SAVR_frontend/node_modules/@babel/parser/lib/index.js:6899:12)
    at TypeScriptParserMixin.parseCallExpressionArguments (/Users/altheazuleikasadicon/Downloads/SAVR_mobile-main/SAVR_frontend/node_modules/@babel/parser/lib/index.js:11243:14)
    at TypeScriptParserMixin.parseCoverCallAndAsyncArrowHead (/Users/altheazuleikasadicon/Downloads/SAVR_mobile-main/SAVR_frontend/node_modules/@babel/parser/lib/index.js:11186:29)
    at TypeScriptParserMixin.parseSubscript (/Users/altheazuleikasadicon/Downloads/SAVR_mobile-main/SAVR_frontend/node_modules/@babel/parser/lib/index.js:11120:19)
    at TypeScriptParserMixin.parseSubscript (/Users/altheazuleikasadicon/Downloads/SAVR_mobile-main/SAVR_frontend/node_modules/@babel/parser/lib/index.js:9272:18)
    at TypeScriptParserMixin.parseSubscripts (/Users/altheazuleikasadicon/Downloads/SAVR_mobile-main/SAVR_frontend/node_modules/@babel/parser/lib/index.js:11094:19)
    at TypeScriptParserMixin.parseExprSubscripts (/Users/altheazuleikasadicon/Downloads/SAVR_mobile-main/SAVR_frontend/node_modules/@babel/parser/lib/index.js:11085:17)
    at TypeScriptParserMixin.parseUpdate (/Users/altheazuleikasadicon/Downloads/SAVR_mobile-main/SAVR_frontend/node_modules/@babel/parser/lib/index.js:11066:21)
    at TypeScriptParserMixin.parseMaybeUnary (/Users/altheazuleikasadicon/Downloads/SAVR_mobile-main/SAVR_frontend/node_modules/@babel/parser/lib/index.js:11046:23)
    at TypeScriptParserMixin.parseMaybeUnary (/Users/altheazuleikasadicon/Downloads/SAVR_mobile-main/SAVR_frontend/node_modules/@babel/parser/lib/index.js:9837:18)
    at TypeScriptParserMixin.parseMaybeUnaryOrPrivate (/Users/altheazuleikasadicon/Downloads/SAVR_mobile-main/SAVR_frontend/node_modules/@babel/parser/lib/index.js:10899:61)
    at TypeScriptParserMixin.parseExprOps (/Users/altheazuleikasadicon/Downloads/SAVR_mobile-main/SAVR_frontend/node_modules/@babel/parser/lib/index.js:10904:23)
    at TypeScriptParserMixin.parseMaybeConditional (/Users/altheazuleikasadicon/Downloads/SAVR_mobile-main/SAVR_frontend/node_modules/@babel/parser/lib/index.js:10881:23)
    at TypeScriptParserMixin.parseMaybeAssign (/Users/altheazuleikasadicon/Downloads/SAVR_mobile-main/SAVR_frontend/node_modules/@babel/parser/lib/index.js:10831:21)
    at TypeScriptParserMixin.parseMaybeAssign (/Users/altheazuleikasadicon/Downloads/SAVR_mobile-main/SAVR_frontend/node_modules/@babel/parser/lib/index.js:9786:20)
    at /Users/altheazuleikasadicon/Downloads/SAVR_mobile-main/SAVR_frontend/node_modules/@babel/parser/lib/index.js:10800:39
    at TypeScriptParserMixin.allowInAnd (/Users/altheazuleikasadicon/Downloads/SAVR_mobile-main/SAVR_frontend/node_modules/@babel/parser/lib/index.js:12421:16)
    at TypeScriptParserMixin.parseMaybeAssignAllowIn (/Users/altheazuleikasadicon/Downloads/SAVR_mobile-main/SAVR_frontend/node_modules/@babel/parser/lib/index.js:10800:17)
    at TypeScriptParserMixin.parseVar (/Users/altheazuleikasadicon/Downloads/SAVR_mobile-main/SAVR_frontend/node_modules/@babel/parser/lib/index.js:13384:91)
    at TypeScriptParserMixin.parseVarStatement (/Users/altheazuleikasadicon/Downloads/SAVR_mobile-main/SAVR_frontend/node_modules/@babel/parser/lib/index.js:13230:10)
    at TypeScriptParserMixin.parseVarStatement (/Users/altheazuleikasadicon/Downloads/SAVR_mobile-main/SAVR_frontend/node_modules/@babel/parser/lib/index.js:9408:31)
    at TypeScriptParserMixin.parseStatementContent (/Users/altheazuleikasadicon/Downloads/SAVR_mobile-main/SAVR_frontend/node_modules/@babel/parser/lib/index.js:12851:23)
    at TypeScriptParserMixin.parseStatementContent (/Users/altheazuleikasadicon/Downloads/SAVR_mobile-main/SAVR_frontend/node_modules/@babel/parser/lib/index.js:9508:18)
    at TypeScriptParserMixin.parseStatementLike (/Users/altheazuleikasadicon/Downloads/SAVR_mobile-main/SAVR_frontend/node_modules/@babel/parser/lib/index.js:12767:17)
    at TypeScriptParserMixin.parseModuleItem (/Users/altheazuleikasadicon/Downloads/SAVR_mobile-main/SAVR_frontend/node_modules/@babel/parser/lib/index.js:12744:17)
    at TypeScriptParserMixin.parseBlockOrModuleBlockBody (/Users/altheazuleikasadicon/Downloads/SAVR_mobile-main/SAVR_frontend/node_modules/@babel/parser/lib/index.js:13316:36)
    at TypeScriptParserMixin.parseBlockBody (/Users/altheazuleikasadicon/Downloads/SAVR_mobile-main/SAVR_frontend/node_modules/@babel/parser/lib/index.js:13309:10)
    at TypeScriptParserMixin.parseProgram (/Users/altheazuleikasadicon/Downloads/SAVR_mobile-main/SAVR_frontend/node_modules/@babel/parser/lib/index.js:12622:10)
    at TypeScriptParserMixin.parseTopLevel (/Users/altheazuleikasadicon/Downloads/SAVR_mobile-main/SAVR_frontend/node_modules/@babel/parser/lib/index.js:12612:25)
    at TypeScriptParserMixin.parse (/Users/altheazuleikasadicon/Downloads/SAVR_mobile-main/SAVR_frontend/node_modules/@babel/parser/lib/index.js:14488:25)
    at TypeScriptParserMixin.parse (/Users/altheazuleikasadicon/Downloads/SAVR_mobile-main/SAVR_frontend/node_modules/@babel/parser/lib/index.js:10126:18)
    at parse (/Users/altheazuleikasadicon/Downloads/SAVR_mobile-main/SAVR_frontend/node_modules/@babel/parser/lib/index.js:14501:26)
    at parser (/Users/altheazuleikasadicon/Downloads/SAVR_mobile-main/SAVR_frontend/node_modules/@babel/core/lib/parser/index.js:41:34)
    at parser.next (<anonymous>)
    at normalizeFile (/Users/altheazuleikasadicon/Downloads/SAVR_mobile-main/SAVR_frontend/node_modules/@babel/core/lib/transformation/normalize-file.js:64:37)
    at normalizeFile.next (<anonymous>)
    at run (/Users/altheazuleikasadicon/Downloads/SAVR_mobile-main/SAVR_frontend/node_modules/@babel/core/lib/transformation/index.js:22:50)
    at run.next (<anonymous>)
    at transform (/Users/altheazuleikasadicon/Downloads/SAVR_mobile-main/SAVR_frontend/node_modules/@babel/core/lib/transform.js:22:33)
    at transform.next (<anonymous>)
    at evaluateSync (/Users/altheazuleikasadicon/Downloads/SAVR_mobile-main/SAVR_frontend/node_modules/gensync/index.js:251:28)
    at sync (/Users/altheazuleikasadicon/Downloads/SAVR_mobile-main/SAVR_frontend/node_modules/gensync/index.js:89:14)
    at stopHiding - secret - don't use this - v1 (/Users/altheazuleikasadicon/Downloads/SAVR_mobile-main/SAVR_frontend/node_modules/@babel/core/lib/errors/rewrite-stack-trace.js:47:12)
    at Object.transformSync (/Users/altheazuleikasadicon/Downloads/SAVR_mobile-main/SAVR_frontend/node_modules/@babel/core/lib/transform.js:40:76)
    at parseWithBabel (/Users/altheazuleikasadicon/Downloads/SAVR_mobile-main/SAVR_frontend/node_modules/@expo/metro-config/build/transformSync.js:75:18)
    at transformSync (/Users/altheazuleikasadicon/Downloads/SAVR_mobile-main/SAVR_frontend/node_modules/@expo/metro-config/build/transformSync.js:54:16)
    at Object.transform (/Users/altheazuleikasadicon/Downloads/SAVR_mobile-main/SAVR_frontend/node_modules/@expo/metro-config/build/babel-transformer.js:127:58)
iOS ./index.ts ░░░░░░░░░░░░░░░░  0.0% (0/1)
iOS Bundling failed 84ms index.ts (1 module)
 ERROR  SyntaxError: /Users/altheazuleikasadicon/Downloads/SAVR_mobile-main/SAVR_frontend/screens/BeneficiaryDashboard.tsx: Unexpected token, expected "," (153:0)

  151 |
  152 | }
> 153 | });
      | ^
  154 |
    at constructor (/Users/altheazuleikasadicon/Downloads/SAVR_mobile-main/SAVR_frontend/node_modules/@babel/parser/lib/index.js:365:19)
    at TypeScriptParserMixin.raise (/Users/altheazuleikasadicon/Downloads/SAVR_mobile-main/SAVR_frontend/node_modules/@babel/parser/lib/index.js:6599:19)
    at TypeScriptParserMixin.unexpected (/Users/altheazuleikasadicon/Downloads/SAVR_mobile-main/SAVR_frontend/node_modules/@babel/parser/lib/index.js:6619:16)
    at TypeScriptParserMixin.expect (/Users/altheazuleikasadicon/Downloads/SAVR_mobile-main/SAVR_frontend/node_modules/@babel/parser/lib/index.js:6899:12)
    at TypeScriptParserMixin.parseCallExpressionArguments (/Users/altheazuleikasadicon/Downloads/SAVR_mobile-main/SAVR_frontend/node_modules/@babel/parser/lib/index.js:11243:14)
    at TypeScriptParserMixin.parseCoverCallAndAsyncArrowHead (/Users/altheazuleikasadicon/Downloads/SAVR_mobile-main/SAVR_frontend/node_modules/@babel/parser/lib/index.js:11186:29)
    at TypeScriptParserMixin.parseSubscript (/Users/altheazuleikasadicon/Downloads/SAVR_mobile-main/SAVR_frontend/node_modules/@babel/parser/lib/index.js:11120:19)
    at TypeScriptParserMixin.parseSubscript (/Users/altheazuleikasadicon/Downloads/SAVR_mobile-main/SAVR_frontend/node_modules/@babel/parser/lib/index.js:9272:18)
    at TypeScriptParserMixin.parseSubscripts (/Users/altheazuleikasadicon/Downloads/SAVR_mobile-main/SAVR_frontend/node_modules/@babel/parser/lib/index.js:11094:19)
    at TypeScriptParserMixin.parseExprSubscripts (/Users/altheazuleikasadicon/Downloads/SAVR_mobile-main/SAVR_frontend/node_modules/@babel/parser/lib/index.js:11085:17)
    at TypeScriptParserMixin.parseUpdate (/Users/altheazuleikasadicon/Downloads/SAVR_mobile-main/SAVR_frontend/node_modules/@babel/parser/lib/index.js:11066:21)
    at TypeScriptParserMixin.parseMaybeUnary (/Users/altheazuleikasadicon/Downloads/SAVR_mobile-main/SAVR_frontend/node_modules/@babel/parser/lib/index.js:11046:23)
    at TypeScriptParserMixin.parseMaybeUnary (/Users/altheazuleikasadicon/Downloads/SAVR_mobile-main/SAVR_frontend/node_modules/@babel/parser/lib/index.js:9837:18)
    at TypeScriptParserMixin.parseMaybeUnaryOrPrivate (/Users/altheazuleikasadicon/Downloads/SAVR_mobile-main/SAVR_frontend/node_modules/@babel/parser/lib/index.js:10899:61)
    at TypeScriptParserMixin.parseExprOps (/Users/altheazuleikasadicon/Downloads/SAVR_mobile-main/SAVR_frontend/node_modules/@babel/parser/lib/index.js:10904:23)
    at TypeScriptParserMixin.parseMaybeConditional (/Users/altheazuleikasadicon/Downloads/SAVR_mobile-main/SAVR_frontend/node_modules/@babel/parser/lib/index.js:10881:23)
    at TypeScriptParserMixin.parseMaybeAssign (/Users/altheazuleikasadicon/Downloads/SAVR_mobile-main/SAVR_frontend/node_modules/@babel/parser/lib/index.js:10831:21)
    at TypeScriptParserMixin.parseMaybeAssign (/Users/altheazuleikasadicon/Downloads/SAVR_mobile-main/SAVR_frontend/node_modules/@babel/parser/lib/index.js:9786:20)
    at /Users/altheazuleikasadicon/Downloads/SAVR_mobile-main/SAVR_frontend/node_modules/@babel/parser/lib/index.js:10800:39
    at TypeScriptParserMixin.allowInAnd (/Users/altheazuleikasadicon/Downloads/SAVR_mobile-main/SAVR_frontend/node_modules/@babel/parser/lib/index.js:12421:16)
    at TypeScriptParserMixin.parseMaybeAssignAllowIn (/Users/altheazuleikasadicon/Downloads/SAVR_mobile-main/SAVR_frontend/node_modules/@babel/parser/lib/index.js:10800:17)
    at TypeScriptParserMixin.parseVar (/Users/altheazuleikasadicon/Downloads/SAVR_mobile-main/SAVR_frontend/node_modules/@babel/parser/lib/index.js:13384:91)
    at TypeScriptParserMixin.parseVarStatement (/Users/altheazuleikasadicon/Downloads/SAVR_mobile-main/SAVR_frontend/node_modules/@babel/parser/lib/index.js:13230:10)
    at TypeScriptParserMixin.parseVarStatement (/Users/altheazuleikasadicon/Downloads/SAVR_mobile-main/SAVR_frontend/node_modules/@babel/parser/lib/index.js:9408:31)
    at TypeScriptParserMixin.parseStatementContent (/Users/altheazuleikasadicon/Downloads/SAVR_mobile-main/SAVR_frontend/node_modules/@babel/parser/lib/index.js:12851:23)
    at TypeScriptParserMixin.parseStatementContent (/Users/altheazuleikasadicon/Downloads/SAVR_mobile-main/SAVR_frontend/node_modules/@babel/parser/lib/index.js:9508:18)
    at TypeScriptParserMixin.parseStatementLike (/Users/altheazuleikasadicon/Downloads/SAVR_mobile-main/SAVR_frontend/node_modules/@babel/parser/lib/index.js:12767:17)
    at TypeScriptParserMixin.parseModuleItem (/Users/altheazuleikasadicon/Downloads/SAVR_mobile-main/SAVR_frontend/node_modules/@babel/parser/lib/index.js:12744:17)
    at TypeScriptParserMixin.parseBlockOrModuleBlockBody (/Users/altheazuleikasadicon/Downloads/SAVR_mobile-main/SAVR_frontend/node_modules/@babel/parser/lib/index.js:13316:36)
    at TypeScriptParserMixin.parseBlockBody (/Users/altheazuleikasadicon/Downloads/SAVR_mobile-main/SAVR_frontend/node_modules/@babel/parser/lib/index.js:13309:10)
    at TypeScriptParserMixin.parseProgram (/Users/altheazuleikasadicon/Downloads/SAVR_mobile-main/SAVR_frontend/node_modules/@babel/parser/lib/index.js:12622:10)
    at TypeScriptParserMixin.parseTopLevel (/Users/altheazuleikasadicon/Downloads/SAVR_mobile-main/SAVR_frontend/node_modules/@babel/parser/lib/index.js:12612:25)
    at TypeScriptParserMixin.parse (/Users/altheazuleikasadicon/Downloads/SAVR_mobile-main/SAVR_frontend/node_modules/@babel/parser/lib/index.js:14488:25)
    at TypeScriptParserMixin.parse (/Users/altheazuleikasadicon/Downloads/SAVR_mobile-main/SAVR_frontend/node_modules/@babel/parser/lib/index.js:10126:18)
    at parse (/Users/altheazuleikasadicon/Downloads/SAVR_mobile-main/SAVR_frontend/node_modules/@babel/parser/lib/index.js:14501:26)
    at parser (/Users/altheazuleikasadicon/Downloads/SAVR_mobile-main/SAVR_frontend/node_modules/@babel/core/lib/parser/index.js:41:34)
    at parser.next (<anonymous>)
    at normalizeFile (/Users/altheazuleikasadicon/Downloads/SAVR_mobile-main/SAVR_frontend/node_modules/@babel/core/lib/transformation/normalize-file.js:64:37)
    at normalizeFile.next (<anonymous>)
    at run (/Users/altheazuleikasadicon/Downloads/SAVR_mobile-main/SAVR_frontend/node_modules/@babel/core/lib/transformation/index.js:22:50)
    at run.next (<anonymous>)
    at transform (/Users/altheazuleikasadicon/Downloads/SAVR_mobile-main/SAVR_frontend/node_modules/@babel/core/lib/transform.js:22:33)
    at transform.next (<anonymous>)
    at evaluateSync (/Users/altheazuleikasadicon/Downloads/SAVR_mobile-main/SAVR_frontend/node_modules/gensync/index.js:251:28)
    at sync (/Users/altheazuleikasadicon/Downloads/SAVR_mobile-main/SAVR_frontend/node_modules/gensync/index.js:89:14)
    at stopHiding - secret - don't use this - v1 (/Users/altheazuleikasadicon/Downloads/SAVR_mobile-main/SAVR_frontend/node_modules/@babel/core/lib/errors/rewrite-stack-trace.js:47:12)
    at Object.transformSync (/Users/altheazuleikasadicon/Downloads/SAVR_mobile-main/SAVR_frontend/node_modules/@babel/core/lib/transform.js:40:76)
    at parseWithBabel (/Users/altheazuleikasadicon/Downloads/SAVR_mobile-main/SAVR_frontend/node_modules/@expo/metro-config/build/transformSync.js:75:18)
    at transformSync (/Users/altheazuleikasadicon/Downloads/SAVR_mobile-main/SAVR_frontend/node_modules/@expo/metro-config/build/transformSync.js:54:16)
    at Object.transform (/Users/altheazuleikasadicon/Downloads/SAVR_mobile-main/SAVR_frontend/node_modules/@expo/metro-config/build/babel-transformer.js:127:58)
iOS ./index.ts ░░░░░░░░░░░░░░░░  0.0% (0/1)
iOS Bundling failed 115ms index.ts (1 module)
 ERROR  SyntaxError: /Users/altheazuleikasadicon/Downloads/SAVR_mobile-main/SAVR_frontend/screens/BeneficiaryDashboard.tsx: Unexpected token, expected "," (153:0)

  151 |
  152 | }
> 153 | });
      | ^
  154 | });
  155 |
    at constructor (/Users/altheazuleikasadicon/Downloads/SAVR_mobile-main/SAVR_frontend/node_modules/@babel/parser/lib/index.js:365:19)
    at TypeScriptParserMixin.raise (/Users/altheazuleikasadicon/Downloads/SAVR_mobile-main/SAVR_frontend/node_modules/@babel/parser/lib/index.js:6599:19)
    at TypeScriptParserMixin.unexpected (/Users/altheazuleikasadicon/Downloads/SAVR_mobile-main/SAVR_frontend/node_modules/@babel/parser/lib/index.js:6619:16)
    at TypeScriptParserMixin.expect (/Users/altheazuleikasadicon/Downloads/SAVR_mobile-main/SAVR_frontend/node_modules/@babel/parser/lib/index.js:6899:12)
    at TypeScriptParserMixin.parseCallExpressionArguments (/Users/altheazuleikasadicon/Downloads/SAVR_mobile-main/SAVR_frontend/node_modules/@babel/parser/lib/index.js:11243:14)
    at TypeScriptParserMixin.parseCoverCallAndAsyncArrowHead (/Users/altheazuleikasadicon/Downloads/SAVR_mobile-main/SAVR_frontend/node_modules/@babel/parser/lib/index.js:11186:29)
    at TypeScriptParserMixin.parseSubscript (/Users/altheazuleikasadicon/Downloads/SAVR_mobile-main/SAVR_frontend/node_modules/@babel/parser/lib/index.js:11120:19)
    at TypeScriptParserMixin.parseSubscript (/Users/altheazuleikasadicon/Downloads/SAVR_mobile-main/SAVR_frontend/node_modules/@babel/parser/lib/index.js:9272:18)
    at TypeScriptParserMixin.parseSubscripts (/Users/altheazuleikasadicon/Downloads/SAVR_mobile-main/SAVR_frontend/node_modules/@babel/parser/lib/index.js:11094:19)
    at TypeScriptParserMixin.parseExprSubscripts (/Users/altheazuleikasadicon/Downloads/SAVR_mobile-main/SAVR_frontend/node_modules/@babel/parser/lib/index.js:11085:17)
    at TypeScriptParserMixin.parseUpdate (/Users/altheazuleikasadicon/Downloads/SAVR_mobile-main/SAVR_frontend/node_modules/@babel/parser/lib/index.js:11066:21)
    at TypeScriptParserMixin.parseMaybeUnary (/Users/altheazuleikasadicon/Downloads/SAVR_mobile-main/SAVR_frontend/node_modules/@babel/parser/lib/index.js:11046:23)
    at TypeScriptParserMixin.parseMaybeUnary (/Users/altheazuleikasadicon/Downloads/SAVR_mobile-main/SAVR_frontend/node_modules/@babel/parser/lib/index.js:9837:18)
    at TypeScriptParserMixin.parseMaybeUnaryOrPrivate (/Users/altheazuleikasadicon/Downloads/SAVR_mobile-main/SAVR_frontend/node_modules/@babel/parser/lib/index.js:10899:61)
    at TypeScriptParserMixin.parseExprOps (/Users/altheazuleikasadicon/Downloads/SAVR_mobile-main/SAVR_frontend/node_modules/@babel/parser/lib/index.js:10904:23)
    at TypeScriptParserMixin.parseMaybeConditional (/Users/altheazuleikasadicon/Downloads/SAVR_mobile-main/SAVR_frontend/node_modules/@babel/parser/lib/index.js:10881:23)
    at TypeScriptParserMixin.parseMaybeAssign (/Users/altheazuleikasadicon/Downloads/SAVR_mobile-main/SAVR_frontend/node_modules/@babel/parser/lib/index.js:10831:21)
    at TypeScriptParserMixin.parseMaybeAssign (/Users/altheazuleikasadicon/Downloads/SAVR_mobile-main/SAVR_frontend/node_modules/@babel/parser/lib/index.js:9786:20)
    at /Users/altheazuleikasadicon/Downloads/SAVR_mobile-main/SAVR_frontend/node_modules/@babel/parser/lib/index.js:10800:39
    at TypeScriptParserMixin.allowInAnd (/Users/altheazuleikasadicon/Downloads/SAVR_mobile-main/SAVR_frontend/node_modules/@babel/parser/lib/index.js:12421:16)
    at TypeScriptParserMixin.parseMaybeAssignAllowIn (/Users/altheazuleikasadicon/Downloads/SAVR_mobile-main/SAVR_frontend/node_modules/@babel/parser/lib/index.js:10800:17)
    at TypeScriptParserMixin.parseVar (/Users/altheazuleikasadicon/Downloads/SAVR_mobile-main/SAVR_frontend/node_modules/@babel/parser/lib/index.js:13384:91)
    at TypeScriptParserMixin.parseVarStatement (/Users/altheazuleikasadicon/Downloads/SAVR_mobile-main/SAVR_frontend/node_modules/@babel/parser/lib/index.js:13230:10)
    at TypeScriptParserMixin.parseVarStatement (/Users/altheazuleikasadicon/Downloads/SAVR_mobile-main/SAVR_frontend/node_modules/@babel/parser/lib/index.js:9408:31)
    at TypeScriptParserMixin.parseStatementContent (/Users/altheazuleikasadicon/Downloads/SAVR_mobile-main/SAVR_frontend/node_modules/@babel/parser/lib/index.js:12851:23)
    at TypeScriptParserMixin.parseStatementContent (/Users/altheazuleikasadicon/Downloads/SAVR_mobile-main/SAVR_frontend/node_modules/@babel/parser/lib/index.js:9508:18)
    at TypeScriptParserMixin.parseStatementLike (/Users/altheazuleikasadicon/Downloads/SAVR_mobile-main/SAVR_frontend/node_modules/@babel/parser/lib/index.js:12767:17)
    at TypeScriptParserMixin.parseModuleItem (/Users/altheazuleikasadicon/Downloads/SAVR_mobile-main/SAVR_frontend/node_modules/@babel/parser/lib/index.js:12744:17)
    at TypeScriptParserMixin.parseBlockOrModuleBlockBody (/Users/altheazuleikasadicon/Downloads/SAVR_mobile-main/SAVR_frontend/node_modules/@babel/parser/lib/index.js:13316:36)
    at TypeScriptParserMixin.parseBlockBody (/Users/altheazuleikasadicon/Downloads/SAVR_mobile-main/SAVR_frontend/node_modules/@babel/parser/lib/index.js:13309:10)
    at TypeScriptParserMixin.parseProgram (/Users/altheazuleikasadicon/Downloads/SAVR_mobile-main/SAVR_frontend/node_modules/@babel/parser/lib/index.js:12622:10)
    at TypeScriptParserMixin.parseTopLevel (/Users/altheazuleikasadicon/Downloads/SAVR_mobile-main/SAVR_frontend/node_modules/@babel/parser/lib/index.js:12612:25)
    at TypeScriptParserMixin.parse (/Users/altheazuleikasadicon/Downloads/SAVR_mobile-main/SAVR_frontend/node_modules/@babel/parser/lib/index.js:14488:25)
    at TypeScriptParserMixin.parse (/Users/altheazuleikasadicon/Downloads/SAVR_mobile-main/SAVR_frontend/node_modules/@babel/parser/lib/index.js:10126:18)
    at parse (/Users/altheazuleikasadicon/Downloads/SAVR_mobile-main/SAVR_frontend/node_modules/@babel/parser/lib/index.js:14501:26)
    at parser (/Users/altheazuleikasadicon/Downloads/SAVR_mobile-main/SAVR_frontend/node_modules/@babel/core/lib/parser/index.js:41:34)
    at parser.next (<anonymous>)
    at normalizeFile (/Users/altheazuleikasadicon/Downloads/SAVR_mobile-main/SAVR_frontend/node_modules/@babel/core/lib/transformation/normalize-file.js:64:37)
    at normalizeFile.next (<anonymous>)
    at run (/Users/altheazuleikasadicon/Downloads/SAVR_mobile-main/SAVR_frontend/node_modules/@babel/core/lib/transformation/index.js:22:50)
    at run.next (<anonymous>)
    at transform (/Users/altheazuleikasadicon/Downloads/SAVR_mobile-main/SAVR_frontend/node_modules/@babel/core/lib/transform.js:22:33)
    at transform.next (<anonymous>)
    at evaluateSync (/Users/altheazuleikasadicon/Downloads/SAVR_mobile-main/SAVR_frontend/node_modules/gensync/index.js:251:28)
    at sync (/Users/altheazuleikasadicon/Downloads/SAVR_mobile-main/SAVR_frontend/node_modules/gensync/index.js:89:14)
    at stopHiding - secret - don't use this - v1 (/Users/altheazuleikasadicon/Downloads/SAVR_mobile-main/SAVR_frontend/node_modules/@babel/core/lib/errors/rewrite-stack-trace.js:47:12)
    at Object.transformSync (/Users/altheazuleikasadicon/Downloads/SAVR_mobile-main/SAVR_frontend/node_modules/@babel/core/lib/transform.js:40:76)
    at parseWithBabel (/Users/altheazuleikasadicon/Downloads/SAVR_mobile-main/SAVR_frontend/node_modules/@expo/metro-config/build/transformSync.js:75:18)
    at transformSync (/Users/altheazuleikasadicon/Downloads/SAVR_mobile-main/SAVR_frontend/node_modules/@expo/metro-config/build/transformSync.js:54:16)
    at Object.transform (/Users/altheazuleikasadicon/Downloads/SAVR_mobile-main/SAVR_frontend/node_modules/@expo/metro-config/build/babel-transformer.js:127:58)
iOS ./index.ts ░░░░░░░░░░░░░░░░  0.0% (0/1)
iOS Bundled 118ms index.ts (1 module)
 WARN  SafeAreaView has been deprecated and will be removed in a future release. Please use 'react-native-safe-area-context' instead. See https://github.com/th3rdwave/react-native-safe-area-context
 ERROR  Failed to load dashboard [AxiosError: Network Error]
 ERROR  Activities fetch error [AxiosError: timeout exceeded]
 ERROR  Failed to load dashboard [AxiosError: timeout exceeded]
 ERROR  Failed to load dashboard [AxiosError: Network Error]
 ERROR  Failed to load dashboard [AxiosError: timeout exceeded]
 ERROR  Failed to load dashboard [AxiosError: Network Error]
 ERROR  Failed to load dashboard [AxiosError: timeout exceeded]
iOS ./index.ts ░░░░░░░░░░░░░░░░  0.0% (0/1)
iOS Bundled 65ms index.ts (1 module)
 WARN  SafeAreaView has been deprecated and will be removed in a future release. Please use 'react-native-safe-area-context' instead. See https://github.com/th3rdwave/react-native-safe-area-context
 ERROR  The action 'NAVIGATE' with payload {"name":"OrgRegistration"} was not handled by any navigator.

Do you have a screen named 'OrgRegistration'?

If you're trying to navigate to a screen in a nested navigator, see https://reactnavigation.org/docs/nesting-navigators#navigating-to-a-screen-in-a-nested-navigator.

If you're using conditional rendering, navigation will happen automatically and you shouldn't navigate manually, see.

This is a development-only warning and won't be shown in production.
 ERROR  The action 'NAVIGATE' with payload {"name":"OrgRegistration"} was not handled by any navigator.

Do you have a screen named 'OrgRegistration'?

If you're trying to navigate to a screen in a nested navigator, see https://reactnavigation.org/docs/nesting-navigators#navigating-to-a-screen-in-a-nested-navigator.

If you're using conditional rendering, navigation will happen automatically and you shouldn't navigate manually, see.

This is a development-only warning and won't be shown in production.
 ERROR  The action 'NAVIGATE' with payload {"name":"OrgRegistration"} was not handled by any navigator.

Do you have a screen named 'OrgRegistration'?

If you're trying to navigate to a screen in a nested navigator, see https://reactnavigation.org/docs/nesting-navigators#navigating-to-a-screen-in-a-nested-navigator.

If you're using conditional rendering, navigation will happen automatically and you shouldn't navigate manually, see.

This is a development-only warning and won't be shown in production.
 ERROR  The action 'NAVIGATE' with payload {"name":"OrgRegistration"} was not handled by any navigator.

Do you have a screen named 'OrgRegistration'?

If you're trying to navigate to a screen in a nested navigator, see https://reactnavigation.org/docs/nesting-navigators#navigating-to-a-screen-in-a-nested-navigator.

If you're using conditional rendering, navigation will happen automatically and you shouldn't navigate manually, see.

This is a development-only warning and won't be shown in production.
 ERROR  The action 'NAVIGATE' with payload {"name":"OrgRegistration"} was not handled by any navigator.

Do you have a screen named 'OrgRegistration'?

If you're trying to navigate to a screen in a nested navigator, see https://reactnavigation.org/docs/nesting-navigators#navigating-to-a-screen-in-a-nested-navigator.

If you're using conditional rendering, navigation will happen automatically and you shouldn't navigate manually, see.

This is a development-only warning and won't be shown in production.
 ERROR  The action 'NAVIGATE' with payload {"name":"OrgRegistration"} was not handled by any navigator.

Do you have a screen named 'OrgRegistration'?

If you're trying to navigate to a screen in a nested navigator, see https://reactnavigation.org/docs/nesting-navigators#navigating-to-a-screen-in-a-nested-navigator.

If you're using conditional rendering, navigation will happen automatically and you shouldn't navigate manually, see.

This is a development-only warning and won't be shown in production.
 ERROR  The action 'NAVIGATE' with payload {"name":"OrgRegistration"} was not handled by any navigator.

Do you have a screen named 'OrgRegistration'?

If you're trying to navigate to a screen in a nested navigator, see https://reactnavigation.org/docs/nesting-navigators#navigating-to-a-screen-in-a-nested-navigator.

If you're using conditional rendering, navigation will happen automatically and you shouldn't navigate manually, see.

This is a development-only warning and won't be shown in production.
 ERROR  The action 'NAVIGATE' with payload {"name":"OrgRegistration"} was not handled by any navigator.

Do you have a screen named 'OrgRegistration'?

If you're trying to navigate to a screen in a nested navigator, see https://reactnavigation.org/docs/nesting-navigators#navigating-to-a-screen-in-a-nested-navigator.

If you're using conditional rendering, navigation will happen automatically and you shouldn't navigate manually, see.

This is a development-only warning and won't be shown in production.
 ERROR  The action 'NAVIGATE' with payload {"name":"OrgRegistration"} was not handled by any navigator.

Do you have a screen named 'OrgRegistration'?

If you're trying to navigate to a screen in a nested navigator, see https://reactnavigation.org/docs/nesting-navigators#navigating-to-a-screen-in-a-nested-navigator.

If you're using conditional rendering, navigation will happen automatically and you shouldn't navigate manually, see.

This is a development-only warning and won't be shown in production.
 ERROR  The action 'NAVIGATE' with payload {"name":"OrgRegistration"} was not handled by any navigator.

Do you have a screen named 'OrgRegistration'?

If you're trying to navigate to a screen in a nested navigator, see https://reactnavigation.org/docs/nesting-navigators#navigating-to-a-screen-in-a-nested-navigator.

If you're using conditional rendering, navigation will happen automatically and you shouldn't navigate manually, see.

This is a development-only warning and won't be shown in production.
 ERROR  The action 'NAVIGATE' with payload {"name":"OrgRegistration"} was not handled by any navigator.

Do you have a screen named 'OrgRegistration'?

If you're trying to navigate to a screen in a nested navigator, see https://reactnavigation.org/docs/nesting-navigators#navigating-to-a-screen-in-a-nested-navigator.

If you're using conditional rendering, navigation will happen automatically and you shouldn't navigate manually, see.

This is a development-only warning and won't be shown in production.
 ERROR  The action 'NAVIGATE' with payload {"name":"OrgRegistration"} was not handled by any navigator.

Do you have a screen named 'OrgRegistration'?

If you're trying to navigate to a screen in a nested navigator, see https://reactnavigation.org/docs/nesting-navigators#navigating-to-a-screen-in-a-nested-navigator.

If you're using conditional rendering, navigation will happen automatically and you shouldn't navigate manually, see.

This is a development-only warning and won't be shown in production.
 ERROR  The action 'NAVIGATE' with payload {"name":"OrgRegistration"} was not handled by any navigator.

Do you have a screen named 'OrgRegistration'?

If you're trying to navigate to a screen in a nested navigator, see https://reactnavigation.org/docs/nesting-navigators#navigating-to-a-screen-in-a-nested-navigator.

If you're using conditional rendering, navigation will happen automatically and you shouldn't navigate manually, see.

This is a development-only warning and won't be shown in production.
 ERROR  The action 'NAVIGATE' with payload {"name":"OrgRegistration"} was not handled by any navigator.

Do you have a screen named 'OrgRegistration'?

If you're trying to navigate to a screen in a nested navigator, see https://reactnavigation.org/docs/nesting-navigators#navigating-to-a-screen-in-a-nested-navigator.

If you're using conditional rendering, navigation will happen automatically and you shouldn't navigate manually, see.

This is a development-only warning and won't be shown in production.
 ERROR  Failed to fetch pickups [AxiosError: Network Error]
 ERROR  Failed to fetch pickups [AxiosError: Network Error]
 ERROR  Failed to fetch pickups [AxiosError: Network Error]
 ERROR  Failed to fetch pickups [AxiosError: timeout exceeded]
 ERROR  Failed to fetch pickups [AxiosError: timeout exceeded]
 ERROR  Failed to fetch pickups [AxiosError: Network Error]
 ERROR  Failed to fetch pickups [AxiosError: Network Error]
 ERROR  Failed to fetch pickups [AxiosError: timeout exceeded]
 ERROR  Failed to fetch pickups [AxiosError: Network Error]
 ERROR  Failed to fetch pickups [AxiosError: timeout exceeded]
 ERROR  Failed to fetch pickups [AxiosError: timeout exceeded]
 ERROR  Failed to fetch pickups [AxiosError: timeout exceeded]
 ERROR  Failed to fetch pickups [AxiosError: timeout exceeded]
 ERROR  Failed to fetch pickups [AxiosError: timeout exceeded]
 ERROR  Failed to fetch pickups [AxiosError: timeout exceeded]
 ERROR  Failed to fetch pickups [AxiosError: timeout exceeded]
iOS ./index.ts ░░░░░░░░░░░░░░░░  0.0% (0/1)
iOS Bundled 66ms index.ts (1 module)
 WARN  SafeAreaView has been deprecated and will be removed in a future release. Please use 'react-native-safe-area-context' instead. See https://github.com/th3rdwave/react-native-safe-area-context
 ERROR  Failed to load dashboard [AxiosError: Network Error]
iOS ./index.ts ░░░░░░░░░░░░░░░░  0.0% (0/1)
iOS Bundled 61ms index.ts (1 module)
 WARN  SafeAreaView has been deprecated and will be removed in a future release. Please use 'react-native-safe-area-context' instead. See https://github.com/th3rdwave/react-native-safe-area-context
iOS ./index.ts ░░░░░░░░░░░░░░░░  0.0% (0/1)
iOS Bundled 60ms index.ts (1 module)
 WARN  SafeAreaView has been deprecated and will be removed in a future release. Please use 'react-native-safe-area-context' instead. See https://github.com/th3rdwave/react-native-safe-area-context
iOS ./index.ts ░░░░░░░░░░░░░░░░  0.0% (0/1)
iOS Bundled 128ms index.ts (1 module)
 WARN  SafeAreaView has been deprecated and will be removed in a future release. Please use 'react-native-safe-area-context' instead. See https://github.com/th3rdwave/react-native-safe-area-context
 ERROR  Failed to fetch pickups [AxiosError: Network Error]
 ERROR  Failed to fetch pickups [AxiosError: timeout exceeded]
 ERROR  Failed to fetch pickups [AxiosError: timeout exceeded]
 ERROR  Failed to fetch pickups [AxiosError: Network Error]
 ERROR  Failed to fetch pickups [AxiosError: Network Error]
 ERROR  Failed to fetch pickups [AxiosError: Network Error]
 ERROR  Failed to fetch pickups [AxiosError: Network Error]
 ERROR  Failed to fetch pickups [AxiosError: Network Error]
 ERROR  Activities fetch error [AxiosError: timeout exceeded]
 ERROR  Failed to fetch pickups [AxiosError: Network Error]
 ERROR  Failed to fetch pickups [AxiosError: Network Error]
 ERROR  Failed to fetch pickups [AxiosError: Network Error]
 ERROR  Failed to fetch pickups [AxiosError: Network Error]
 ERROR  Failed to fetch pickups [AxiosError: timeout exceeded]
 ERROR  Failed to fetch pickups [AxiosError: timeout exceeded]
 ERROR  Failed to fetch pickups [AxiosError: Network Error]
 ERROR  Failed to fetch pickups [AxiosError: timeout exceeded]
 ERROR  Failed to fetch pickups [AxiosError: Network Error]
 ERROR  Failed to fetch pickups [AxiosError: Network Error]
 ERROR  Failed to fetch pickups [AxiosError: Network Error]
 ERROR  Failed to fetch pickups [AxiosError: timeout exceeded]
 ERROR  Failed to fetch pickups [AxiosError: timeout exceeded]
 ERROR  Failed to fetch pickups [AxiosError: timeout exceeded]
 ERROR  Failed to fetch pickups [AxiosError: timeout exceeded]
 ERROR  Failed to fetch pickups [AxiosError: Network Error]
 ERROR  Failed to fetch pickups [AxiosError: Network Error]
 ERROR  Failed to fetch pickups [AxiosError: Network Error]
 ERROR  Failed to fetch pickups [AxiosError: timeout exceeded]
iOS ./index.ts ░░░░░░░░░░░░░░░░  0.0% (0/1)
iOS Bundled 69ms index.ts (1 module)
 WARN  SafeAreaView has been deprecated and will be removed in a future release. Please use 'react-native-safe-area-context' instead. See https://github.com/th3rdwave/react-native-safe-area-context
iOS ./index.ts ░░░░░░░░░░░░░░░░  0.0% (0/1)
iOS Bundled 62ms index.ts (1 module)
 WARN  SafeAreaView has been deprecated and will be removed in a future release. Please use 'react-native-safe-area-context' instead. See https://github.com/th3rdwave/react-native-safe-area-context
 ERROR  Failed to load dashboard [AxiosError: Network Error]
 ERROR  Failed to load dashboard [AxiosError: Network Error]
 ERROR  Failed to load dashboard [AxiosError: timeout exceeded]
 ERROR  Failed to load dashboard [AxiosError: timeout exceeded]
 ERROR  Failed to load dashboard [AxiosError: timeout exceeded]
 ERROR  Failed to load dashboard [AxiosError: timeout exceeded]
 ERROR  Failed to load dashboard [AxiosError: timeout exceeded]
 ERROR  Failed to load dashboard [AxiosError: timeout exceeded]
 ERROR  Failed to load dashboard [AxiosError: Network Error]
 ERROR  Failed to load dashboard [AxiosError: Network Error]
 ERROR  Failed to load dashboard [AxiosError: timeout exceeded]
 ERROR  Failed to load dashboard [AxiosError: timeout exceeded]
 ERROR  Failed to load dashboard [AxiosError: timeout exceeded]
 ERROR  Failed to load dashboard [AxiosError: timeout exceeded]
 ERROR  Failed to load dashboard [AxiosError: Network Error]
 ERROR  Failed to load dashboard [AxiosError: timeout exceeded]
 ERROR  Failed to load dashboard [AxiosError: Network Error]
 ERROR  Failed to load dashboard [AxiosError: Network Error]
iOS ./index.ts ░░░░░░░░░░░░░░░░  0.0% (0/1)
iOS Bundled 65ms index.ts (1 module)
 WARN  SafeAreaView has been deprecated and will be removed in a future release. Please use 'react-native-safe-area-context' instead. See https://github.com/th3rdwave/react-native-safe-area-context
iOS ./index.ts ░░░░░░░░░░░░░░░░  0.0% (0/1)
iOS Bundled 135ms index.ts (1 module)
 WARN  SafeAreaView has been deprecated and will be removed in a future release. Please use 'react-native-safe-area-context' instead. See https://github.com/th3rdwave/react-native-safe-area-context
 ERROR  Failed to fetch pickups [AxiosError: Network Error]
 ERROR  Failed to fetch pickups [AxiosError: Network Error]
iOS ./index.ts ░░░░░░░░░░░░░░░░  0.0% (0/1)
iOS Bundled 65ms index.ts (1 module)
 WARN  SafeAreaView has been deprecated and will be removed in a future release. Please use 'react-native-safe-area-context' instead. See https://github.com/th3rdwave/react-native-safe-area-context
 ERROR  Failed to fetch pickups [AxiosError: Network Error]
 ERROR  Failed to fetch pickups [AxiosError: Network Error]
 ERROR  Failed to fetch pickups [AxiosError: Network Error]
 ERROR  Profile fetch error [AxiosError: Network Error]
 ERROR  Failed to fetch pickups [AxiosError: Network Error]
 ERROR  Profile fetch error [AxiosError: timeout exceeded]
 ERROR  Failed to fetch pickups [AxiosError: timeout exceeded]
 ERROR  Failed to fetch pickups [AxiosError: timeout exceeded]
 ERROR  Failed to fetch pickups [AxiosError: timeout exceeded]
iOS ./index.ts ░░░░░░░░░░░░░░░░  0.0% (0/1)
iOS Bundled 137ms index.ts (1 module)
 WARN  SafeAreaView has been deprecated and will be removed in a future release. Please use 'react-native-safe-area-context' instead. See https://github.com/th3rdwave/react-native-safe-area-context
iOS ./index.ts ░░░░░░░░░░░░░░░░  0.0% (0/1)
iOS Bundled 63ms index.ts (1 module)
 WARN  SafeAreaView has been deprecated and will be removed in a future release. Please use 'react-native-safe-area-context' instead. See https://github.com/th3rdwave/react-native-safe-area-context
 ERROR  Failed to fetch pickups [AxiosError: Network Error]
 ERROR  Failed to fetch pickups [AxiosError: Network Error]
 ERROR  Failed to fetch pickups [AxiosError: timeout exceeded]
 ERROR  Failed to fetch pickups [AxiosError: timeout exceeded]
iOS ./index.ts ░░░░░░░░░░░░░░░░  0.0% (0/1)
iOS Bundled 59ms index.ts (1 module)
 WARN  SafeAreaView has been deprecated and will be removed in a future release. Please use 'react-native-safe-area-context' instead. See https://github.com/th3rdwave/react-native-safe-area-context
 ERROR  Failed to fetch pickups [AxiosError: Network Error]
 ERROR  Activities fetch error [AxiosError: Network Error]
iOS ./index.ts ░░░░░░░░░░░░░░░░  0.0% (0/1)
iOS Bundled 190ms index.ts (1 module)
 WARN  SafeAreaView has been deprecated and will be removed in a future release. Please use 'react-native-safe-area-context' instead. See https://github.com/th3rdwave/react-native-safe-area-context
 ERROR  Failed to fetch pickups [AxiosError: Network Error]
 ERROR  Activities fetch error [AxiosError: Network Error]
iOS ./index.ts ░░░░░░░░░░░░░░░░  0.0% (0/1)
iOS Bundled 43ms index.ts (1 module)
 WARN  SafeAreaView has been deprecated and will be removed in a future release. Please use 'react-native-safe-area-context' instead. See https://github.com/th3rdwave/react-native-safe-area-context
 ERROR  Failed to fetch pickups [AxiosError: Network Error]
 ERROR  Failed to fetch pickups [AxiosError: timeout exceeded]
 ERROR  Failed to fetch pickups [AxiosError: timeout exceeded]
 ERROR  Failed to fetch pickups [AxiosError: timeout exceeded]
 ERROR  Activities fetch error [AxiosError: Network Error]
 ERROR  Failed to fetch pickups [AxiosError: Network Error]
iOS ./index.ts ░░░░░░░░░░░░░░░░  0.0% (0/1)
iOS Bundling failed 35ms index.ts (1 module)
Unable to resolve "../assets/images/cards/activerequest_card.png" from "screens/BeneficiaryDashboard.tsx"
[0m [90m 74 |[39m               {[90m/* Active Request */[39m}
 [90m 75 |[39m               [33m<[39m[33mTouchableOpacity[39m style[33m=[39m{styles[33m.[39mimageCardContainer} onPress[33m=[39m{() [33m=>[39m { }} activeOpacity[33m=[39m{[35m0.9[39m}[33m>[39m
[31m[1m>[22m[39m[90m 76 |[39m                 [33m<[39m[33mImageBackground[39m source[33m=[39m{require([32m'../assets/images/cards/activerequest_card.png'[39m)} style[33m=[39m{styles[33m.[39mimageCardBg} imageStyle[33m=[39m{{ borderRadius[33m:[39m [35m18[39m }} resizeMode[33m=[39m[32m"stretch"[39m[33m>[39m
 [90m    |[39m                                                   [31m[1m^[22m[39m
 [90m 77 |[39m                   [33m<[39m[33mView[39m style[33m=[39m{styles[33m.[39mimageCardContent}[33m>[39m
 [90m 78 |[39m                     [33m<[39m[33mText[39m style[33m=[39m{styles[33m.[39mactivityValue}[33m>[39m[35m1[39m[33m<[39m[33m/[39m[33mText[39m[33m>[39m
 [90m 79 |[39m                     [33m<[39m[33mText[39m style[33m=[39m{styles[33m.[39mactivityLabel}[33m>[39m[33mACTIVE[39m [33mREQUEST[39m[33m<[39m[33m/[39m[33mText[39m[33m>[39m[0m

Import stack:

 screens/BeneficiaryDashboard.tsx
 | import "../assets/images/cards/activerequest_card.png"

 
 | import "./screens/BeneficiaryDashboard"

iOS ./index.ts ░░░░░░░░░░░░░░░░  0.0% (0/1)
iOS Bundling failed 155ms index.ts (1 module)
Unable to resolve "../assets/images/cards/activerequest_card.png" from "screens/BeneficiaryDashboard.tsx"
[0m [90m 74 |[39m               {[90m/* Active Request */[39m}
 [90m 75 |[39m               [33m<[39m[33mTouchableOpacity[39m style[33m=[39m{styles[33m.[39mimageCardContainer} onPress[33m=[39m{() [33m=>[39m { }} activeOpacity[33m=[39m{[35m0.9[39m}[33m>[39m
[31m[1m>[22m[39m[90m 76 |[39m                 [33m<[39m[33mImageBackground[39m source[33m=[39m{require([32m'../assets/images/cards/activerequest_card.png'[39m)} style[33m=[39m{styles[33m.[39mimageCardBg} imageStyle[33m=[39m{{ borderRadius[33m:[39m [35m18[39m }} resizeMode[33m=[39m[32m"stretch"[39m[33m>[39m
 [90m    |[39m                                                   [31m[1m^[22m[39m
 [90m 77 |[39m                   [33m<[39m[33mView[39m style[33m=[39m{styles[33m.[39mimageCardContent}[33m>[39m
 [90m 78 |[39m                     [33m<[39m[33mText[39m style[33m=[39m{styles[33m.[39mactivityValue}[33m>[39m[35m1[39m[33m<[39m[33m/[39m[33mText[39m[33m>[39m
 [90m 79 |[39m                     [33m<[39m[33mText[39m style[33m=[39m{styles[33m.[39mactivityLabel}[33m>[39m[33mACTIVE[39m [33mREQUEST[39m[33m<[39m[33m/[39m[33mText[39m[33m>[39m[0m

Import stack:

 screens/BeneficiaryDashboard.tsx
 | import "../assets/images/cards/activerequest_card.png"

 
 | import "./screens/BeneficiaryDashboard"

iOS ./index.ts ░░░░░░░░░░░░░░░░  0.0% (0/1)
iOS Bundled 122ms index.ts (1 module)
 WARN  SafeAreaView has been deprecated and will be removed in a future release. Please use 'react-native-safe-area-context' instead. See https://github.com/th3rdwave/react-native-safe-area-context
 ERROR  The action 'NAVIGATE' with payload {"name":"FinancialDonation"} was not handled by any navigator.

Do you have a screen named 'FinancialDonation'?

If you're trying to navigate to a screen in a nested navigator, see https://reactnavigation.org/docs/nesting-navigators#navigating-to-a-screen-in-a-nested-navigator.

If you're using conditional rendering, navigation will happen automatically and you shouldn't navigate manually, see.

This is a development-only warning and won't be shown in production.
Unable to resolve "../assets/images/logowhite.png" from "screens/BeneficiaryDashboard.tsx"
[0m [90m 43 |[39m         [33m<[39m[33mView[39m style[33m=[39m{styles[33m.[39mtopHeader}[33m>[39m
 [90m 44 |[39m           [33m<[39m[33mView[39m style[33m=[39m{styles[33m.[39mheaderRow}[33m>[39m
[31m[1m>[22m[39m[90m 45 |[39m             [33m<[39m[33mImage[39m source[33m=[39m{require([32m'../assets/images/logowhite.png'[39m)} style[33m=[39m{{ width[33m:[39m [35m180[39m[33m,[39m height[33m:[39m [35m65[39m }} resizeMode[33m=[39m[32m"contain"[39m [33m/[39m[33m>[39m
 [90m    |[39m                                     [31m[1m^[22m[39m
 [90m 46 |[39m             [33m<[39m[33mView[39m style[33m=[39m{styles[33m.[39mheaderIcons}[33m>[39m
 [90m 47 |[39m               [33m<[39m[33mTouchableOpacity[39m style[33m=[39m{{ marginRight[33m:[39m [35m15[39m }}[33m>[39m
 [90m 48 |[39m                 [33m<[39m[33mIonicons[39m name[33m=[39m[32m"notifications-outline"[39m size[33m=[39m{[35m24[39m} color[33m=[39m[32m"#FFF"[39m [33m/[39m[33m>[39m[0m

Import stack:

 screens/BeneficiaryDashboard.tsx
 | import "../assets/images/logowhite.png"

 
 | import "./screens/BeneficiaryDashboard"

 ERROR  [Error: UnableToResolveError Unable to resolve module ../assets/images/logowhite.png from /Users/altheazuleikasadicon/Downloads/SAVR_mobile-main/SAVR_frontend/screens/BeneficiaryDashboard.tsx: 

None of these files exist:
  * logowhite.png
  * assets/images/logowhite.png
[0m [90m 43 |[39m         [33m<[39m[33mView[39m style[33m=[39m{styles[33m.[39mtopHeader}[33m>[39m
 [90m 44 |[39m           [33m<[39m[33mView[39m style[33m=[39m{styles[33m.[39mheaderRow}[33m>[39m
[31m[1m>[22m[39m[90m 45 |[39m             [33m<[39m[33mImage[39m source[33m=[39m{require([32m'../assets/images/logowhite.png'[39m)} style[33m=[39m{{ width[33m:[39m [35m180[39m[33m,[39m height[33m:[39m [35m65[39m }} resizeMode[33m=[39m[32m"contain"[39m [33m/[39m[33m>[39m
 [90m    |[39m                                     [31m[1m^[22m[39m
 [90m 46 |[39m             [33m<[39m[33mView[39m style[33m=[39m{styles[33m.[39mheaderIcons}[33m>[39m
 [90m 47 |[39m               [33m<[39m[33mTouchableOpacity[39m style[33m=[39m{{ marginRight[33m:[39m [35m15[39m }}[33m>[39m
 [90m 48 |[39m                 [33m<[39m[33mIonicons[39m name[33m=[39m[32m"notifications-outline"[39m size[33m=[39m{[35m24[39m} color[33m=[39m[32m"#FFF"[39m [33m/[39m[33m>[39m[0m]
Unable to resolve "../assets/images/logowhite.png" from "screens/BeneficiaryDashboard.tsx"
[0m [90m 43 |[39m         [33m<[39m[33mView[39m style[33m=[39m{styles[33m.[39mtopHeader}[33m>[39m
 [90m 44 |[39m           [33m<[39m[33mView[39m style[33m=[39m{styles[33m.[39mheaderRow}[33m>[39m
[31m[1m>[22m[39m[90m 45 |[39m             [33m<[39m[33mImage[39m source[33m=[39m{require([32m'../assets/images/logowhite.png'[39m)} style[33m=[39m{{ width[33m:[39m [35m180[39m[33m,[39m height[33m:[39m [35m65[39m }} resizeMode[33m=[39m[32m"contain"[39m [33m/[39m[33m>[39m
 [90m    |[39m                                     [31m[1m^[22m[39m
 [90m 46 |[39m             [33m<[39m[33mView[39m style[33m=[39m{styles[33m.[39mheaderIcons}[33m>[39m
 [90m 47 |[39m               [33m<[39m[33mTouchableOpacity[39m style[33m=[39m{{ marginRight[33m:[39m [35m15[39m }}[33m>[39m
 [90m 48 |[39m                 [33m<[39m[33mIonicons[39m name[33m=[39m[32m"notifications-outline"[39m size[33m=[39m{[35m24[39m} color[33m=[39m[32m"#FFF"[39m [33m/[39m[33m>[39m[0m

Import stack:

 screens/BeneficiaryDashboard.tsx
 | import "../assets/images/logowhite.png"

 
 | import "./screens/BeneficiaryDashboard"

 ERROR  [Error: UnableToResolveError Unable to resolve module ../assets/images/logowhite.png from /Users/altheazuleikasadicon/Downloads/SAVR_mobile-main/SAVR_frontend/screens/BeneficiaryDashboard.tsx: 

None of these files exist:
  * logowhite.png
  * assets/images/logowhite.png
[0m [90m 43 |[39m         [33m<[39m[33mView[39m style[33m=[39m{styles[33m.[39mtopHeader}[33m>[39m
 [90m 44 |[39m           [33m<[39m[33mView[39m style[33m=[39m{styles[33m.[39mheaderRow}[33m>[39m
[31m[1m>[22m[39m[90m 45 |[39m             [33m<[39m[33mImage[39m source[33m=[39m{require([32m'../assets/images/logowhite.png'[39m)} style[33m=[39m{{ width[33m:[39m [35m180[39m[33m,[39m height[33m:[39m [35m65[39m }} resizeMode[33m=[39m[32m"contain"[39m [33m/[39m[33m>[39m
 [90m    |[39m                                     [31m[1m^[22m[39m
 [90m 46 |[39m             [33m<[39m[33mView[39m style[33m=[39m{styles[33m.[39mheaderIcons}[33m>[39m
 [90m 47 |[39m               [33m<[39m[33mTouchableOpacity[39m style[33m=[39m{{ marginRight[33m:[39m [35m15[39m }}[33m>[39m
 [90m 48 |[39m                 [33m<[39m[33mIonicons[39m name[33m=[39m[32m"notifications-outline"[39m size[33m=[39m{[35m24[39m} color[33m=[39m[32m"#FFF"[39m [33m/[39m[33m>[39m[0m]
Unable to resolve "../assets/images/logowhite.png" from "screens/BeneficiaryDashboard.tsx"
[0m [90m 43 |[39m         [33m<[39m[33mView[39m style[33m=[39m{styles[33m.[39mtopHeader}[33m>[39m
 [90m 44 |[39m           [33m<[39m[33mView[39m style[33m=[39m{styles[33m.[39mheaderRow}[33m>[39m
[31m[1m>[22m[39m[90m 45 |[39m             [33m<[39m[33mImage[39m source[33m=[39m{require([32m'../assets/images/logowhite.png'[39m)} style[33m=[39m{{ width[33m:[39m [35m180[39m[33m,[39m height[33m:[39m [35m65[39m }} resizeMode[33m=[39m[32m"contain"[39m [33m/[39m[33m>[39m
 [90m    |[39m                                     [31m[1m^[22m[39m
 [90m 46 |[39m             [33m<[39m[33mView[39m style[33m=[39m{styles[33m.[39mheaderIcons}[33m>[39m
 [90m 47 |[39m               [33m<[39m[33mTouchableOpacity[39m style[33m=[39m{{ marginRight[33m:[39m [35m15[39m }}[33m>[39m
 [90m 48 |[39m                 [33m<[39m[33mIonicons[39m name[33m=[39m[32m"notifications-outline"[39m size[33m=[39m{[35m24[39m} color[33m=[39m[32m"#FFF"[39m [33m/[39m[33m>[39m[0m

Import stack:

 screens/BeneficiaryDashboard.tsx
 | import "../assets/images/logowhite.png"

 
 | import "./screens/BeneficiaryDashboard"

 ERROR  [Error: UnableToResolveError Unable to resolve module ../assets/images/logowhite.png from /Users/altheazuleikasadicon/Downloads/SAVR_mobile-main/SAVR_frontend/screens/BeneficiaryDashboard.tsx: 

None of these files exist:
  * logowhite.png
  * assets/images/logowhite.png
[0m [90m 43 |[39m         [33m<[39m[33mView[39m style[33m=[39m{styles[33m.[39mtopHeader}[33m>[39m
 [90m 44 |[39m           [33m<[39m[33mView[39m style[33m=[39m{styles[33m.[39mheaderRow}[33m>[39m
[31m[1m>[22m[39m[90m 45 |[39m             [33m<[39m[33mImage[39m source[33m=[39m{require([32m'../assets/images/logowhite.png'[39m)} style[33m=[39m{{ width[33m:[39m [35m180[39m[33m,[39m height[33m:[39m [35m65[39m }} resizeMode[33m=[39m[32m"contain"[39m [33m/[39m[33m>[39m
 [90m    |[39m                                     [31m[1m^[22m[39m
 [90m 46 |[39m             [33m<[39m[33mView[39m style[33m=[39m{styles[33m.[39mheaderIcons}[33m>[39m
 [90m 47 |[39m               [33m<[39m[33mTouchableOpacity[39m style[33m=[39m{{ marginRight[33m:[39m [35m15[39m }}[33m>[39m
 [90m 48 |[39m                 [33m<[39m[33mIonicons[39m name[33m=[39m[32m"notifications-outline"[39m size[33m=[39m{[35m24[39m} color[33m=[39m[32m"#FFF"[39m [33m/[39m[33m>[39m[0m]
Unable to resolve "../assets/images/logowhite.png" from "screens/BeneficiaryDashboard.tsx"
[0m [90m 43 |[39m         [33m<[39m[33mView[39m style[33m=[39m{styles[33m.[39mtopHeader}[33m>[39m
 [90m 44 |[39m           [33m<[39m[33mView[39m style[33m=[39m{styles[33m.[39mheaderRow}[33m>[39m
[31m[1m>[22m[39m[90m 45 |[39m             [33m<[39m[33mImage[39m source[33m=[39m{require([32m'../assets/images/logowhite.png'[39m)} style[33m=[39m{{ width[33m:[39m [35m180[39m[33m,[39m height[33m:[39m [35m65[39m }} resizeMode[33m=[39m[32m"contain"[39m [33m/[39m[33m>[39m
 [90m    |[39m                                     [31m[1m^[22m[39m
 [90m 46 |[39m             [33m<[39m[33mView[39m style[33m=[39m{styles[33m.[39mheaderIcons}[33m>[39m
 [90m 47 |[39m               [33m<[39m[33mTouchableOpacity[39m style[33m=[39m{{ marginRight[33m:[39m [35m15[39m }}[33m>[39m
 [90m 48 |[39m                 [33m<[39m[33mIonicons[39m name[33m=[39m[32m"notifications-outline"[39m size[33m=[39m{[35m24[39m} color[33m=[39m[32m"#FFF"[39m [33m/[39m[33m>[39m[0m

Import stack:

 screens/BeneficiaryDashboard.tsx
 | import "../assets/images/logowhite.png"

 
 | import "./screens/BeneficiaryDashboard"

 ERROR  [Error: UnableToResolveError Unable to resolve module ../assets/images/logowhite.png from /Users/altheazuleikasadicon/Downloads/SAVR_mobile-main/SAVR_frontend/screens/BeneficiaryDashboard.tsx: 

None of these files exist:
  * logowhite.png
  * assets/images/logowhite.png
[0m [90m 43 |[39m         [33m<[39m[33mView[39m style[33m=[39m{styles[33m.[39mtopHeader}[33m>[39m
 [90m 44 |[39m           [33m<[39m[33mView[39m style[33m=[39m{styles[33m.[39mheaderRow}[33m>[39m
[31m[1m>[22m[39m[90m 45 |[39m             [33m<[39m[33mImage[39m source[33m=[39m{require([32m'../assets/images/logowhite.png'[39m)} style[33m=[39m{{ width[33m:[39m [35m180[39m[33m,[39m height[33m:[39m [35m65[39m }} resizeMode[33m=[39m[32m"contain"[39m [33m/[39m[33m>[39m
 [90m    |[39m                                     [31m[1m^[22m[39m
 [90m 46 |[39m             [33m<[39m[33mView[39m style[33m=[39m{styles[33m.[39mheaderIcons}[33m>[39m
 [90m 47 |[39m               [33m<[39m[33mTouchableOpacity[39m style[33m=[39m{{ marginRight[33m:[39m [35m15[39m }}[33m>[39m
 [90m 48 |[39m                 [33m<[39m[33mIonicons[39m name[33m=[39m[32m"notifications-outline"[39m size[33m=[39m{[35m24[39m} color[33m=[39m[32m"#FFF"[39m [33m/[39m[33m>[39m[0m]
Unable to resolve "../assets/images/logowhite.png" from "screens/BeneficiaryDashboard.tsx"
[0m [90m 43 |[39m         [33m<[39m[33mView[39m style[33m=[39m{styles[33m.[39mtopHeader}[33m>[39m
 [90m 44 |[39m           [33m<[39m[33mView[39m style[33m=[39m{styles[33m.[39mheaderRow}[33m>[39m
[31m[1m>[22m[39m[90m 45 |[39m             [33m<[39m[33mImage[39m source[33m=[39m{require([32m'../assets/images/logowhite.png'[39m)} style[33m=[39m{{ width[33m:[39m [35m180[39m[33m,[39m height[33m:[39m [35m65[39m }} resizeMode[33m=[39m[32m"contain"[39m [33m/[39m[33m>[39m
 [90m    |[39m                                     [31m[1m^[22m[39m
 [90m 46 |[39m             [33m<[39m[33mView[39m style[33m=[39m{styles[33m.[39mheaderIcons}[33m>[39m
 [90m 47 |[39m               [33m<[39m[33mTouchableOpacity[39m style[33m=[39m{{ marginRight[33m:[39m [35m15[39m }}[33m>[39m
 [90m 48 |[39m                 [33m<[39m[33mIonicons[39m name[33m=[39m[32m"notifications-outline"[39m size[33m=[39m{[35m24[39m} color[33m=[39m[32m"#FFF"[39m [33m/[39m[33m>[39m[0m

Import stack:

 screens/BeneficiaryDashboard.tsx
 | import "../assets/images/logowhite.png"

 
 | import "./screens/BeneficiaryDashboard"

 ERROR  [Error: UnableToResolveError Unable to resolve module ../assets/images/logowhite.png from /Users/altheazuleikasadicon/Downloads/SAVR_mobile-main/SAVR_frontend/screens/BeneficiaryDashboard.tsx: 

None of these files exist:
  * logowhite.png
  * assets/images/logowhite.png
[0m [90m 43 |[39m         [33m<[39m[33mView[39m style[33m=[39m{styles[33m.[39mtopHeader}[33m>[39m
 [90m 44 |[39m           [33m<[39m[33mView[39m style[33m=[39m{styles[33m.[39mheaderRow}[33m>[39m
[31m[1m>[22m[39m[90m 45 |[39m             [33m<[39m[33mImage[39m source[33m=[39m{require([32m'../assets/images/logowhite.png'[39m)} style[33m=[39m{{ width[33m:[39m [35m180[39m[33m,[39m height[33m:[39m [35m65[39m }} resizeMode[33m=[39m[32m"contain"[39m [33m/[39m[33m>[39m
 [90m    |[39m                                     [31m[1m^[22m[39m
 [90m 46 |[39m             [33m<[39m[33mView[39m style[33m=[39m{styles[33m.[39mheaderIcons}[33m>[39m
 [90m 47 |[39m               [33m<[39m[33mTouchableOpacity[39m style[33m=[39m{{ marginRight[33m:[39m [35m15[39m }}[33m>[39m
 [90m 48 |[39m                 [33m<[39m[33mIonicons[39m name[33m=[39m[32m"notifications-outline"[39m size[33m=[39m{[35m24[39m} color[33m=[39m[32m"#FFF"[39m [33m/[39m[33m>[39m[0m]
Unable to resolve "../assets/images/logowhite.png" from "screens/BeneficiaryDashboard.tsx"
[0m [90m 43 |[39m         [33m<[39m[33mView[39m style[33m=[39m{styles[33m.[39mtopHeader}[33m>[39m
 [90m 44 |[39m           [33m<[39m[33mView[39m style[33m=[39m{styles[33m.[39mheaderRow}[33m>[39m
[31m[1m>[22m[39m[90m 45 |[39m             [33m<[39m[33mImage[39m source[33m=[39m{require([32m'../assets/images/logowhite.png'[39m)} style[33m=[39m{{ width[33m:[39m [35m180[39m[33m,[39m height[33m:[39m [35m65[39m }} resizeMode[33m=[39m[32m"contain"[39m [33m/[39m[33m>[39m
 [90m    |[39m                                     [31m[1m^[22m[39m
 [90m 46 |[39m             [33m<[39m[33mView[39m style[33m=[39m{styles[33m.[39mheaderIcons}[33m>[39m
 [90m 47 |[39m               [33m<[39m[33mTouchableOpacity[39m style[33m=[39m{{ marginRight[33m:[39m [35m15[39m }}[33m>[39m
 [90m 48 |[39m                 [33m<[39m[33mIonicons[39m name[33m=[39m[32m"notifications-outline"[39m size[33m=[39m{[35m24[39m} color[33m=[39m[32m"#FFF"[39m [33m/[39m[33m>[39m[0m

Import stack:

 screens/BeneficiaryDashboard.tsx
 | import "../assets/images/logowhite.png"

 
 | import "./screens/BeneficiaryDashboard"

 ERROR  [Error: UnableToResolveError Unable to resolve module ../assets/images/logowhite.png from /Users/altheazuleikasadicon/Downloads/SAVR_mobile-main/SAVR_frontend/screens/BeneficiaryDashboard.tsx: 

None of these files exist:
  * logowhite.png
  * assets/images/logowhite.png
[0m [90m 43 |[39m         [33m<[39m[33mView[39m style[33m=[39m{styles[33m.[39mtopHeader}[33m>[39m
 [90m 44 |[39m           [33m<[39m[33mView[39m style[33m=[39m{styles[33m.[39mheaderRow}[33m>[39m
[31m[1m>[22m[39m[90m 45 |[39m             [33m<[39m[33mImage[39m source[33m=[39m{require([32m'../assets/images/logowhite.png'[39m)} style[33m=[39m{{ width[33m:[39m [35m180[39m[33m,[39m height[33m:[39m [35m65[39m }} resizeMode[33m=[39m[32m"contain"[39m [33m/[39m[33m>[39m
 [90m    |[39m                                     [31m[1m^[22m[39m
 [90m 46 |[39m             [33m<[39m[33mView[39m style[33m=[39m{styles[33m.[39mheaderIcons}[33m>[39m
 [90m 47 |[39m               [33m<[39m[33mTouchableOpacity[39m style[33m=[39m{{ marginRight[33m:[39m [35m15[39m }}[33m>[39m
 [90m 48 |[39m                 [33m<[39m[33mIonicons[39m name[33m=[39m[32m"notifications-outline"[39m size[33m=[39m{[35m24[39m} color[33m=[39m[32m"#FFF"[39m [33m/[39m[33m>[39m[0m]
Unable to resolve "../assets/images/logowhite.png" from "screens/BeneficiaryDashboard.tsx"
[0m [90m 43 |[39m         [33m<[39m[33mView[39m style[33m=[39m{styles[33m.[39mtopHeader}[33m>[39m
 [90m 44 |[39m           [33m<[39m[33mView[39m style[33m=[39m{styles[33m.[39mheaderRow}[33m>[39m
[31m[1m>[22m[39m[90m 45 |[39m             [33m<[39m[33mImage[39m source[33m=[39m{require([32m'../assets/images/logowhite.png'[39m)} style[33m=[39m{{ width[33m:[39m [35m180[39m[33m,[39m height[33m:[39m [35m65[39m }} resizeMode[33m=[39m[32m"contain"[39m [33m/[39m[33m>[39m
 [90m    |[39m                                     [31m[1m^[22m[39m
 [90m 46 |[39m             [33m<[39m[33mView[39m style[33m=[39m{styles[33m.[39mheaderIcons}[33m>[39m
 [90m 47 |[39m               [33m<[39m[33mTouchableOpacity[39m style[33m=[39m{{ marginRight[33m:[39m [35m15[39m }}[33m>[39m
 [90m 48 |[39m                 [33m<[39m[33mIonicons[39m name[33m=[39m[32m"notifications-outline"[39m size[33m=[39m{[35m24[39m} color[33m=[39m[32m"#FFF"[39m [33m/[39m[33m>[39m[0m

Import stack:

 screens/BeneficiaryDashboard.tsx
 | import "../assets/images/logowhite.png"

 
 | import "./screens/BeneficiaryDashboard"

 ERROR  [Error: UnableToResolveError Unable to resolve module ../assets/images/logowhite.png from /Users/altheazuleikasadicon/Downloads/SAVR_mobile-main/SAVR_frontend/screens/BeneficiaryDashboard.tsx: 

None of these files exist:
  * logowhite.png
  * assets/images/logowhite.png
[0m [90m 43 |[39m         [33m<[39m[33mView[39m style[33m=[39m{styles[33m.[39mtopHeader}[33m>[39m
 [90m 44 |[39m           [33m<[39m[33mView[39m style[33m=[39m{styles[33m.[39mheaderRow}[33m>[39m
[31m[1m>[22m[39m[90m 45 |[39m             [33m<[39m[33mImage[39m source[33m=[39m{require([32m'../assets/images/logowhite.png'[39m)} style[33m=[39m{{ width[33m:[39m [35m180[39m[33m,[39m height[33m:[39m [35m65[39m }} resizeMode[33m=[39m[32m"contain"[39m [33m/[39m[33m>[39m
 [90m    |[39m                                     [31m[1m^[22m[39m
 [90m 46 |[39m             [33m<[39m[33mView[39m style[33m=[39m{styles[33m.[39mheaderIcons}[33m>[39m
 [90m 47 |[39m               [33m<[39m[33mTouchableOpacity[39m style[33m=[39m{{ marginRight[33m:[39m [35m15[39m }}[33m>[39m
 [90m 48 |[39m                 [33m<[39m[33mIonicons[39m name[33m=[39m[32m"notifications-outline"[39m size[33m=[39m{[35m24[39m} color[33m=[39m[32m"#FFF"[39m [33m/[39m[33m>[39m[0m]
Unable to resolve "../assets/images/logowhite.png" from "screens/BeneficiaryDashboard.tsx"
[0m [90m 43 |[39m         [33m<[39m[33mView[39m style[33m=[39m{styles[33m.[39mtopHeader}[33m>[39m
 [90m 44 |[39m           [33m<[39m[33mView[39m style[33m=[39m{styles[33m.[39mheaderRow}[33m>[39m
[31m[1m>[22m[39m[90m 45 |[39m             [33m<[39m[33mImage[39m source[33m=[39m{require([32m'../assets/images/logowhite.png'[39m)} style[33m=[39m{{ width[33m:[39m [35m180[39m[33m,[39m height[33m:[39m [35m65[39m }} resizeMode[33m=[39m[32m"contain"[39m [33m/[39m[33m>[39m
 [90m    |[39m                                     [31m[1m^[22m[39m
 [90m 46 |[39m             [33m<[39m[33mView[39m style[33m=[39m{styles[33m.[39mheaderIcons}[33m>[39m
 [90m 47 |[39m               [33m<[39m[33mTouchableOpacity[39m style[33m=[39m{{ marginRight[33m:[39m [35m15[39m }}[33m>[39m
 [90m 48 |[39m                 [33m<[39m[33mIonicons[39m name[33m=[39m[32m"notifications-outline"[39m size[33m=[39m{[35m24[39m} color[33m=[39m[32m"#FFF"[39m [33m/[39m[33m>[39m[0m

Import stack:

 screens/BeneficiaryDashboard.tsx
 | import "../assets/images/logowhite.png"

 
 | import "./screens/BeneficiaryDashboard"

 ERROR  [Error: UnableToResolveError Unable to resolve module ../assets/images/logowhite.png from /Users/altheazuleikasadicon/Downloads/SAVR_mobile-main/SAVR_frontend/screens/BeneficiaryDashboard.tsx: 

None of these files exist:
  * logowhite.png
  * assets/images/logowhite.png
[0m [90m 43 |[39m         [33m<[39m[33mView[39m style[33m=[39m{styles[33m.[39mtopHeader}[33m>[39m
 [90m 44 |[39m           [33m<[39m[33mView[39m style[33m=[39m{styles[33m.[39mheaderRow}[33m>[39m
[31m[1m>[22m[39m[90m 45 |[39m             [33m<[39m[33mImage[39m source[33m=[39m{require([32m'../assets/images/logowhite.png'[39m)} style[33m=[39m{{ width[33m:[39m [35m180[39m[33m,[39m height[33m:[39m [35m65[39m }} resizeMode[33m=[39m[32m"contain"[39m [33m/[39m[33m>[39m
 [90m    |[39m                                     [31m[1m^[22m[39m
 [90m 46 |[39m             [33m<[39m[33mView[39m style[33m=[39m{styles[33m.[39mheaderIcons}[33m>[39m
 [90m 47 |[39m               [33m<[39m[33mTouchableOpacity[39m style[33m=[39m{{ marginRight[33m:[39m [35m15[39m }}[33m>[39m
 [90m 48 |[39m                 [33m<[39m[33mIonicons[39m name[33m=[39m[32m"notifications-outline"[39m size[33m=[39m{[35m24[39m} color[33m=[39m[32m"#FFF"[39m [33m/[39m[33m>[39m[0m]
Unable to resolve "../assets/images/logowhite.png" from "screens/BeneficiaryDashboard.tsx"
[0m [90m 43 |[39m         [33m<[39m[33mView[39m style[33m=[39m{styles[33m.[39mtopHeader}[33m>[39m
 [90m 44 |[39m           [33m<[39m[33mView[39m style[33m=[39m{styles[33m.[39mheaderRow}[33m>[39m
[31m[1m>[22m[39m[90m 45 |[39m             [33m<[39m[33mImage[39m source[33m=[39m{require([32m'../assets/images/logowhite.png'[39m)} style[33m=[39m{{ width[33m:[39m [35m180[39m[33m,[39m height[33m:[39m [35m65[39m }} resizeMode[33m=[39m[32m"contain"[39m [33m/[39m[33m>[39m
 [90m    |[39m                                     [31m[1m^[22m[39m
 [90m 46 |[39m             [33m<[39m[33mView[39m style[33m=[39m{styles[33m.[39mheaderIcons}[33m>[39m
 [90m 47 |[39m               [33m<[39m[33mTouchableOpacity[39m style[33m=[39m{{ marginRight[33m:[39m [35m15[39m }}[33m>[39m
 [90m 48 |[39m                 [33m<[39m[33mIonicons[39m name[33m=[39m[32m"notifications-outline"[39m size[33m=[39m{[35m24[39m} color[33m=[39m[32m"#FFF"[39m [33m/[39m[33m>[39m[0m

Import stack:

 screens/BeneficiaryDashboard.tsx
 | import "../assets/images/logowhite.png"

 
 | import "./screens/BeneficiaryDashboard"

 ERROR  [Error: UnableToResolveError Unable to resolve module ../assets/images/logowhite.png from /Users/altheazuleikasadicon/Downloads/SAVR_mobile-main/SAVR_frontend/screens/BeneficiaryDashboard.tsx: 

None of these files exist:
  * logowhite.png
  * assets/images/logowhite.png
[0m [90m 43 |[39m         [33m<[39m[33mView[39m style[33m=[39m{styles[33m.[39mtopHeader}[33m>[39m
 [90m 44 |[39m           [33m<[39m[33mView[39m style[33m=[39m{styles[33m.[39mheaderRow}[33m>[39m
[31m[1m>[22m[39m[90m 45 |[39m             [33m<[39m[33mImage[39m source[33m=[39m{require([32m'../assets/images/logowhite.png'[39m)} style[33m=[39m{{ width[33m:[39m [35m180[39m[33m,[39m height[33m:[39m [35m65[39m }} resizeMode[33m=[39m[32m"contain"[39m [33m/[39m[33m>[39m
 [90m    |[39m                                     [31m[1m^[22m[39m
 [90m 46 |[39m             [33m<[39m[33mView[39m style[33m=[39m{styles[33m.[39mheaderIcons}[33m>[39m
 [90m 47 |[39m               [33m<[39m[33mTouchableOpacity[39m style[33m=[39m{{ marginRight[33m:[39m [35m15[39m }}[33m>[39m
 [90m 48 |[39m                 [33m<[39m[33mIonicons[39m name[33m=[39m[32m"notifications-outline"[39m size[33m=[39m{[35m24[39m} color[33m=[39m[32m"#FFF"[39m [33m/[39m[33m>[39m[0m]
iOS ./index.ts ░░░░░░░░░░░░░░░░  0.0% (0/1)
iOS Bundling failed 19ms index.ts (1 module)
Unable to resolve "../assets/images/logowhite.png" from "screens/BeneficiaryDashboard.tsx"
[0m [90m 43 |[39m         [33m<[39m[33mView[39m style[33m=[39m{styles[33m.[39mtopHeader}[33m>[39m
 [90m 44 |[39m           [33m<[39m[33mView[39m style[33m=[39m{styles[33m.[39mheaderRow}[33m>[39m
[31m[1m>[22m[39m[90m 45 |[39m             [33m<[39m[33mImage[39m source[33m=[39m{require([32m'../assets/images/logowhite.png'[39m)} style[33m=[39m{{ width[33m:[39m [35m180[39m[33m,[39m height[33m:[39m [35m65[39m }} resizeMode[33m=[39m[32m"contain"[39m [33m/[39m[33m>[39m
 [90m    |[39m                                     [31m[1m^[22m[39m
 [90m 46 |[39m             [33m<[39m[33mView[39m style[33m=[39m{styles[33m.[39mheaderIcons}[33m>[39m
 [90m 47 |[39m               [33m<[39m[33mTouchableOpacity[39m style[33m=[39m{{ marginRight[33m:[39m [35m15[39m }}[33m>[39m
 [90m 48 |[39m                 [33m<[39m[33mIonicons[39m name[33m=[39m[32m"notifications-outline"[39m size[33m=[39m{[35m24[39m} color[33m=[39m[32m"#FFF"[39m [33m/[39m[33m>[39m[0m

Import stack:

 screens/BeneficiaryDashboard.tsx
 | import "../assets/images/logowhite.png"

 
 | import "./screens/BeneficiaryDashboard"

iOS ./index.ts ░░░░░░░░░░░░░░░░  0.0% (0/1)
iOS Bundling failed 23ms index.ts (1 module)
Unable to resolve "../assets/images/logowhite.png" from "screens/BeneficiaryDashboard.tsx"
[0m [90m 43 |[39m         [33m<[39m[33mView[39m style[33m=[39m{styles[33m.[39mtopHeader}[33m>[39m
 [90m 44 |[39m           [33m<[39m[33mView[39m style[33m=[39m{styles[33m.[39mheaderRow}[33m>[39m
[31m[1m>[22m[39m[90m 45 |[39m             [33m<[39m[33mImage[39m source[33m=[39m{require([32m'../assets/images/logowhite.png'[39m)} style[33m=[39m{{ width[33m:[39m [35m180[39m[33m,[39m height[33m:[39m [35m65[39m }} resizeMode[33m=[39m[32m"contain"[39m [33m/[39m[33m>[39m
 [90m    |[39m                                     [31m[1m^[22m[39m
 [90m 46 |[39m             [33m<[39m[33mView[39m style[33m=[39m{styles[33m.[39mheaderIcons}[33m>[39m
 [90m 47 |[39m               [33m<[39m[33mTouchableOpacity[39m style[33m=[39m{{ marginRight[33m:[39m [35m15[39m }}[33m>[39m
 [90m 48 |[39m                 [33m<[39m[33mIonicons[39m name[33m=[39m[32m"notifications-outline"[39m size[33m=[39m{[35m24[39m} color[33m=[39m[32m"#FFF"[39m [33m/[39m[33m>[39m[0m

Import stack:

 screens/BeneficiaryDashboard.tsx
 | import "../assets/images/logowhite.png"

 
 | import "./screens/BeneficiaryDashboard"

iOS ./index.ts ░░░░░░░░░░░░░░░░  0.0% (0/1)
iOS Bundled 65ms index.ts (1 module)
 WARN  SafeAreaView has been deprecated and will be removed in a future release. Please use 'react-native-safe-area-context' instead. See https://github.com/th3rdwave/react-native-safe-area-context
 ERROR  The action 'NAVIGATE' with payload {"name":"FinancialDonation"} was not handled by any navigator.

Do you have a screen named 'FinancialDonation'?

If you're trying to navigate to a screen in a nested navigator, see https://reactnavigation.org/docs/nesting-navigators#navigating-to-a-screen-in-a-nested-navigator.

If you're using conditional rendering, navigation will happen automatically and you shouldn't navigate manually, see.

This is a development-only warning and won't be shown in production.
 ERROR  Failed to fetch pickups [AxiosError: Network Error]
 ERROR  Failed to fetch pickups [AxiosError: Network Error]
 ERROR  Failed to fetch pickups [AxiosError: Network Error]
 ERROR  Failed to fetch pickups [AxiosError: Network Error]
 ERROR  Failed to fetch pickups [AxiosError: Network Error]
 ERROR  Failed to fetch pickups [AxiosError: Network Error]
 ERROR  Failed to fetch pickups [AxiosError: Network Error]
 ERROR  Failed to fetch pickups [AxiosError: Network Error]
iOS ./index.ts ░░░░░░░░░░░░░░░░  0.0% (0/1)
iOS Bundled 60ms index.ts (1 module)
 WARN  SafeAreaView has been deprecated and will be removed in a future release. Please use 'react-native-safe-area-context' instead. See https://github.com/th3rdwave/react-native-safe-area-context
 ERROR  Failed to load dashboard [AxiosError: Network Error]
iOS ./index.ts ░░░░░░░░░░░░░░░░  0.0% (0/1)
iOS Bundled 58ms index.ts (1 module)
 WARN  SafeAreaView has been deprecated and will be removed in a future release. Please use 'react-native-safe-area-context' instead. See https://github.com/th3rdwave/react-native-safe-area-context
 ERROR  Failed to load dashboard [AxiosError: Network Error]
 ERROR  Failed to load dashboard [AxiosError: Network Error]
 ERROR  Failed to load dashboard [AxiosError: Network Error]
iOS ./index.ts ░░░░░░░░░░░░░░░░  0.0% (0/1)
iOS Bundled 81ms index.ts (1 module)
 WARN  SafeAreaView has been deprecated and will be removed in a future release. Please use 'react-native-safe-area-context' instead. See https://github.com/th3rdwave/react-native-safe-area-context
iOS ./index.ts ░░░░░░░░░░░░░░░░  0.0% (0/1)
iOS Bundling failed 321ms index.ts (1 module)
Unable to resolve "../assets/images/cards/register_bg.png" from "screens/Login.tsx"
[0m [90m 65 |[39m   [36mreturn[39m (
 [90m 66 |[39m     [33m<[39m[33mImageBackground[39m
[31m[1m>[22m[39m[90m 67 |[39m       source[33m=[39m{require([32m'../assets/images/cards/register_bg.png'[39m)}
 [90m    |[39m                        [31m[1m^[22m[39m
 [90m 68 |[39m       style[33m=[39m{styles[33m.[39mbackground}
 [90m 69 |[39m       resizeMode[33m=[39m[32m"cover"[39m
 [90m 70 |[39m     [33m>[39m[0m

Import stack:

 screens/Login.tsx
 | import "../assets/images/cards/register_bg.png"

 navigation/AppNavigator.tsx
 | import "../screens/Login"

 App.tsx
 | import "./navigation/AppNavigator"

 index.ts
 | import "./App"

 
 | import "./index.ts"

iOS ./index.ts ░░░░░░░░░░░░░░░░  0.0% (0/1)
iOS Bundled 101ms index.ts (1 module)
 WARN  SafeAreaView has been deprecated and will be removed in a future release. Please use 'react-native-safe-area-context' instead. See https://github.com/th3rdwave/react-native-safe-area-context
Unable to resolve "../assets/images/register_bg.png" from "screens/Login.tsx"
[0m [90m 68 |[39m   [36mreturn[39m (
 [90m 69 |[39m     [33m<[39m[33mImageBackground[39m
[31m[1m>[22m[39m[90m 70 |[39m       source[33m=[39m{require([32m'../assets/images/register_bg.png'[39m)}
 [90m    |[39m                        [31m[1m^[22m[39m
 [90m 71 |[39m       style[33m=[39m{styles[33m.[39mbackground}
 [90m 72 |[39m       resizeMode[33m=[39m[32m"cover"[39m
 [90m 73 |[39m     [33m>[39m[0m

Import stack:

 screens/Login.tsx
 | import "../assets/images/register_bg.png"

 navigation/AppNavigator.tsx
 | import "../screens/Login"

 App.tsx
 | import "./navigation/AppNavigator"

 index.ts
 | import "./App"

 
 | import "./index.ts"

Unable to resolve "../assets/images/register_bg.png" from "screens/Login.tsx"
[0m [90m 68 |[39m   [36mreturn[39m (
 [90m 69 |[39m     [33m<[39m[33mImageBackground[39m
[31m[1m>[22m[39m[90m 70 |[39m       source[33m=[39m{require([32m'../assets/images/register_bg.png'[39m)}
 [90m    |[39m                        [31m[1m^[22m[39m
 [90m 71 |[39m       style[33m=[39m{styles[33m.[39mbackground}
 [90m 72 |[39m       resizeMode[33m=[39m[32m"cover"[39m
 [90m 73 |[39m     [33m>[39m[0m

Import stack:

 screens/Login.tsx
 | import "../assets/images/register_bg.png"

 navigation/AppNavigator.tsx
 | import "../screens/Login"

 App.tsx
 | import "./navigation/AppNavigator"

 index.ts
 | import "./App"

 
 | import "./index.ts"

Unable to resolve "../assets/images/logowhite.png" from "screens/Login.tsx"
[0m [90m 79 |[39m           [33m<[39m[33mView[39m style[33m=[39m{styles[33m.[39mlogoContainer}[33m>[39m
 [90m 80 |[39m             [33m<[39m[33mImage[39m
[31m[1m>[22m[39m[90m 81 |[39m               source[33m=[39m{require([32m'../assets/images/logowhite.png'[39m)}
 [90m    |[39m                                [31m[1m^[22m[39m
 [90m 82 |[39m               style[33m=[39m{styles[33m.[39mlogo}
 [90m 83 |[39m               resizeMode[33m=[39m[32m"contain"[39m
 [90m 84 |[39m             [33m/[39m[33m>[39m[0m

Import stack:

 screens/Login.tsx
 | import "../assets/images/logowhite.png"

 navigation/AppNavigator.tsx
 | import "../screens/Login"

 App.tsx
 | import "./navigation/AppNavigator"

 index.ts
 | import "./App"

 
 | import "./index.ts"

Unable to resolve "../assets/images/logowhite.png" from "screens/Login.tsx"
[0m [90m 79 |[39m           [33m<[39m[33mView[39m style[33m=[39m{styles[33m.[39mlogoContainer}[33m>[39m
 [90m 80 |[39m             [33m<[39m[33mImage[39m
[31m[1m>[22m[39m[90m 81 |[39m               source[33m=[39m{require([32m'../assets/images/logowhite.png'[39m)}
 [90m    |[39m                                [31m[1m^[22m[39m
 [90m 82 |[39m               style[33m=[39m{styles[33m.[39mlogo}
 [90m 83 |[39m               resizeMode[33m=[39m[32m"contain"[39m
 [90m 84 |[39m             [33m/[39m[33m>[39m[0m

Import stack:

 screens/Login.tsx
 | import "../assets/images/logowhite.png"

 navigation/AppNavigator.tsx
 | import "../screens/Login"

 App.tsx
 | import "./navigation/AppNavigator"

 index.ts
 | import "./App"

 
 | import "./index.ts"

iOS ./index.ts ░░░░░░░░░░░░░░░░  0.0% (0/1)
iOS Bundled 67ms index.ts (1 module)
 WARN  SafeAreaView has been deprecated and will be removed in a future release. Please use 'react-native-safe-area-context' instead. See https://github.com/th3rdwave/react-native-safe-area-context
Unable to resolve "../assets/images/register_bg.png" from "screens/BeneficiaryDashboard.tsx"
[0m [90m 68 |[39m   [36mreturn[39m (
 [90m 69 |[39m     [33m<[39m[33mImageBackground[39m
[31m[1m>[22m[39m[90m 70 |[39m       source[33m=[39m{require([32m'../assets/images/register_bg.png'[39m)}
 [90m    |[39m                        [31m[1m^[22m[39m
 [90m 71 |[39m       style[33m=[39m{styles[33m.[39mbackground}
 [90m 72 |[39m       resizeMode[33m=[39m[32m"cover"[39m
 [90m 73 |[39m     [33m>[39m[0m

Import stack:

 screens/BeneficiaryDashboard.tsx
 | import "../assets/images/register_bg.png"

 
 | import "./screens/BeneficiaryDashboard"

Unable to resolve "../assets/images/bregister_bg.png" from "screens/BeneficiaryDashboard.tsx"
[0m [90m 68 |[39m   [36mreturn[39m (
 [90m 69 |[39m     [33m<[39m[33mImageBackground[39m
[31m[1m>[22m[39m[90m 70 |[39m       source[33m=[39m{require([32m'../assets/images/bregister_bg.png'[39m)}
 [90m    |[39m                        [31m[1m^[22m[39m
 [90m 71 |[39m       style[33m=[39m{styles[33m.[39mbackground}
 [90m 72 |[39m       resizeMode[33m=[39m[32m"cover"[39m
 [90m 73 |[39m     [33m>[39m[0m

Import stack:

 screens/BeneficiaryDashboard.tsx
 | import "../assets/images/bregister_bg.png"

 
 | import "./screens/BeneficiaryDashboard"

Unable to resolve "../assets/images/backgroundregister_bg.png" from "screens/BeneficiaryDashboard.tsx"
[0m [90m 68 |[39m   [36mreturn[39m (
 [90m 69 |[39m     [33m<[39m[33mImageBackground[39m
[31m[1m>[22m[39m[90m 70 |[39m       source[33m=[39m{require([32m'../assets/images/backgroundregister_bg.png'[39m)}
 [90m    |[39m                        [31m[1m^[22m[39m
 [90m 71 |[39m       style[33m=[39m{styles[33m.[39mbackground}
 [90m 72 |[39m       resizeMode[33m=[39m[32m"cover"[39m
 [90m 73 |[39m     [33m>[39m[0m

Import stack:

 screens/BeneficiaryDashboard.tsx
 | import "../assets/images/backgroundregister_bg.png"

 
 | import "./screens/BeneficiaryDashboard"

Unable to resolve "../assets/images/logowhite.png" from "screens/BeneficiaryDashboard.tsx"
[0m [90m 80 |[39m           [33m<[39m[33mView[39m style[33m=[39m{styles[33m.[39mlogoContainer}[33m>[39m
 [90m 81 |[39m             [33m<[39m[33mImage[39m
[31m[1m>[22m[39m[90m 82 |[39m               source[33m=[39m{require([32m'../assets/images/logowhite.png'[39m)}
 [90m    |[39m                                [31m[1m^[22m[39m
 [90m 83 |[39m               style[33m=[39m{styles[33m.[39mlogo}
 [90m 84 |[39m               resizeMode[33m=[39m[32m"contain"[39m
 [90m 85 |[39m             [33m/[39m[33m>[39m[0m

Import stack:

 screens/BeneficiaryDashboard.tsx
 | import "../assets/images/logowhite.png"

 
 | import "./screens/BeneficiaryDashboard"

Unable to resolve "../assets/images/logowhite.png" from "screens/BeneficiaryDashboard.tsx"
[0m [90m 80 |[39m           [33m<[39m[33mView[39m style[33m=[39m{styles[33m.[39mlogoContainer}[33m>[39m
 [90m 81 |[39m             [33m<[39m[33mImage[39m
[31m[1m>[22m[39m[90m 82 |[39m               source[33m=[39m{require([32m'../assets/images/logowhite.png'[39m)}
 [90m    |[39m                                [31m[1m^[22m[39m
 [90m 83 |[39m               style[33m=[39m{styles[33m.[39mlogo}
 [90m 84 |[39m               resizeMode[33m=[39m[32m"contain"[39m
 [90m 85 |[39m             [33m/[39m[33m>[39m[0m

Import stack:

 screens/BeneficiaryDashboard.tsx
 | import "../assets/images/logowhite.png"

 
 | import "./screens/BeneficiaryDashboard"

iOS ./index.ts ░░░░░░░░░░░░░░░░  0.0% (0/1)
iOS Bundling failed 170ms index.ts (1 module)
Unable to resolve "../assets/images/logowhite.png" from "screens/FoodDonationDetails.tsx"
[0m [90m 83 |[39m             [33m<[39m[33m/[39m[33mTouchableOpacity[39m[33m>[39m
 [90m 84 |[39m             [33m<[39m[33mView[39m style[33m=[39m{styles[33m.[39mlogoRow}[33m>[39m
[31m[1m>[22m[39m[90m 85 |[39m               [33m<[39m[33mImage[39m source[33m=[39m{require([32m'../assets/images/logowhite.png'[39m)} style[33m=[39m{styles[33m.[39mlogoImage} resizeMode[33m=[39m[32m"contain"[39m [33m/[39m[33m>[39m
 [90m    |[39m                                       [31m[1m^[22m[39m
 [90m 86 |[39m             [33m<[39m[33m/[39m[33mView[39m[33m>[39m
 [90m 87 |[39m             [33m<[39m[33mView[39m style[33m=[39m{{ width[33m:[39m [35m40[39m }} [35m/>{/[39m[33m*[39m [33mSpacer[39m [33m*[39m[33m/[39m}
 [90m 88 |[39m           [33m<[39m[33m/[39m[33mView[39m[33m>[39m[0m

Import stack:

 screens/FoodDonationDetails.tsx
 | import "../assets/images/logowhite.png"

 navigation/AppNavigator.tsx
 | import "../screens/FoodDonationDetails"

 App.tsx
 | import "./navigation/AppNavigator"

 index.ts
 | import "./App"

 
 | import "./index.ts"

iOS ./index.ts ░░░░░░░░░░░░░░░░  0.0% (0/1)
iOS Bundled 183ms index.ts (1 module)
 WARN  SafeAreaView has been deprecated and will be removed in a future release. Please use 'react-native-safe-area-context' instead. See https://github.com/th3rdwave/react-native-safe-area-context
 ERROR  Failed to fetch pickups [AxiosError: Network Error]
 ERROR  Failed to fetch pickups [AxiosError: Network Error]
Unable to resolve "../assets/images/logo/logo.png" from "screens/FoodDonationDetails.tsx"
[0m [90m 134 |[39m           [33m<[39m[33mView[39m style[33m=[39m{styles[33m.[39mheader}[33m>[39m
 [90m 135 |[39m             [33m<[39m[33mImage[39m
[31m[1m>[22m[39m[90m 136 |[39m               source[33m=[39m{require([32m'../assets/images/logo/logo.png'[39m)}
 [90m     |[39m                                [31m[1m^[22m[39m
 [90m 137 |[39m               style[33m=[39m{styles[33m.[39mlogo}
 [90m 138 |[39m               resizeMode[33m=[39m[32m"contain"[39m
 [90m 139 |[39m             [33m/[39m[33m>[39m[0m

Import stack:

 screens/FoodDonationDetails.tsx
 | import "../assets/images/logo/logo.png"

 navigation/AppNavigator.tsx
 | import "../screens/FoodDonationDetails"

 App.tsx
 | import "./navigation/AppNavigator"

 index.ts
 | import "./App"

 
 | import "./index.ts"

Unable to resolve "../assets/images/logo/logo.png" from "screens/FoodDonationDetails.tsx"
[0m [90m 134 |[39m           [33m<[39m[33mView[39m style[33m=[39m{styles[33m.[39mheader}[33m>[39m
 [90m 135 |[39m             [33m<[39m[33mImage[39m
[31m[1m>[22m[39m[90m 136 |[39m               source[33m=[39m{require([32m'../assets/images/logo/logo.png'[39m)}
 [90m     |[39m                                [31m[1m^[22m[39m
 [90m 137 |[39m               style[33m=[39m{styles[33m.[39mlogo}
 [90m 138 |[39m               resizeMode[33m=[39m[32m"contain"[39m
 [90m 139 |[39m             [33m/[39m[33m>[39m[0m

Import stack:

 screens/FoodDonationDetails.tsx
 | import "../assets/images/logo/logo.png"

 navigation/AppNavigator.tsx
 | import "../screens/FoodDonationDetails"

 App.tsx
 | import "./navigation/AppNavigator"

 index.ts
 | import "./App"

 
 | import "./index.ts"

Unable to resolve "../assets/images/logo/logo.png" from "screens/FoodDonationDetails.tsx"
[0m [90m 134 |[39m           [33m<[39m[33mView[39m style[33m=[39m{styles[33m.[39mheader}[33m>[39m
 [90m 135 |[39m             [33m<[39m[33mImage[39m
[31m[1m>[22m[39m[90m 136 |[39m               source[33m=[39m{require([32m'../assets/images/logo/logo.png'[39m)}
 [90m     |[39m                                [31m[1m^[22m[39m
 [90m 137 |[39m               style[33m=[39m{styles[33m.[39mlogo}
 [90m 138 |[39m               resizeMode[33m=[39m[32m"contain"[39m
 [90m 139 |[39m             [33m/[39m[33m>[39m[0m

Import stack:

 screens/FoodDonationDetails.tsx
 | import "../assets/images/logo/logo.png"

 navigation/AppNavigator.tsx
 | import "../screens/FoodDonationDetails"

 App.tsx
 | import "./navigation/AppNavigator"

 index.ts
 | import "./App"

 
 | import "./index.ts"

 ERROR  [Error: UnableToResolveError Unable to resolve module ../assets/images/logo/logo.png from /Users/altheazuleikasadicon/Downloads/SAVR_mobile-main/SAVR_frontend/screens/FoodDonationDetails.tsx: 

None of these files exist:
  * logo.png
  * assets/images/logo/logo.png
[0m [90m 134 |[39m           [33m<[39m[33mView[39m style[33m=[39m{styles[33m.[39mheader}[33m>[39m
 [90m 135 |[39m             [33m<[39m[33mImage[39m
[31m[1m>[22m[39m[90m 136 |[39m               source[33m=[39m{require([32m'../assets/images/logo/logo.png'[39m)}
 [90m     |[39m                                [31m[1m^[22m[39m
 [90m 137 |[39m               style[33m=[39m{styles[33m.[39mlogo}
 [90m 138 |[39m               resizeMode[33m=[39m[32m"contain"[39m
 [90m 139 |[39m             [33m/[39m[33m>[39m[0m]
 ERROR  [Error: UnableToResolveError Unable to resolve module ../assets/images/logo/logo.png from /Users/altheazuleikasadicon/Downloads/SAVR_mobile-main/SAVR_frontend/screens/FoodDonationDetails.tsx: 

None of these files exist:
  * logo.png
  * assets/images/logo/logo.png
[0m [90m 134 |[39m           [33m<[39m[33mView[39m style[33m=[39m{styles[33m.[39mheader}[33m>[39m
 [90m 135 |[39m             [33m<[39m[33mImage[39m
[31m[1m>[22m[39m[90m 136 |[39m               source[33m=[39m{require([32m'../assets/images/logo/logo.png'[39m)}
 [90m     |[39m                                [31m[1m^[22m[39m
 [90m 137 |[39m               style[33m=[39m{styles[33m.[39mlogo}
 [90m 138 |[39m               resizeMode[33m=[39m[32m"contain"[39m
 [90m 139 |[39m             [33m/[39m[33m>[39m[0m]
 ERROR  [Error: UnableToResolveError Unable to resolve module ../assets/images/logo/logo.png from /Users/altheazuleikasadicon/Downloads/SAVR_mobile-main/SAVR_frontend/screens/FoodDonationDetails.tsx: 

None of these files exist:
  * logo.png
  * assets/images/logo/logo.png
[0m [90m 134 |[39m           [33m<[39m[33mView[39m style[33m=[39m{styles[33m.[39mheader}[33m>[39m
 [90m 135 |[39m             [33m<[39m[33mImage[39m
[31m[1m>[22m[39m[90m 136 |[39m               source[33m=[39m{require([32m'../assets/images/logo/logo.png'[39m)}
 [90m     |[39m                                [31m[1m^[22m[39m
 [90m 137 |[39m               style[33m=[39m{styles[33m.[39mlogo}
 [90m 138 |[39m               resizeMode[33m=[39m[32m"contain"[39m
 [90m 139 |[39m             [33m/[39m[33m>[39m[0m]
 ERROR  Activities fetch error [AxiosError: timeout exceeded]
 ERROR  Failed to fetch pickups [AxiosError: Network Error]
Unable to resolve "../assets/images/logo/logo.png" from "screens/FoodDonationDetails.tsx"
[0m [90m 134 |[39m           [33m<[39m[33mView[39m style[33m=[39m{styles[33m.[39mheader}[33m>[39m
 [90m 135 |[39m             [33m<[39m[33mImage[39m
[31m[1m>[22m[39m[90m 136 |[39m               source[33m=[39m{require([32m'../assets/images/logo/logo.png'[39m)}
 [90m     |[39m                                [31m[1m^[22m[39m
 [90m 137 |[39m               style[33m=[39m{styles[33m.[39mlogo}
 [90m 138 |[39m               resizeMode[33m=[39m[32m"contain"[39m
 [90m 139 |[39m             [33m/[39m[33m>[39m[0m

Import stack:

 screens/FoodDonationDetails.tsx
 | import "../assets/images/logo/logo.png"

 navigation/AppNavigator.tsx
 | import "../screens/FoodDonationDetails"

 App.tsx
 | import "./navigation/AppNavigator"

 index.ts
 | import "./App"

 
 | import "./index.ts"

 ERROR  [Error: UnableToResolveError Unable to resolve module ../assets/images/logo/logo.png from /Users/altheazuleikasadicon/Downloads/SAVR_mobile-main/SAVR_frontend/screens/FoodDonationDetails.tsx: 

None of these files exist:
  * logo.png
  * assets/images/logo/logo.png
[0m [90m 134 |[39m           [33m<[39m[33mView[39m style[33m=[39m{styles[33m.[39mheader}[33m>[39m
 [90m 135 |[39m             [33m<[39m[33mImage[39m
[31m[1m>[22m[39m[90m 136 |[39m               source[33m=[39m{require([32m'../assets/images/logo/logo.png'[39m)}
 [90m     |[39m                                [31m[1m^[22m[39m
 [90m 137 |[39m               style[33m=[39m{styles[33m.[39mlogo}
 [90m 138 |[39m               resizeMode[33m=[39m[32m"contain"[39m
 [90m 139 |[39m             [33m/[39m[33m>[39m[0m]
Unable to resolve "../assets/images/logo/logo.png" from "screens/FoodDonationDetails.tsx"
[0m [90m 134 |[39m           [33m<[39m[33mView[39m style[33m=[39m{styles[33m.[39mheader}[33m>[39m
 [90m 135 |[39m             [33m<[39m[33mImage[39m
[31m[1m>[22m[39m[90m 136 |[39m               source[33m=[39m{require([32m'../assets/images/logo/logo.png'[39m)}
 [90m     |[39m                                [31m[1m^[22m[39m
 [90m 137 |[39m               style[33m=[39m{styles[33m.[39mlogo}
 [90m 138 |[39m               resizeMode[33m=[39m[32m"contain"[39m
 [90m 139 |[39m             [33m/[39m[33m>[39m[0m

Import stack:

 screens/FoodDonationDetails.tsx
 | import "../assets/images/logo/logo.png"

 navigation/AppNavigator.tsx
 | import "../screens/FoodDonationDetails"

 App.tsx
 | import "./navigation/AppNavigator"

 index.ts
 | import "./App"

 
 | import "./index.ts"

 ERROR  [Error: UnableToResolveError Unable to resolve module ../assets/images/logo/logo.png from /Users/altheazuleikasadicon/Downloads/SAVR_mobile-main/SAVR_frontend/screens/FoodDonationDetails.tsx: 

None of these files exist:
  * logo.png
  * assets/images/logo/logo.png
[0m [90m 134 |[39m           [33m<[39m[33mView[39m style[33m=[39m{styles[33m.[39mheader}[33m>[39m
 [90m 135 |[39m             [33m<[39m[33mImage[39m
[31m[1m>[22m[39m[90m 136 |[39m               source[33m=[39m{require([32m'../assets/images/logo/logo.png'[39m)}
 [90m     |[39m                                [31m[1m^[22m[39m
 [90m 137 |[39m               style[33m=[39m{styles[33m.[39mlogo}
 [90m 138 |[39m               resizeMode[33m=[39m[32m"contain"[39m
 [90m 139 |[39m             [33m/[39m[33m>[39m[0m]
Unable to resolve "../assets/images/logo/logo.png" from "screens/FoodDonationDetails.tsx"
[0m [90m 134 |[39m           [33m<[39m[33mView[39m style[33m=[39m{styles[33m.[39mheader}[33m>[39m
 [90m 135 |[39m             [33m<[39m[33mImage[39m
[31m[1m>[22m[39m[90m 136 |[39m               source[33m=[39m{require([32m'../assets/images/logo/logo.png'[39m)}
 [90m     |[39m                                [31m[1m^[22m[39m
 [90m 137 |[39m               style[33m=[39m{styles[33m.[39mlogo}
 [90m 138 |[39m               resizeMode[33m=[39m[32m"contain"[39m
 [90m 139 |[39m             [33m/[39m[33m>[39m[0m

Import stack:

 screens/FoodDonationDetails.tsx
 | import "../assets/images/logo/logo.png"

 navigation/AppNavigator.tsx
 | import "../screens/FoodDonationDetails"

 App.tsx
 | import "./navigation/AppNavigator"

 index.ts
 | import "./App"

 
 | import "./index.ts"

 ERROR  [Error: UnableToResolveError Unable to resolve module ../assets/images/logo/logo.png from /Users/altheazuleikasadicon/Downloads/SAVR_mobile-main/SAVR_frontend/screens/FoodDonationDetails.tsx: 

None of these files exist:
  * logo.png
  * assets/images/logo/logo.png
[0m [90m 134 |[39m           [33m<[39m[33mView[39m style[33m=[39m{styles[33m.[39mheader}[33m>[39m
 [90m 135 |[39m             [33m<[39m[33mImage[39m
[31m[1m>[22m[39m[90m 136 |[39m               source[33m=[39m{require([32m'../assets/images/logo/logo.png'[39m)}
 [90m     |[39m                                [31m[1m^[22m[39m
 [90m 137 |[39m               style[33m=[39m{styles[33m.[39mlogo}
 [90m 138 |[39m               resizeMode[33m=[39m[32m"contain"[39m
 [90m 139 |[39m             [33m/[39m[33m>[39m[0m]
Unable to resolve "../assets/images/logo/logo.png" from "screens/FoodDonationDetails.tsx"
[0m [90m 134 |[39m           [33m<[39m[33mView[39m style[33m=[39m{styles[33m.[39mheader}[33m>[39m
 [90m 135 |[39m             [33m<[39m[33mImage[39m
[31m[1m>[22m[39m[90m 136 |[39m               source[33m=[39m{require([32m'../assets/images/logo/logo.png'[39m)}
 [90m     |[39m                                [31m[1m^[22m[39m
 [90m 137 |[39m               style[33m=[39m{styles[33m.[39mlogo}
 [90m 138 |[39m               resizeMode[33m=[39m[32m"contain"[39m
 [90m 139 |[39m             [33m/[39m[33m>[39m[0m

Import stack:

 screens/FoodDonationDetails.tsx
 | import "../assets/images/logo/logo.png"

 navigation/AppNavigator.tsx
 | import "../screens/FoodDonationDetails"

 App.tsx
 | import "./navigation/AppNavigator"

 index.ts
 | import "./App"

 
 | import "./index.ts"

 ERROR  [Error: UnableToResolveError Unable to resolve module ../assets/images/logo/logo.png from /Users/altheazuleikasadicon/Downloads/SAVR_mobile-main/SAVR_frontend/screens/FoodDonationDetails.tsx: 

None of these files exist:
  * logo.png
  * assets/images/logo/logo.png
[0m [90m 134 |[39m           [33m<[39m[33mView[39m style[33m=[39m{styles[33m.[39mheader}[33m>[39m
 [90m 135 |[39m             [33m<[39m[33mImage[39m
[31m[1m>[22m[39m[90m 136 |[39m               source[33m=[39m{require([32m'../assets/images/logo/logo.png'[39m)}
 [90m     |[39m                                [31m[1m^[22m[39m
 [90m 137 |[39m               style[33m=[39m{styles[33m.[39mlogo}
 [90m 138 |[39m               resizeMode[33m=[39m[32m"contain"[39m
 [90m 139 |[39m             [33m/[39m[33m>[39m[0m]
iOS ./index.ts ░░░░░░░░░░░░░░░░  0.0% (0/1)
iOS Bundling failed 20ms index.ts (1 module)
Unable to resolve "../assets/images/logo/logo.png" from "screens/FoodDonationDetails.tsx"
[0m [90m 134 |[39m           [33m<[39m[33mView[39m style[33m=[39m{styles[33m.[39mheader}[33m>[39m
 [90m 135 |[39m             [33m<[39m[33mImage[39m
[31m[1m>[22m[39m[90m 136 |[39m               source[33m=[39m{require([32m'../assets/images/logo/logo.png'[39m)}
 [90m     |[39m                                [31m[1m^[22m[39m
 [90m 137 |[39m               style[33m=[39m{styles[33m.[39mlogo}
 [90m 138 |[39m               resizeMode[33m=[39m[32m"contain"[39m
 [90m 139 |[39m             [33m/[39m[33m>[39m[0m

Import stack:

 screens/FoodDonationDetails.tsx
 | import "../assets/images/logo/logo.png"

 navigation/AppNavigator.tsx
 | import "../screens/FoodDonationDetails"

 App.tsx
 | import "./navigation/AppNavigator"

 index.ts
 | import "./App"

 
 | import "./index.ts"

iOS ./index.ts ░░░░░░░░░░░░░░░░  0.0% (0/1)
iOS Bundled 174ms index.ts (1 module)
 WARN  SafeAreaView has been deprecated and will be removed in a future release. Please use 'react-native-safe-area-context' instead. See https://github.com/th3rdwave/react-native-safe-area-context
 WARN  [expo-image-picker] `ImagePicker.MediaTypeOptions` have been deprecated. Use `ImagePicker.MediaType` or an array of `ImagePicker.MediaType` instead.
Unable to resolve "../assets/images/logo/logow.png" from "screens/FoodDonationDetails.tsx"
[0m [90m 134 |[39m           [33m<[39m[33mView[39m style[33m=[39m{styles[33m.[39mheader}[33m>[39m
 [90m 135 |[39m             [33m<[39m[33mImage[39m
[31m[1m>[22m[39m[90m 136 |[39m               source[33m=[39m{require([32m'../assets/images/logo/logow.png'[39m)}
 [90m     |[39m                                [31m[1m^[22m[39m
 [90m 137 |[39m               style[33m=[39m{styles[33m.[39mlogo}
 [90m 138 |[39m               resizeMode[33m=[39m[32m"contain"[39m
 [90m 139 |[39m             [33m/[39m[33m>[39m[0m

Import stack:

 screens/FoodDonationDetails.tsx
 | import "../assets/images/logo/logow.png"

 navigation/AppNavigator.tsx
 | import "../screens/FoodDonationDetails"

 App.tsx
 | import "./navigation/AppNavigator"

 index.ts
 | import "./App"

 
 | import "./index.ts"

 ERROR  [Error: UnableToResolveError Unable to resolve module ../assets/images/logo/logow.png from /Users/altheazuleikasadicon/Downloads/SAVR_mobile-main/SAVR_frontend/screens/FoodDonationDetails.tsx: 

None of these files exist:
  * logow.png
  * assets/images/logo/logow.png
[0m [90m 134 |[39m           [33m<[39m[33mView[39m style[33m=[39m{styles[33m.[39mheader}[33m>[39m
 [90m 135 |[39m             [33m<[39m[33mImage[39m
[31m[1m>[22m[39m[90m 136 |[39m               source[33m=[39m{require([32m'../assets/images/logo/logow.png'[39m)}
 [90m     |[39m                                [31m[1m^[22m[39m
 [90m 137 |[39m               style[33m=[39m{styles[33m.[39mlogo}
 [90m 138 |[39m               resizeMode[33m=[39m[32m"contain"[39m
 [90m 139 |[39m             [33m/[39m[33m>[39m[0m]
Unable to resolve "../assets/images/logo/logow.png" from "screens/FoodDonationDetails.tsx"
[0m [90m 134 |[39m           [33m<[39m[33mView[39m style[33m=[39m{styles[33m.[39mheader}[33m>[39m
 [90m 135 |[39m             [33m<[39m[33mImage[39m
[31m[1m>[22m[39m[90m 136 |[39m               source[33m=[39m{require([32m'../assets/images/logo/logow.png'[39m)}
 [90m     |[39m                                [31m[1m^[22m[39m
 [90m 137 |[39m               style[33m=[39m{styles[33m.[39mlogo}
 [90m 138 |[39m               resizeMode[33m=[39m[32m"contain"[39m
 [90m 139 |[39m             [33m/[39m[33m>[39m[0m

Import stack:

 screens/FoodDonationDetails.tsx
 | import "../assets/images/logo/logow.png"

 navigation/AppNavigator.tsx
 | import "../screens/FoodDonationDetails"

 App.tsx
 | import "./navigation/AppNavigator"

 index.ts
 | import "./App"

 
 | import "./index.ts"

 ERROR  [Error: UnableToResolveError Unable to resolve module ../assets/images/logo/logow.png from /Users/altheazuleikasadicon/Downloads/SAVR_mobile-main/SAVR_frontend/screens/FoodDonationDetails.tsx: 

None of these files exist:
  * logow.png
  * assets/images/logo/logow.png
[0m [90m 134 |[39m           [33m<[39m[33mView[39m style[33m=[39m{styles[33m.[39mheader}[33m>[39m
 [90m 135 |[39m             [33m<[39m[33mImage[39m
[31m[1m>[22m[39m[90m 136 |[39m               source[33m=[39m{require([32m'../assets/images/logo/logow.png'[39m)}
 [90m     |[39m                                [31m[1m^[22m[39m
 [90m 137 |[39m               style[33m=[39m{styles[33m.[39mlogo}
 [90m 138 |[39m               resizeMode[33m=[39m[32m"contain"[39m
 [90m 139 |[39m             [33m/[39m[33m>[39m[0m]
Unable to resolve "../assets/images/logo/logo.png" from "screens/FoodDonationDetails.tsx"
[0m [90m 134 |[39m           [33m<[39m[33mView[39m style[33m=[39m{styles[33m.[39mheader}[33m>[39m
 [90m 135 |[39m             [33m<[39m[33mImage[39m
[31m[1m>[22m[39m[90m 136 |[39m               source[33m=[39m{require([32m'../assets/images/logo/logo.png'[39m)}
 [90m     |[39m                                [31m[1m^[22m[39m
 [90m 137 |[39m               style[33m=[39m{styles[33m.[39mlogo}
 [90m 138 |[39m               resizeMode[33m=[39m[32m"contain"[39m
 [90m 139 |[39m             [33m/[39m[33m>[39m[0m

Import stack:

 screens/FoodDonationDetails.tsx
 | import "../assets/images/logo/logo.png"

 navigation/AppNavigator.tsx
 | import "../screens/FoodDonationDetails"

 App.tsx
 | import "./navigation/AppNavigator"

 index.ts
 | import "./App"

 
 | import "./index.ts"

 ERROR  [Error: UnableToResolveError Unable to resolve module ../assets/images/logo/logo.png from /Users/altheazuleikasadicon/Downloads/SAVR_mobile-main/SAVR_frontend/screens/FoodDonationDetails.tsx: 

None of these files exist:
  * logo.png
  * assets/images/logo/logo.png
[0m [90m 134 |[39m           [33m<[39m[33mView[39m style[33m=[39m{styles[33m.[39mheader}[33m>[39m
 [90m 135 |[39m             [33m<[39m[33mImage[39m
[31m[1m>[22m[39m[90m 136 |[39m               source[33m=[39m{require([32m'../assets/images/logo/logo.png'[39m)}
 [90m     |[39m                                [31m[1m^[22m[39m
 [90m 137 |[39m               style[33m=[39m{styles[33m.[39mlogo}
 [90m 138 |[39m               resizeMode[33m=[39m[32m"contain"[39m
 [90m 139 |[39m             [33m/[39m[33m>[39m[0m]
Unable to resolve "../assets/images/logo/logo.png" from "screens/FoodDonationDetails.tsx"
[0m [90m 134 |[39m           [33m<[39m[33mView[39m style[33m=[39m{styles[33m.[39mheader}[33m>[39m
 [90m 135 |[39m             [33m<[39m[33mImage[39m
[31m[1m>[22m[39m[90m 136 |[39m               source[33m=[39m{require([32m'../assets/images/logo/logo.png'[39m)}
 [90m     |[39m                                [31m[1m^[22m[39m
 [90m 137 |[39m               style[33m=[39m{styles[33m.[39mlogo}
 [90m 138 |[39m               resizeMode[33m=[39m[32m"contain"[39m
 [90m 139 |[39m             [33m/[39m[33m>[39m[0m

Import stack:

 screens/FoodDonationDetails.tsx
 | import "../assets/images/logo/logo.png"

 navigation/AppNavigator.tsx
 | import "../screens/FoodDonationDetails"

 App.tsx
 | import "./navigation/AppNavigator"

 index.ts
 | import "./App"

 
 | import "./index.ts"

 ERROR  [Error: UnableToResolveError Unable to resolve module ../assets/images/logo/logo.png from /Users/altheazuleikasadicon/Downloads/SAVR_mobile-main/SAVR_frontend/screens/FoodDonationDetails.tsx: 

None of these files exist:
  * logo.png
  * assets/images/logo/logo.png
[0m [90m 134 |[39m           [33m<[39m[33mView[39m style[33m=[39m{styles[33m.[39mheader}[33m>[39m
 [90m 135 |[39m             [33m<[39m[33mImage[39m
[31m[1m>[22m[39m[90m 136 |[39m               source[33m=[39m{require([32m'../assets/images/logo/logo.png'[39m)}
 [90m     |[39m                                [31m[1m^[22m[39m
 [90m 137 |[39m               style[33m=[39m{styles[33m.[39mlogo}
 [90m 138 |[39m               resizeMode[33m=[39m[32m"contain"[39m
 [90m 139 |[39m             [33m/[39m[33m>[39m[0m]
Unable to resolve "../assets/images/logo/logo.png" from "screens/FoodDonationDetails.tsx"
[0m [90m 134 |[39m           [33m<[39m[33mView[39m style[33m=[39m{styles[33m.[39mheader}[33m>[39m
 [90m 135 |[39m             [33m<[39m[33mImage[39m
[31m[1m>[22m[39m[90m 136 |[39m               source[33m=[39m{require([32m'../assets/images/logo/logo.png'[39m)}
 [90m     |[39m                                [31m[1m^[22m[39m
 [90m 137 |[39m               style[33m=[39m{styles[33m.[39mlogo}
 [90m 138 |[39m               resizeMode[33m=[39m[32m"contain"[39m
 [90m 139 |[39m             [33m/[39m[33m>[39m[0m

Import stack:

 screens/FoodDonationDetails.tsx
 | import "../assets/images/logo/logo.png"

 navigation/AppNavigator.tsx
 | import "../screens/FoodDonationDetails"

 App.tsx
 | import "./navigation/AppNavigator"

 index.ts
 | import "./App"

 
 | import "./index.ts"

 ERROR  [Error: UnableToResolveError Unable to resolve module ../assets/images/logo/logo.png from /Users/altheazuleikasadicon/Downloads/SAVR_mobile-main/SAVR_frontend/screens/FoodDonationDetails.tsx: 

None of these files exist:
  * logo.png
  * assets/images/logo/logo.png
[0m [90m 134 |[39m           [33m<[39m[33mView[39m style[33m=[39m{styles[33m.[39mheader}[33m>[39m
 [90m 135 |[39m             [33m<[39m[33mImage[39m
[31m[1m>[22m[39m[90m 136 |[39m               source[33m=[39m{require([32m'../assets/images/logo/logo.png'[39m)}
 [90m     |[39m                                [31m[1m^[22m[39m
 [90m 137 |[39m               style[33m=[39m{styles[33m.[39mlogo}
 [90m 138 |[39m               resizeMode[33m=[39m[32m"contain"[39m
 [90m 139 |[39m             [33m/[39m[33m>[39m[0m]
Unable to resolve "../assets/images/logowhite.png" from "screens/FoodDonationDetails.tsx"
[0m [90m 83 |[39m             [33m<[39m[33m/[39m[33mTouchableOpacity[39m[33m>[39m
 [90m 84 |[39m             [33m<[39m[33mView[39m style[33m=[39m{styles[33m.[39mlogoRow}[33m>[39m
[31m[1m>[22m[39m[90m 85 |[39m               [33m<[39m[33mImage[39m source[33m=[39m{require([32m'../assets/images/logowhite.png'[39m)} style[33m=[39m{styles[33m.[39mlogoImage} resizeMode[33m=[39m[32m"contain"[39m [33m/[39m[33m>[39m
 [90m    |[39m                                       [31m[1m^[22m[39m
 [90m 86 |[39m             [33m<[39m[33m/[39m[33mView[39m[33m>[39m
 [90m 87 |[39m             [33m<[39m[33mView[39m style[33m=[39m{{ width[33m:[39m [35m40[39m }} [35m/>{/[39m[33m*[39m [33mSpacer[39m [33m*[39m[33m/[39m}
 [90m 88 |[39m           [33m<[39m[33m/[39m[33mView[39m[33m>[39m[0m

Import stack:

 screens/FoodDonationDetails.tsx
 | import "../assets/images/logowhite.png"

 navigation/AppNavigator.tsx
 | import "../screens/FoodDonationDetails"

 App.tsx
 | import "./navigation/AppNavigator"

 index.ts
 | import "./App"

 
 | import "./index.ts"

 ERROR  [Error: UnableToResolveError Unable to resolve module ../assets/images/logowhite.png from /Users/altheazuleikasadicon/Downloads/SAVR_mobile-main/SAVR_frontend/screens/FoodDonationDetails.tsx: 

None of these files exist:
  * logowhite.png
  * assets/images/logowhite.png
[0m [90m 83 |[39m             [33m<[39m[33m/[39m[33mTouchableOpacity[39m[33m>[39m
 [90m 84 |[39m             [33m<[39m[33mView[39m style[33m=[39m{styles[33m.[39mlogoRow}[33m>[39m
[31m[1m>[22m[39m[90m 85 |[39m               [33m<[39m[33mImage[39m source[33m=[39m{require([32m'../assets/images/logowhite.png'[39m)} style[33m=[39m{styles[33m.[39mlogoImage} resizeMode[33m=[39m[32m"contain"[39m [33m/[39m[33m>[39m
 [90m    |[39m                                       [31m[1m^[22m[39m
 [90m 86 |[39m             [33m<[39m[33m/[39m[33mView[39m[33m>[39m
 [90m 87 |[39m             [33m<[39m[33mView[39m style[33m=[39m{{ width[33m:[39m [35m40[39m }} [35m/>{/[39m[33m*[39m [33mSpacer[39m [33m*[39m[33m/[39m}
 [90m 88 |[39m           [33m<[39m[33m/[39m[33mView[39m[33m>[39m[0m]
Unable to resolve "../assets/images/logowhite.png" from "screens/FoodDonationDetails.tsx"
[0m [90m 83 |[39m             [33m<[39m[33m/[39m[33mTouchableOpacity[39m[33m>[39m
 [90m 84 |[39m             [33m<[39m[33mView[39m style[33m=[39m{styles[33m.[39mlogoRow}[33m>[39m
[31m[1m>[22m[39m[90m 85 |[39m               [33m<[39m[33mImage[39m source[33m=[39m{require([32m'../assets/images/logowhite.png'[39m)} style[33m=[39m{styles[33m.[39mlogoImage} resizeMode[33m=[39m[32m"contain"[39m [33m/[39m[33m>[39m
 [90m    |[39m                                       [31m[1m^[22m[39m
 [90m 86 |[39m             [33m<[39m[33m/[39m[33mView[39m[33m>[39m
 [90m 87 |[39m             [33m<[39m[33mView[39m style[33m=[39m{{ width[33m:[39m [35m40[39m }} [35m/>{/[39m[33m*[39m [33mSpacer[39m [33m*[39m[33m/[39m}
 [90m 88 |[39m           [33m<[39m[33m/[39m[33mView[39m[33m>[39m[0m

Import stack:

 screens/FoodDonationDetails.tsx
 | import "../assets/images/logowhite.png"

 navigation/AppNavigator.tsx
 | import "../screens/FoodDonationDetails"

 App.tsx
 | import "./navigation/AppNavigator"

 index.ts
 | import "./App"

 
 | import "./index.ts"

 ERROR  [Error: UnableToResolveError Unable to resolve module ../assets/images/logowhite.png from /Users/altheazuleikasadicon/Downloads/SAVR_mobile-main/SAVR_frontend/screens/FoodDonationDetails.tsx: 

None of these files exist:
  * logowhite.png
  * assets/images/logowhite.png
[0m [90m 83 |[39m             [33m<[39m[33m/[39m[33mTouchableOpacity[39m[33m>[39m
 [90m 84 |[39m             [33m<[39m[33mView[39m style[33m=[39m{styles[33m.[39mlogoRow}[33m>[39m
[31m[1m>[22m[39m[90m 85 |[39m               [33m<[39m[33mImage[39m source[33m=[39m{require([32m'../assets/images/logowhite.png'[39m)} style[33m=[39m{styles[33m.[39mlogoImage} resizeMode[33m=[39m[32m"contain"[39m [33m/[39m[33m>[39m
 [90m    |[39m                                       [31m[1m^[22m[39m
 [90m 86 |[39m             [33m<[39m[33m/[39m[33mView[39m[33m>[39m
 [90m 87 |[39m             [33m<[39m[33mView[39m style[33m=[39m{{ width[33m:[39m [35m40[39m }} [35m/>{/[39m[33m*[39m [33mSpacer[39m [33m*[39m[33m/[39m}
 [90m 88 |[39m           [33m<[39m[33m/[39m[33mView[39m[33m>[39m[0m]
Unable to resolve "../assets/images/logowhite.png" from "screens/FoodDonationDetails.tsx"
[0m [90m 83 |[39m             [33m<[39m[33m/[39m[33mTouchableOpacity[39m[33m>[39m
 [90m 84 |[39m             [33m<[39m[33mView[39m style[33m=[39m{styles[33m.[39mlogoRow}[33m>[39m
[31m[1m>[22m[39m[90m 85 |[39m               [33m<[39m[33mImage[39m source[33m=[39m{require([32m'../assets/images/logowhite.png'[39m)} style[33m=[39m{styles[33m.[39mlogoImage} resizeMode[33m=[39m[32m"contain"[39m [33m/[39m[33m>[39m
 [90m    |[39m                                       [31m[1m^[22m[39m
 [90m 86 |[39m             [33m<[39m[33m/[39m[33mView[39m[33m>[39m
 [90m 87 |[39m             [33m<[39m[33mView[39m style[33m=[39m{{ width[33m:[39m [35m40[39m }} [35m/>{/[39m[33m*[39m [33mSpacer[39m [33m*[39m[33m/[39m}
 [90m 88 |[39m           [33m<[39m[33m/[39m[33mView[39m[33m>[39m[0m

Import stack:

 screens/FoodDonationDetails.tsx
 | import "../assets/images/logowhite.png"

 navigation/AppNavigator.tsx
 | import "../screens/FoodDonationDetails"

 App.tsx
 | import "./navigation/AppNavigator"

 index.ts
 | import "./App"

 
 | import "./index.ts"

 ERROR  [Error: UnableToResolveError Unable to resolve module ../assets/images/logowhite.png from /Users/altheazuleikasadicon/Downloads/SAVR_mobile-main/SAVR_frontend/screens/FoodDonationDetails.tsx: 

None of these files exist:
  * logowhite.png
  * assets/images/logowhite.png
[0m [90m 83 |[39m             [33m<[39m[33m/[39m[33mTouchableOpacity[39m[33m>[39m
 [90m 84 |[39m             [33m<[39m[33mView[39m style[33m=[39m{styles[33m.[39mlogoRow}[33m>[39m
[31m[1m>[22m[39m[90m 85 |[39m               [33m<[39m[33mImage[39m source[33m=[39m{require([32m'../assets/images/logowhite.png'[39m)} style[33m=[39m{styles[33m.[39mlogoImage} resizeMode[33m=[39m[32m"contain"[39m [33m/[39m[33m>[39m
 [90m    |[39m                                       [31m[1m^[22m[39m
 [90m 86 |[39m             [33m<[39m[33m/[39m[33mView[39m[33m>[39m
 [90m 87 |[39m             [33m<[39m[33mView[39m style[33m=[39m{{ width[33m:[39m [35m40[39m }} [35m/>{/[39m[33m*[39m [33mSpacer[39m [33m*[39m[33m/[39m}
 [90m 88 |[39m           [33m<[39m[33m/[39m[33mView[39m[33m>[39m[0m]
Unable to resolve "../assets/images/logowhite.png" from "screens/FoodDonationDetails.tsx"
[0m [90m 83 |[39m             [33m<[39m[33m/[39m[33mTouchableOpacity[39m[33m>[39m
 [90m 84 |[39m             [33m<[39m[33mView[39m style[33m=[39m{styles[33m.[39mlogoRow}[33m>[39m
[31m[1m>[22m[39m[90m 85 |[39m               [33m<[39m[33mImage[39m source[33m=[39m{require([32m'../assets/images/logowhite.png'[39m)} style[33m=[39m{styles[33m.[39mlogoImage} resizeMode[33m=[39m[32m"contain"[39m [33m/[39m[33m>[39m
 [90m    |[39m                                       [31m[1m^[22m[39m
 [90m 86 |[39m             [33m<[39m[33m/[39m[33mView[39m[33m>[39m
 [90m 87 |[39m             [33m<[39m[33mView[39m style[33m=[39m{{ width[33m:[39m [35m40[39m }} [35m/>{/[39m[33m*[39m [33mSpacer[39m [33m*[39m[33m/[39m}
 [90m 88 |[39m           [33m<[39m[33m/[39m[33mView[39m[33m>[39m[0m

Import stack:

 screens/FoodDonationDetails.tsx
 | import "../assets/images/logowhite.png"

 navigation/AppNavigator.tsx
 | import "../screens/FoodDonationDetails"

 App.tsx
 | import "./navigation/AppNavigator"

 index.ts
 | import "./App"

 
 | import "./index.ts"

 ERROR  [Error: UnableToResolveError Unable to resolve module ../assets/images/logowhite.png from /Users/altheazuleikasadicon/Downloads/SAVR_mobile-main/SAVR_frontend/screens/FoodDonationDetails.tsx: 

None of these files exist:
  * logowhite.png
  * assets/images/logowhite.png
[0m [90m 83 |[39m             [33m<[39m[33m/[39m[33mTouchableOpacity[39m[33m>[39m
 [90m 84 |[39m             [33m<[39m[33mView[39m style[33m=[39m{styles[33m.[39mlogoRow}[33m>[39m
[31m[1m>[22m[39m[90m 85 |[39m               [33m<[39m[33mImage[39m source[33m=[39m{require([32m'../assets/images/logowhite.png'[39m)} style[33m=[39m{styles[33m.[39mlogoImage} resizeMode[33m=[39m[32m"contain"[39m [33m/[39m[33m>[39m
 [90m    |[39m                                       [31m[1m^[22m[39m
 [90m 86 |[39m             [33m<[39m[33m/[39m[33mView[39m[33m>[39m
 [90m 87 |[39m             [33m<[39m[33mView[39m style[33m=[39m{{ width[33m:[39m [35m40[39m }} [35m/>{/[39m[33m*[39m [33mSpacer[39m [33m*[39m[33m/[39m}
 [90m 88 |[39m           [33m<[39m[33m/[39m[33mView[39m[33m>[39m[0m]
Unable to resolve "../assets/images/logowhite.png" from "screens/FoodDonationDetails.tsx"
[0m [90m 83 |[39m             [33m<[39m[33m/[39m[33mTouchableOpacity[39m[33m>[39m
 [90m 84 |[39m             [33m<[39m[33mView[39m style[33m=[39m{styles[33m.[39mlogoRow}[33m>[39m
[31m[1m>[22m[39m[90m 85 |[39m               [33m<[39m[33mImage[39m source[33m=[39m{require([32m'../assets/images/logowhite.png'[39m)} style[33m=[39m{styles[33m.[39mlogoImage} resizeMode[33m=[39m[32m"contain"[39m [33m/[39m[33m>[39m
 [90m    |[39m                                       [31m[1m^[22m[39m
 [90m 86 |[39m             [33m<[39m[33m/[39m[33mView[39m[33m>[39m
 [90m 87 |[39m             [33m<[39m[33mView[39m style[33m=[39m{{ width[33m:[39m [35m40[39m }} [35m/>{/[39m[33m*[39m [33mSpacer[39m [33m*[39m[33m/[39m}
 [90m 88 |[39m           [33m<[39m[33m/[39m[33mView[39m[33m>[39m[0m

Import stack:

 screens/FoodDonationDetails.tsx
 | import "../assets/images/logowhite.png"

 navigation/AppNavigator.tsx
 | import "../screens/FoodDonationDetails"

 App.tsx
 | import "./navigation/AppNavigator"

 index.ts
 | import "./App"

 
 | import "./index.ts"

 ERROR  [Error: UnableToResolveError Unable to resolve module ../assets/images/logowhite.png from /Users/altheazuleikasadicon/Downloads/SAVR_mobile-main/SAVR_frontend/screens/FoodDonationDetails.tsx: 

None of these files exist:
  * logowhite.png
  * assets/images/logowhite.png
[0m [90m 83 |[39m             [33m<[39m[33m/[39m[33mTouchableOpacity[39m[33m>[39m
 [90m 84 |[39m             [33m<[39m[33mView[39m style[33m=[39m{styles[33m.[39mlogoRow}[33m>[39m
[31m[1m>[22m[39m[90m 85 |[39m               [33m<[39m[33mImage[39m source[33m=[39m{require([32m'../assets/images/logowhite.png'[39m)} style[33m=[39m{styles[33m.[39mlogoImage} resizeMode[33m=[39m[32m"contain"[39m [33m/[39m[33m>[39m
 [90m    |[39m                                       [31m[1m^[22m[39m
 [90m 86 |[39m             [33m<[39m[33m/[39m[33mView[39m[33m>[39m
 [90m 87 |[39m             [33m<[39m[33mView[39m style[33m=[39m{{ width[33m:[39m [35m40[39m }} [35m/>{/[39m[33m*[39m [33mSpacer[39m [33m*[39m[33m/[39m}
 [90m 88 |[39m           [33m<[39m[33m/[39m[33mView[39m[33m>[39m[0m]
Unable to resolve "../assets/images/logowhite.png" from "screens/FoodDonationDetails.tsx"
[0m [90m 83 |[39m             [33m<[39m[33m/[39m[33mTouchableOpacity[39m[33m>[39m
 [90m 84 |[39m             [33m<[39m[33mView[39m style[33m=[39m{styles[33m.[39mlogoRow}[33m>[39m
[31m[1m>[22m[39m[90m 85 |[39m               [33m<[39m[33mImage[39m source[33m=[39m{require([32m'../assets/images/logowhite.png'[39m)} style[33m=[39m{styles[33m.[39mlogoImage} resizeMode[33m=[39m[32m"contain"[39m [33m/[39m[33m>[39m
 [90m    |[39m                                       [31m[1m^[22m[39m
 [90m 86 |[39m             [33m<[39m[33m/[39m[33mView[39m[33m>[39m
 [90m 87 |[39m             [33m<[39m[33mView[39m style[33m=[39m{{ width[33m:[39m [35m40[39m }} [35m/>{/[39m[33m*[39m [33mSpacer[39m [33m*[39m[33m/[39m}
 [90m 88 |[39m           [33m<[39m[33m/[39m[33mView[39m[33m>[39m[0m

Import stack:

 screens/FoodDonationDetails.tsx
 | import "../assets/images/logowhite.png"

 navigation/AppNavigator.tsx
 | import "../screens/FoodDonationDetails"

 App.tsx
 | import "./navigation/AppNavigator"

 index.ts
 | import "./App"

 
 | import "./index.ts"

 ERROR  [Error: UnableToResolveError Unable to resolve module ../assets/images/logowhite.png from /Users/altheazuleikasadicon/Downloads/SAVR_mobile-main/SAVR_frontend/screens/FoodDonationDetails.tsx: 

None of these files exist:
  * logowhite.png
  * assets/images/logowhite.png
[0m [90m 83 |[39m             [33m<[39m[33m/[39m[33mTouchableOpacity[39m[33m>[39m
 [90m 84 |[39m             [33m<[39m[33mView[39m style[33m=[39m{styles[33m.[39mlogoRow}[33m>[39m
[31m[1m>[22m[39m[90m 85 |[39m               [33m<[39m[33mImage[39m source[33m=[39m{require([32m'../assets/images/logowhite.png'[39m)} style[33m=[39m{styles[33m.[39mlogoImage} resizeMode[33m=[39m[32m"contain"[39m [33m/[39m[33m>[39m
 [90m    |[39m                                       [31m[1m^[22m[39m
 [90m 86 |[39m             [33m<[39m[33m/[39m[33mView[39m[33m>[39m
 [90m 87 |[39m             [33m<[39m[33mView[39m style[33m=[39m{{ width[33m:[39m [35m40[39m }} [35m/>{/[39m[33m*[39m [33mSpacer[39m [33m*[39m[33m/[39m}
 [90m 88 |[39m           [33m<[39m[33m/[39m[33mView[39m[33m>[39m[0m]
Unable to resolve "../assets/images/logowhite.png" from "screens/FoodDonationDetails.tsx"
[0m [90m 83 |[39m             [33m<[39m[33m/[39m[33mTouchableOpacity[39m[33m>[39m
 [90m 84 |[39m             [33m<[39m[33mView[39m style[33m=[39m{styles[33m.[39mlogoRow}[33m>[39m
[31m[1m>[22m[39m[90m 85 |[39m               [33m<[39m[33mImage[39m source[33m=[39m{require([32m'../assets/images/logowhite.png'[39m)} style[33m=[39m{styles[33m.[39mlogoImage} resizeMode[33m=[39m[32m"contain"[39m [33m/[39m[33m>[39m
 [90m    |[39m                                       [31m[1m^[22m[39m
 [90m 86 |[39m             [33m<[39m[33m/[39m[33mView[39m[33m>[39m
 [90m 87 |[39m             [33m<[39m[33mView[39m style[33m=[39m{{ width[33m:[39m [35m40[39m }} [35m/>{/[39m[33m*[39m [33mSpacer[39m [33m*[39m[33m/[39m}
 [90m 88 |[39m           [33m<[39m[33m/[39m[33mView[39m[33m>[39m[0m

Import stack:

 screens/FoodDonationDetails.tsx
 | import "../assets/images/logowhite.png"

 navigation/AppNavigator.tsx
 | import "../screens/FoodDonationDetails"

 App.tsx
 | import "./navigation/AppNavigator"

 index.ts
 | import "./App"

 
 | import "./index.ts"

 ERROR  [Error: UnableToResolveError Unable to resolve module ../assets/images/logowhite.png from /Users/altheazuleikasadicon/Downloads/SAVR_mobile-main/SAVR_frontend/screens/FoodDonationDetails.tsx: 

None of these files exist:
  * logowhite.png
  * assets/images/logowhite.png
[0m [90m 83 |[39m             [33m<[39m[33m/[39m[33mTouchableOpacity[39m[33m>[39m
 [90m 84 |[39m             [33m<[39m[33mView[39m style[33m=[39m{styles[33m.[39mlogoRow}[33m>[39m
[31m[1m>[22m[39m[90m 85 |[39m               [33m<[39m[33mImage[39m source[33m=[39m{require([32m'../assets/images/logowhite.png'[39m)} style[33m=[39m{styles[33m.[39mlogoImage} resizeMode[33m=[39m[32m"contain"[39m [33m/[39m[33m>[39m
 [90m    |[39m                                       [31m[1m^[22m[39m
 [90m 86 |[39m             [33m<[39m[33m/[39m[33mView[39m[33m>[39m
 [90m 87 |[39m             [33m<[39m[33mView[39m style[33m=[39m{{ width[33m:[39m [35m40[39m }} [35m/>{/[39m[33m*[39m [33mSpacer[39m [33m*[39m[33m/[39m}
 [90m 88 |[39m           [33m<[39m[33m/[39m[33mView[39m[33m>[39m[0m]
 ERROR  Failed to fetch pickups [AxiosError: timeout exceeded]
 ERROR  Failed to fetch pickups [AxiosError: timeout exceeded]
iOS ./index.ts ░░░░░░░░░░░░░░░░  0.0% (0/1)
iOS Bundled 149ms index.ts (1 module)
 WARN  SafeAreaView has been deprecated and will be removed in a future release. Please use 'react-native-safe-area-context' instead. See https://github.com/th3rdwave/react-native-safe-area-context
 ERROR  Failed to fetch pickups [AxiosError: Network Error]
 ERROR  Activities fetch error [AxiosError: Network Error]
 ERROR  Failed to fetch pickups [AxiosError: timeout exceeded]
 ERROR  Failed to fetch pickups [AxiosError: timeout exceeded]
 ERROR  Failed to fetch pickups [AxiosError: Network Error]
 WARN  [expo-image-picker] `ImagePicker.MediaTypeOptions` have been deprecated. Use `ImagePicker.MediaType` or an array of `ImagePicker.MediaType` instead.
 ERROR  Failed to fetch pickups [AxiosError: timeout exceeded]
 WARN  [expo-image-picker] `ImagePicker.MediaTypeOptions` have been deprecated. Use `ImagePicker.MediaType` or an array of `ImagePicker.MediaType` instead.
iOS ./index.ts ░░░░░░░░░░░░░░░░  0.0% (0/1)
iOS Bundled 66ms index.ts (1 module)
 WARN  SafeAreaView has been deprecated and will be removed in a future release. Please use 'react-native-safe-area-context' instead. See https://github.com/th3rdwave/react-native-safe-area-context
 ERROR  Failed to fetch pickups [AxiosError: Network Error]
 ERROR  Failed to fetch pickups [AxiosError: Network Error]
iOS ./index.ts ░░░░░░░░░░░░░░░░  0.0% (0/1)
iOS Bundled 58ms index.ts (1 module)
 WARN  SafeAreaView has been deprecated and will be removed in a future release. Please use 'react-native-safe-area-context' instead. See https://github.com/th3rdwave/react-native-safe-area-context
 ERROR  Failed to load dashboard [AxiosError: Network Error]
iOS ./index.ts ░░░░░░░░░░░░░░░░  0.0% (0/1)
iOS Bundled 64ms index.ts (1 module)
 WARN  SafeAreaView has been deprecated and will be removed in a future release. Please use 'react-native-safe-area-context' instead. See https://github.com/th3rdwave/react-native-safe-area-context
 ERROR  Failed to fetch pickups [AxiosError: timeout exceeded]
 ERROR  Failed to fetch pickups [AxiosError: timeout exceeded]
 ERROR  Failed to fetch pickups [AxiosError: timeout exceeded]
 ERROR  Failed to fetch pickups [AxiosError: timeout exceeded]
Unable to resolve "../assets/images/badges/10donationbadge_communityhero.png" from "screens/AchievementBadges.tsx"
[0m [90m 70 |[39m         status[33m:[39m [32m'Locked'[39m[33m,[39m
 [90m 71 |[39m         statusType[33m:[39m [32m'locked'[39m[33m,[39m
[31m[1m>[22m[39m[90m 72 |[39m         image[33m:[39m require([32m'../assets/images/badges/10donationbadge_communityhero.png'[39m)[33m,[39m
 [90m    |[39m                         [31m[1m^[22m[39m
 [90m 73 |[39m       }[33m,[39m
 [90m 74 |[39m       {
 [90m 75 |[39m         id[33m:[39m [35m5[39m[33m,[39m[0m

Import stack:

 screens/AchievementBadges.tsx
 | import "../assets/images/badges/10donationbadge_communityhero.png"

 navigation/AppNavigator.tsx
 | import "../screens/AchievementBadges"

 App.tsx
 | import "./navigation/AppNavigator"

 index.ts
 | import "./App"

 
 | import "./index.ts"

 ERROR  [Error: UnableToResolveError Unable to resolve module ../assets/images/badges/10donationbadge_communityhero.png from /Users/altheazuleikasadicon/Downloads/SAVR_mobile-main/SAVR_frontend/screens/AchievementBadges.tsx: 

None of these files exist:
  * 10donationbadge_communityhero.png
  * assets/images/badges/10donationbadge_communityhero.png
[0m [90m 70 |[39m         status[33m:[39m [32m'Locked'[39m[33m,[39m
 [90m 71 |[39m         statusType[33m:[39m [32m'locked'[39m[33m,[39m
[31m[1m>[22m[39m[90m 72 |[39m         image[33m:[39m require([32m'../assets/images/badges/10donationbadge_communityhero.png'[39m)[33m,[39m
 [90m    |[39m                         [31m[1m^[22m[39m
 [90m 73 |[39m       }[33m,[39m
 [90m 74 |[39m       {
 [90m 75 |[39m         id[33m:[39m [35m5[39m[33m,[39m[0m]
Unable to resolve "../assets/images/badges/10donationbadge_communityhero.png" from "screens/AchievementBadges.tsx"
[0m [90m 70 |[39m         status[33m:[39m [32m'Locked'[39m[33m,[39m
 [90m 71 |[39m         statusType[33m:[39m [32m'locked'[39m[33m,[39m
[31m[1m>[22m[39m[90m 72 |[39m         image[33m:[39m require([32m'../assets/images/badges/10donationbadge_communityhero.png'[39m)[33m,[39m
 [90m    |[39m                         [31m[1m^[22m[39m
 [90m 73 |[39m       }[33m,[39m
 [90m 74 |[39m       {
 [90m 75 |[39m         id[33m:[39m [35m5[39m[33m,[39m[0m

Import stack:

 screens/AchievementBadges.tsx
 | import "../assets/images/badges/10donationbadge_communityhero.png"

 navigation/AppNavigator.tsx
 | import "../screens/AchievementBadges"

 App.tsx
 | import "./navigation/AppNavigator"

 index.ts
 | import "./App"

 
 | import "./index.ts"

 ERROR  [Error: UnableToResolveError Unable to resolve module ../assets/images/badges/10donationbadge_communityhero.png from /Users/altheazuleikasadicon/Downloads/SAVR_mobile-main/SAVR_frontend/screens/AchievementBadges.tsx: 

None of these files exist:
  * 10donationbadge_communityhero.png
  * assets/images/badges/10donationbadge_communityhero.png
[0m [90m 70 |[39m         status[33m:[39m [32m'Locked'[39m[33m,[39m
 [90m 71 |[39m         statusType[33m:[39m [32m'locked'[39m[33m,[39m
[31m[1m>[22m[39m[90m 72 |[39m         image[33m:[39m require([32m'../assets/images/badges/10donationbadge_communityhero.png'[39m)[33m,[39m
 [90m    |[39m                         [31m[1m^[22m[39m
 [90m 73 |[39m       }[33m,[39m
 [90m 74 |[39m       {
 [90m 75 |[39m         id[33m:[39m [35m5[39m[33m,[39m[0m]
iOS ./index.ts ░░░░░░░░░░░░░░░░  0.0% (0/1)
iOS Bundling failed 21ms index.ts (1 module)
Unable to resolve "../assets/images/badges/10donationbadge_communityhero.png" from "screens/AchievementBadges.tsx"
[0m [90m 70 |[39m         status[33m:[39m [32m'Locked'[39m[33m,[39m
 [90m 71 |[39m         statusType[33m:[39m [32m'locked'[39m[33m,[39m
[31m[1m>[22m[39m[90m 72 |[39m         image[33m:[39m require([32m'../assets/images/badges/10donationbadge_communityhero.png'[39m)[33m,[39m
 [90m    |[39m                         [31m[1m^[22m[39m
 [90m 73 |[39m       }[33m,[39m
 [90m 74 |[39m       {
 [90m 75 |[39m         id[33m:[39m [35m5[39m[33m,[39m[0m

Import stack:

 screens/AchievementBadges.tsx
 | import "../assets/images/badges/10donationbadge_communityhero.png"

 navigation/AppNavigator.tsx
 | import "../screens/AchievementBadges"

 App.tsx
 | import "./navigation/AppNavigator"

 index.ts
 | import "./App"

 
 | import "./index.ts"

iOS ./index.ts ░░░░░░░░░░░░░░░░  0.0% (0/1)
iOS Bundled 302ms index.ts (1 module)
 WARN  SafeAreaView has been deprecated and will be removed in a future release. Please use 'react-native-safe-area-context' instead. See https://github.com/th3rdwave/react-native-safe-area-context
iOS ./index.ts ░░░░░░░░░░░░░░░░  0.0% (0/1)
iOS Bundled 77ms index.ts (1 module)
 WARN  SafeAreaView has been deprecated and will be removed in a future release. Please use 'react-native-safe-area-context' instead. See https://github.com/th3rdwave/react-native-safe-area-context
 ERROR  The action 'NAVIGATE' with payload {"name":"AchievementBadges"} was not handled by any navigator.

Do you have a screen named 'AchievementBadges'?

If you're trying to navigate to a screen in a nested navigator, see https://reactnavigation.org/docs/nesting-navigators#navigating-to-a-screen-in-a-nested-navigator.

If you're using conditional rendering, navigation will happen automatically and you shouldn't navigate manually, see.

This is a development-only warning and won't be shown in production.
 ERROR  The action 'NAVIGATE' with payload {"name":"AchievementBadges"} was not handled by any navigator.

Do you have a screen named 'AchievementBadges'?

If you're trying to navigate to a screen in a nested navigator, see https://reactnavigation.org/docs/nesting-navigators#navigating-to-a-screen-in-a-nested-navigator.

If you're using conditional rendering, navigation will happen automatically and you shouldn't navigate manually, see.

This is a development-only warning and won't be shown in production.
 ERROR  The action 'NAVIGATE' with payload {"name":"AchievementBadges"} was not handled by any navigator.

Do you have a screen named 'AchievementBadges'?

If you're trying to navigate to a screen in a nested navigator, see https://reactnavigation.org/docs/nesting-navigators#navigating-to-a-screen-in-a-nested-navigator.

If you're using conditional rendering, navigation will happen automatically and you shouldn't navigate manually, see.

This is a development-only warning and won't be shown in production.
 ERROR  The action 'NAVIGATE' with payload {"name":"AchievementBadges"} was not handled by any navigator.

Do you have a screen named 'AchievementBadges'?

If you're trying to navigate to a screen in a nested navigator, see https://reactnavigation.org/docs/nesting-navigators#navigating-to-a-screen-in-a-nested-navigator.

If you're using conditional rendering, navigation will happen automatically and you shouldn't navigate manually, see.

This is a development-only warning and won't be shown in production.
 ERROR  The action 'NAVIGATE' with payload {"name":"AchievementBadges"} was not handled by any navigator.

Do you have a screen named 'AchievementBadges'?

If you're trying to navigate to a screen in a nested navigator, see https://reactnavigation.org/docs/nesting-navigators#navigating-to-a-screen-in-a-nested-navigator.

If you're using conditional rendering, navigation will happen automatically and you shouldn't navigate manually, see.

This is a development-only warning and won't be shown in production.
 ERROR  The action 'NAVIGATE' with payload {"name":"AchievementBadges"} was not handled by any navigator.

Do you have a screen named 'AchievementBadges'?

If you're trying to navigate to a screen in a nested navigator, see https://reactnavigation.org/docs/nesting-navigators#navigating-to-a-screen-in-a-nested-navigator.

If you're using conditional rendering, navigation will happen automatically and you shouldn't navigate manually, see.

This is a development-only warning and won't be shown in production.
 ERROR  The action 'NAVIGATE' with payload {"name":"AchievementBadges"} was not handled by any navigator.

Do you have a screen named 'AchievementBadges'?

If you're trying to navigate to a screen in a nested navigator, see https://reactnavigation.org/docs/nesting-navigators#navigating-to-a-screen-in-a-nested-navigator.

If you're using conditional rendering, navigation will happen automatically and you shouldn't navigate manually, see.

This is a development-only warning and won't be shown in production.
 ERROR  The action 'NAVIGATE' with payload {"name":"AchievementBadges"} was not handled by any navigator.

Do you have a screen named 'AchievementBadges'?

If you're trying to navigate to a screen in a nested navigator, see https://reactnavigation.org/docs/nesting-navigators#navigating-to-a-screen-in-a-nested-navigator.

If you're using conditional rendering, navigation will happen automatically and you shouldn't navigate manually, see.

This is a development-only warning and won't be shown in production.
 ERROR  The action 'NAVIGATE' with payload {"name":"AchievementBadges"} was not handled by any navigator.

Do you have a screen named 'AchievementBadges'?

If you're trying to navigate to a screen in a nested navigator, see https://reactnavigation.org/docs/nesting-navigators#navigating-to-a-screen-in-a-nested-navigator.

If you're using conditional rendering, navigation will happen automatically and you shouldn't navigate manually, see.

This is a development-only warning and won't be shown in production.
 ERROR  The action 'NAVIGATE' with payload {"name":"AchievementBadges"} was not handled by any navigator.

Do you have a screen named 'AchievementBadges'?

If you're trying to navigate to a screen in a nested navigator, see https://reactnavigation.org/docs/nesting-navigators#navigating-to-a-screen-in-a-nested-navigator.

If you're using conditional rendering, navigation will happen automatically and you shouldn't navigate manually, see.

This is a development-only warning and won't be shown in production.
 ERROR  The action 'NAVIGATE' with payload {"name":"AchievementBadges"} was not handled by any navigator.

Do you have a screen named 'AchievementBadges'?

If you're trying to navigate to a screen in a nested navigator, see https://reactnavigation.org/docs/nesting-navigators#navigating-to-a-screen-in-a-nested-navigator.

If you're using conditional rendering, navigation will happen automatically and you shouldn't navigate manually, see.

This is a development-only warning and won't be shown in production.
 ERROR  The action 'NAVIGATE' with payload {"name":"AchievementBadges"} was not handled by any navigator.

Do you have a screen named 'AchievementBadges'?

If you're trying to navigate to a screen in a nested navigator, see https://reactnavigation.org/docs/nesting-navigators#navigating-to-a-screen-in-a-nested-navigator.

If you're using conditional rendering, navigation will happen automatically and you shouldn't navigate manually, see.

This is a development-only warning and won't be shown in production.
 ERROR  The action 'NAVIGATE' with payload {"name":"AchievementBadges"} was not handled by any navigator.

Do you have a screen named 'AchievementBadges'?

If you're trying to navigate to a screen in a nested navigator, see https://reactnavigation.org/docs/nesting-navigators#navigating-to-a-screen-in-a-nested-navigator.

If you're using conditional rendering, navigation will happen automatically and you shouldn't navigate manually, see.

This is a development-only warning and won't be shown in production.
 ERROR  The action 'NAVIGATE' with payload {"name":"AchievementBadges"} was not handled by any navigator.

Do you have a screen named 'AchievementBadges'?

If you're trying to navigate to a screen in a nested navigator, see https://reactnavigation.org/docs/nesting-navigators#navigating-to-a-screen-in-a-nested-navigator.

If you're using conditional rendering, navigation will happen automatically and you shouldn't navigate manually, see.

This is a development-only warning and won't be shown in production.
 ERROR  The action 'NAVIGATE' with payload {"name":"AchievementBadges"} was not handled by any navigator.

Do you have a screen named 'AchievementBadges'?

If you're trying to navigate to a screen in a nested navigator, see https://reactnavigation.org/docs/nesting-navigators#navigating-to-a-screen-in-a-nested-navigator.

If you're using conditional rendering, navigation will happen automatically and you shouldn't navigate manually, see.

This is a development-only warning and won't be shown in production.
 ERROR  The action 'NAVIGATE' with payload {"name":"AchievementBadges"} was not handled by any navigator.

Do you have a screen named 'AchievementBadges'?

If you're trying to navigate to a screen in a nested navigator, see https://reactnavigation.org/docs/nesting-navigators#navigating-to-a-screen-in-a-nested-navigator.

If you're using conditional rendering, navigation will happen automatically and you shouldn't navigate manually, see.

This is a development-only warning and won't be shown in production.
 ERROR  The action 'NAVIGATE' with payload {"name":"AchievementBadges"} was not handled by any navigator.

Do you have a screen named 'AchievementBadges'?

If you're trying to navigate to a screen in a nested navigator, see https://reactnavigation.org/docs/nesting-navigators#navigating-to-a-screen-in-a-nested-navigator.

If you're using conditional rendering, navigation will happen automatically and you shouldn't navigate manually, see.

This is a development-only warning and won't be shown in production.
 ERROR  The action 'NAVIGATE' with payload {"name":"AchievementBadges"} was not handled by any navigator.

Do you have a screen named 'AchievementBadges'?

If you're trying to navigate to a screen in a nested navigator, see https://reactnavigation.org/docs/nesting-navigators#navigating-to-a-screen-in-a-nested-navigator.

If you're using conditional rendering, navigation will happen automatically and you shouldn't navigate manually, see.

This is a development-only warning and won't be shown in production.
 ERROR  The action 'NAVIGATE' with payload {"name":"AchievementBadges"} was not handled by any navigator.

Do you have a screen named 'AchievementBadges'?

If you're trying to navigate to a screen in a nested navigator, see https://reactnavigation.org/docs/nesting-navigators#navigating-to-a-screen-in-a-nested-navigator.

If you're using conditional rendering, navigation will happen automatically and you shouldn't navigate manually, see.

This is a development-only warning and won't be shown in production.
 ERROR  The action 'NAVIGATE' with payload {"name":"AchievementBadges"} was not handled by any navigator.

Do you have a screen named 'AchievementBadges'?

If you're trying to navigate to a screen in a nested navigator, see https://reactnavigation.org/docs/nesting-navigators#navigating-to-a-screen-in-a-nested-navigator.

If you're using conditional rendering, navigation will happen automatically and you shouldn't navigate manually, see.

This is a development-only warning and won't be shown in production.
 ERROR  The action 'NAVIGATE' with payload {"name":"AchievementBadges"} was not handled by any navigator.

Do you have a screen named 'AchievementBadges'?

If you're trying to navigate to a screen in a nested navigator, see https://reactnavigation.org/docs/nesting-navigators#navigating-to-a-screen-in-a-nested-navigator.

If you're using conditional rendering, navigation will happen automatically and you shouldn't navigate manually, see.

This is a development-only warning and won't be shown in production.
 ERROR  The action 'NAVIGATE' with payload {"name":"AchievementBadges"} was not handled by any navigator.

Do you have a screen named 'AchievementBadges'?

If you're trying to navigate to a screen in a nested navigator, see https://reactnavigation.org/docs/nesting-navigators#navigating-to-a-screen-in-a-nested-navigator.

If you're using conditional rendering, navigation will happen automatically and you shouldn't navigate manually, see.

This is a development-only warning and won't be shown in production.
 ERROR  The action 'NAVIGATE' with payload {"name":"AchievementBadges"} was not handled by any navigator.

Do you have a screen named 'AchievementBadges'?

If you're trying to navigate to a screen in a nested navigator, see https://reactnavigation.org/docs/nesting-navigators#navigating-to-a-screen-in-a-nested-navigator.

If you're using conditional rendering, navigation will happen automatically and you shouldn't navigate manually, see.

This is a development-only warning and won't be shown in production.
 ERROR  The action 'NAVIGATE' with payload {"name":"AchievementBadges"} was not handled by any navigator.

Do you have a screen named 'AchievementBadges'?

If you're trying to navigate to a screen in a nested navigator, see https://reactnavigation.org/docs/nesting-navigators#navigating-to-a-screen-in-a-nested-navigator.

If you're using conditional rendering, navigation will happen automatically and you shouldn't navigate manually, see.

This is a development-only warning and won't be shown in production.
 ERROR  Activities fetch error [AxiosError: Network Error]
 ERROR  Failed to fetch pickups [AxiosError: Network Error]
 ERROR  Failed to fetch pickups [AxiosError: Network Error]
 ERROR  Failed to fetch pickups [AxiosError: timeout exceeded]
 ERROR  Failed to fetch pickups [AxiosError: timeout exceeded]
 ERROR  Failed to fetch pickups [AxiosError: Network Error]
 ERROR  The action 'NAVIGATE' with payload {"name":"ChooseDonation"} was not handled by any navigator.

Do you have a screen named 'ChooseDonation'?

If you're trying to navigate to a screen in a nested navigator, see https://reactnavigation.org/docs/nesting-navigators#navigating-to-a-screen-in-a-nested-navigator.

If you're using conditional rendering, navigation will happen automatically and you shouldn't navigate manually, see.

This is a development-only warning and won't be shown in production.
 ERROR  The action 'NAVIGATE' with payload {"name":"ChooseDonation"} was not handled by any navigator.

Do you have a screen named 'ChooseDonation'?

If you're trying to navigate to a screen in a nested navigator, see https://reactnavigation.org/docs/nesting-navigators#navigating-to-a-screen-in-a-nested-navigator.

If you're using conditional rendering, navigation will happen automatically and you shouldn't navigate manually, see.

This is a development-only warning and won't be shown in production.
 ERROR  The action 'NAVIGATE' with payload {"name":"ChooseDonation"} was not handled by any navigator.

Do you have a screen named 'ChooseDonation'?

If you're trying to navigate to a screen in a nested navigator, see https://reactnavigation.org/docs/nesting-navigators#navigating-to-a-screen-in-a-nested-navigator.

If you're using conditional rendering, navigation will happen automatically and you shouldn't navigate manually, see.

This is a development-only warning and won't be shown in production.
 ERROR  The action 'NAVIGATE' with payload {"name":"ChooseDonation"} was not handled by any navigator.

Do you have a screen named 'ChooseDonation'?

If you're trying to navigate to a screen in a nested navigator, see https://reactnavigation.org/docs/nesting-navigators#navigating-to-a-screen-in-a-nested-navigator.

If you're using conditional rendering, navigation will happen automatically and you shouldn't navigate manually, see.

This is a development-only warning and won't be shown in production.
 ERROR  The action 'NAVIGATE' with payload {"name":"ChooseDonation"} was not handled by any navigator.

Do you have a screen named 'ChooseDonation'?

If you're trying to navigate to a screen in a nested navigator, see https://reactnavigation.org/docs/nesting-navigators#navigating-to-a-screen-in-a-nested-navigator.

If you're using conditional rendering, navigation will happen automatically and you shouldn't navigate manually, see.

This is a development-only warning and won't be shown in production.
 ERROR  The action 'NAVIGATE' with payload {"name":"ChooseDonation"} was not handled by any navigator.

Do you have a screen named 'ChooseDonation'?

If you're trying to navigate to a screen in a nested navigator, see https://reactnavigation.org/docs/nesting-navigators#navigating-to-a-screen-in-a-nested-navigator.

If you're using conditional rendering, navigation will happen automatically and you shouldn't navigate manually, see.

This is a development-only warning and won't be shown in production.
 ERROR  The action 'NAVIGATE' with payload {"name":"ChooseDonation"} was not handled by any navigator.

Do you have a screen named 'ChooseDonation'?

If you're trying to navigate to a screen in a nested navigator, see https://reactnavigation.org/docs/nesting-navigators#navigating-to-a-screen-in-a-nested-navigator.

If you're using conditional rendering, navigation will happen automatically and you shouldn't navigate manually, see.

This is a development-only warning and won't be shown in production.
iOS ./index.ts ░░░░░░░░░░░░░░░░  0.0% (0/1)
iOS Bundled 75ms index.ts (1 module)
 WARN  SafeAreaView has been deprecated and will be removed in a future release. Please use 'react-native-safe-area-context' instead. See https://github.com/th3rdwave/react-native-safe-area-context
 ERROR  Activities fetch error [AxiosError: Network Error]
 ERROR  Failed to fetch pickups [AxiosError: Network Error]
 ERROR  Failed to fetch pickups [AxiosError: timeout exceeded]
 ERROR  Failed to fetch pickups [AxiosError: timeout exceeded]
iOS ./index.ts ░░░░░░░░░░░░░░░░  0.0% (0/1)
iOS Bundled 37ms index.ts (1 module)
 WARN  SafeAreaView has been deprecated and will be removed in a future release. Please use 'react-native-safe-area-context' instead. See https://github.com/th3rdwave/react-native-safe-area-context
 ERROR  Activities fetch error [AxiosError: Network Error]
 ERROR  Failed to fetch pickups [AxiosError: timeout exceeded]
 ERROR  Failed to fetch pickups [AxiosError: timeout exceeded]
iOS ./index.ts ░░░░░░░░░░░░░░░░  0.0% (0/1)
iOS Bundled 64ms index.ts (1 module)
 WARN  SafeAreaView has been deprecated and will be removed in a future release. Please use 'react-native-safe-area-context' instead. See https://github.com/th3rdwave/react-native-safe-area-context
 ERROR  Activities fetch error [AxiosError: Network Error]
iOS ./index.ts ░░░░░░░░░░░░░░░░  0.0% (0/1)
iOS Bundled 52ms index.ts (1 module)
 WARN  SafeAreaView has been deprecated and will be removed in a future release. Please use 'react-native-safe-area-context' instead. See https://github.com/th3rdwave/react-native-safe-area-context
 ERROR  The action 'NAVIGATE' with payload {"name":"FinancialDonation"} was not handled by any navigator.

Do you have a screen named 'FinancialDonation'?

If you're trying to navigate to a screen in a nested navigator, see https://reactnavigation.org/docs/nesting-navigators#navigating-to-a-screen-in-a-nested-navigator.

If you're using conditional rendering, navigation will happen automatically and you shouldn't navigate manually, see.

This is a development-only warning and won't be shown in production.
 ERROR  Activities fetch error [AxiosError: Network Error]
iOS ./index.ts ░░░░░░░░░░░░░░░░  0.0% (0/1)
iOS Bundled 64ms index.ts (1 module)
 WARN  SafeAreaView has been deprecated and will be removed in a future release. Please use 'react-native-safe-area-context' instead. See https://github.com/th3rdwave/react-native-safe-area-context
 ERROR  Failed to load dashboard [AxiosError: Network Error]
 ERROR  Activities fetch error [AxiosError: Network Error]
 ERROR  Failed to load dashboard [AxiosError: Network Error]
 ERROR  Failed to fetch pickups [AxiosError: timeout exceeded]
 ERROR  Failed to fetch pickups [AxiosError: timeout exceeded]
 ERROR  Failed to load dashboard [AxiosError: timeout exceeded]
iOS ./index.ts ░░░░░░░░░░░░░░░░  0.0% (0/1)
iOS Bundled 66ms index.ts (1 module)
 WARN  SafeAreaView has been deprecated and will be removed in a future release. Please use 'react-native-safe-area-context' instead. See https://github.com/th3rdwave/react-native-safe-area-context
 ERROR  Activities fetch error [AxiosError: Network Error]
 ERROR  Failed to fetch pickups [AxiosError: Network Error]
 ERROR  Failed to fetch pickups [AxiosError: Network Error]
iOS ./index.ts ░░░░░░░░░░░░░░░░  0.0% (0/1)
iOS Bundled 64ms index.ts (1 module)
 WARN  SafeAreaView has been deprecated and will be removed in a future release. Please use 'react-native-safe-area-context' instead. See https://github.com/th3rdwave/react-native-safe-area-context
iOS ./index.ts ░░░░░░░░░░░░░░░░  0.0% (0/1)
iOS Bundled 188ms index.ts (1 module)
 WARN  SafeAreaView has been deprecated and will be removed in a future release. Please use 'react-native-safe-area-context' instead. See https://github.com/th3rdwave/react-native-safe-area-context
iOS ./index.ts ░░░░░░░░░░░░░░░░  0.0% (0/1)
iOS Bundled 61ms index.ts (1 module)
 WARN  SafeAreaView has been deprecated and will be removed in a future release. Please use 'react-native-safe-area-context' instead. See https://github.com/th3rdwave/react-native-safe-area-context
 ERROR  Failed to fetch pickups [AxiosError: Network Error]
 ERROR  Failed to fetch pickups [AxiosError: Network Error]
 ERROR  Activities fetch error [AxiosError: Network Error]
 ERROR  Failed to fetch pickups [AxiosError: timeout exceeded]
 ERROR  Failed to fetch pickups [AxiosError: timeout exceeded]
 ERROR  Failed to fetch pickups [AxiosError: Network Error]
iOS ./index.ts ░░░░░░░░░░░░░░░░  0.0% (0/1)
iOS Bundled 72ms index.ts (1 module)
 WARN  SafeAreaView has been deprecated and will be removed in a future release. Please use 'react-native-safe-area-context' instead. See https://github.com/th3rdwave/react-native-safe-area-context
 ERROR  Failed to fetch pickups [AxiosError: Network Error]
 ERROR  Activities fetch error [AxiosError: timeout exceeded]
 ERROR  Failed to fetch pickups [AxiosError: timeout exceeded]
 ERROR  Failed to fetch pickups [AxiosError: timeout exceeded]
iOS ./index.ts ░░░░░░░░░░░░░░░░  0.0% (0/1)
iOS Bundled 70ms index.ts (1 module)
 WARN  SafeAreaView has been deprecated and will be removed in a future release. Please use 'react-native-safe-area-context' instead. See https://github.com/th3rdwave/react-native-safe-area-context
iOS ./index.ts ░░░░░░░░░░░░░░░░  0.0% (0/1)
iOS Bundled 75ms index.ts (1 module)
 WARN  SafeAreaView has been deprecated and will be removed in a future release. Please use 'react-native-safe-area-context' instead. See https://github.com/th3rdwave/react-native-safe-area-context
iOS ./index.ts ░░░░░░░░░░░░░░░░  0.0% (0/1)
iOS Bundled 51ms index.ts (1 module)
 WARN  SafeAreaView has been deprecated and will be removed in a future release. Please use 'react-native-safe-area-context' instead. See https://github.com/th3rdwave/react-native-safe-area-context
iOS ./index.ts ░░░░░░░░░░░░░░░░  0.0% (0/1)
iOS Bundled 73ms index.ts (1 module)
 WARN  SafeAreaView has been deprecated and will be removed in a future release. Please use 'react-native-safe-area-context' instead. See https://github.com/th3rdwave/react-native-safe-area-context
iOS ./index.ts ░░░░░░░░░░░░░░░░  0.0% (0/1)
iOS Bundled 65ms index.ts (1 module)
 WARN  SafeAreaView has been deprecated and will be removed in a future release. Please use 'react-native-safe-area-context' instead. See https://github.com/th3rdwave/react-native-safe-area-context
iOS ./index.ts ░░░░░░░░░░░░░░░░  0.0% (0/1)
iOS Bundled 70ms index.ts (1 module)
 WARN  SafeAreaView has been deprecated and will be removed in a future release. Please use 'react-native-safe-area-context' instead. See https://github.com/th3rdwave/react-native-safe-area-context
 ERROR  Failed to fetch pickups [AxiosError: Network Error]
 ERROR  Failed to fetch pickups [AxiosError: Network Error]
iOS ./index.ts ░░░░░░░░░░░░░░░░  0.0% (0/1)
iOS Bundled 63ms index.ts (1 module)
 WARN  SafeAreaView has been deprecated and will be removed in a future release. Please use 'react-native-safe-area-context' instead. See https://github.com/th3rdwave/react-native-safe-area-context
iOS ./index.ts ░░░░░░░░░░░░░░░░  0.0% (0/1)
iOS Bundled 65ms index.ts (1 module)
 WARN  SafeAreaView has been deprecated and will be removed in a future release. Please use 'react-native-safe-area-context' instead. See https://github.com/th3rdwave/react-native-safe-area-context
 ERROR  The action 'NAVIGATE' with payload {"name":"ChooseDonation"} was not handled by any navigator.

Do you have a screen named 'ChooseDonation'?

If you're trying to navigate to a screen in a nested navigator, see https://reactnavigation.org/docs/nesting-navigators#navigating-to-a-screen-in-a-nested-navigator.

If you're using conditional rendering, navigation will happen automatically and you shouldn't navigate manually, see.

This is a development-only warning and won't be shown in production.
 ERROR  The action 'NAVIGATE' with payload {"name":"ChooseDonation"} was not handled by any navigator.

Do you have a screen named 'ChooseDonation'?

If you're trying to navigate to a screen in a nested navigator, see https://reactnavigation.org/docs/nesting-navigators#navigating-to-a-screen-in-a-nested-navigator.

If you're using conditional rendering, navigation will happen automatically and you shouldn't navigate manually, see.

This is a development-only warning and won't be shown in production.
 ERROR  Failed to fetch pickups [AxiosError: Network Error]
 ERROR  Failed to fetch pickups [AxiosError: Network Error]
 ERROR  Activities fetch error [AxiosError: timeout exceeded]
 ERROR  Failed to fetch pickups [AxiosError: timeout exceeded]
iOS ./index.ts ░░░░░░░░░░░░░░░░  0.0% (0/1)
iOS Bundled 219ms index.ts (1 module)
 WARN  SafeAreaView has been deprecated and will be removed in a future release. Please use 'react-native-safe-area-context' instead. See https://github.com/th3rdwave/react-native-safe-area-context
 ERROR  Failed to fetch pickups [AxiosError: Network Error]
 ERROR  Failed to fetch pickups [AxiosError: Network Error]
iOS ./index.ts ░░░░░░░░░░░░░░░░  0.0% (0/1)
iOS Bundled 211ms index.ts (1 module)
 WARN  SafeAreaView has been deprecated and will be removed in a future release. Please use 'react-native-safe-area-context' instead. See https://github.com/th3rdwave/react-native-safe-area-context
iOS ./index.ts ░░░░░░░░░░░░░░░░  0.0% (0/1)
iOS Bundled 69ms index.ts (1 module)
 WARN  SafeAreaView has been deprecated and will be removed in a future release. Please use 'react-native-safe-area-context' instead. See https://github.com/th3rdwave/react-native-safe-area-context
 ERROR  Failed to fetch pickups [AxiosError: timeout exceeded]
 ERROR  Failed to fetch pickups [AxiosError: timeout exceeded]
iOS ./index.ts ░░░░░░░░░░░░░░░░  0.0% (0/1)
iOS Bundled 200ms index.ts (1 module)
 WARN  SafeAreaView has been deprecated and will be removed in a future release. Please use 'react-native-safe-area-context' instead. See https://github.com/th3rdwave/react-native-safe-area-context
 ERROR  Failed to fetch pickups [AxiosError: Network Error]
 ERROR  Failed to fetch pickups [AxiosError: Network Error]
iOS ./index.ts ░░░░░░░░░░░░░░░░  0.0% (0/1)
iOS Bundled 67ms index.ts (1 module)
 WARN  SafeAreaView has been deprecated and will be removed in a future release. Please use 'react-native-safe-area-context' instead. See https://github.com/th3rdwave/react-native-safe-area-context
 ERROR  Failed to fetch pickups [AxiosError: timeout exceeded]
 ERROR  Failed to fetch pickups [AxiosError: timeout exceeded]
 WARN  [expo-image-picker] `ImagePicker.MediaTypeOptions` have been deprecated. Use `ImagePicker.MediaType` or an array of `ImagePicker.MediaType` instead.
 WARN  [expo-image-picker] `ImagePicker.MediaTypeOptions` have been deprecated. Use `ImagePicker.MediaType` or an array of `ImagePicker.MediaType` instead.
 ERROR  Failed to fetch pickups [AxiosError: timeout exceeded]
 ERROR  SyntaxError: /Users/altheazuleikasadicon/Downloads/SAVR_mobile-main/SAVR_frontend/screens/FoodDonationDetails.tsx: Unterminated string constant. (402:21)

  400 |     fontSize: 40,
  401 |     fontWeight: '700',
> 402 |     color: '##1E583A'',
      |                      ^
  403 |     letterSpacing: - 0.5,
  404 | },
  405 |
    at constructor (/Users/altheazuleikasadicon/Downloads/SAVR_mobile-main/SAVR_frontend/node_modules/@babel/parser/lib/index.js:365:19)
    at TypeScriptParserMixin.raise (/Users/altheazuleikasadicon/Downloads/SAVR_mobile-main/SAVR_frontend/node_modules/@babel/parser/lib/index.js:6599:19)
    at Object.unterminated (/Users/altheazuleikasadicon/Downloads/SAVR_mobile-main/SAVR_frontend/node_modules/@babel/parser/lib/index.js:5664:20)
    at readStringContents (/Users/altheazuleikasadicon/Downloads/SAVR_mobile-main/SAVR_frontend/node_modules/@babel/parser/lib/index.js:5406:16)
    at TypeScriptParserMixin.readString (/Users/altheazuleikasadicon/Downloads/SAVR_mobile-main/SAVR_frontend/node_modules/@babel/parser/lib/index.js:6498:9)
    at TypeScriptParserMixin.getTokenFromCode (/Users/altheazuleikasadicon/Downloads/SAVR_mobile-main/SAVR_frontend/node_modules/@babel/parser/lib/index.js:6258:14)
    at TypeScriptParserMixin.getTokenFromCode (/Users/altheazuleikasadicon/Downloads/SAVR_mobile-main/SAVR_frontend/node_modules/@babel/parser/lib/index.js:4797:11)
    at TypeScriptParserMixin.getTokenFromCode (/Users/altheazuleikasadicon/Downloads/SAVR_mobile-main/SAVR_frontend/node_modules/@babel/parser/lib/index.js:9987:11)
    at TypeScriptParserMixin.nextToken (/Users/altheazuleikasadicon/Downloads/SAVR_mobile-main/SAVR_frontend/node_modules/@babel/parser/lib/index.js:5782:10)
    at TypeScriptParserMixin.next (/Users/altheazuleikasadicon/Downloads/SAVR_mobile-main/SAVR_frontend/node_modules/@babel/parser/lib/index.js:5692:10)
    at TypeScriptParserMixin.parseLiteralAtNode (/Users/altheazuleikasadicon/Downloads/SAVR_mobile-main/SAVR_frontend/node_modules/@babel/parser/lib/index.js:11604:10)
    at TypeScriptParserMixin.parseLiteral (/Users/altheazuleikasadicon/Downloads/SAVR_mobile-main/SAVR_frontend/node_modules/@babel/parser/lib/index.js:11609:17)
    at TypeScriptParserMixin.parseStringLiteral (/Users/altheazuleikasadicon/Downloads/SAVR_mobile-main/SAVR_frontend/node_modules/@babel/parser/lib/index.js:11612:17)
    at TypeScriptParserMixin.parseExprAtom (/Users/altheazuleikasadicon/Downloads/SAVR_mobile-main/SAVR_frontend/node_modules/@babel/parser/lib/index.js:11321:21)
    at TypeScriptParserMixin.parseExprAtom (/Users/altheazuleikasadicon/Downloads/SAVR_mobile-main/SAVR_frontend/node_modules/@babel/parser/lib/index.js:4764:20)
    at TypeScriptParserMixin.parseExprSubscripts (/Users/altheazuleikasadicon/Downloads/SAVR_mobile-main/SAVR_frontend/node_modules/@babel/parser/lib/index.js:11081:23)
    at TypeScriptParserMixin.parseUpdate (/Users/altheazuleikasadicon/Downloads/SAVR_mobile-main/SAVR_frontend/node_modules/@babel/parser/lib/index.js:11066:21)
    at TypeScriptParserMixin.parseMaybeUnary (/Users/altheazuleikasadicon/Downloads/SAVR_mobile-main/SAVR_frontend/node_modules/@babel/parser/lib/index.js:11046:23)
    at TypeScriptParserMixin.parseMaybeUnary (/Users/altheazuleikasadicon/Downloads/SAVR_mobile-main/SAVR_frontend/node_modules/@babel/parser/lib/index.js:9837:18)
    at TypeScriptParserMixin.parseMaybeUnaryOrPrivate (/Users/altheazuleikasadicon/Downloads/SAVR_mobile-main/SAVR_frontend/node_modules/@babel/parser/lib/index.js:10899:61)
    at TypeScriptParserMixin.parseExprOps (/Users/altheazuleikasadicon/Downloads/SAVR_mobile-main/SAVR_frontend/node_modules/@babel/parser/lib/index.js:10904:23)
    at TypeScriptParserMixin.parseMaybeConditional (/Users/altheazuleikasadicon/Downloads/SAVR_mobile-main/SAVR_frontend/node_modules/@babel/parser/lib/index.js:10881:23)
    at TypeScriptParserMixin.parseMaybeAssign (/Users/altheazuleikasadicon/Downloads/SAVR_mobile-main/SAVR_frontend/node_modules/@babel/parser/lib/index.js:10831:21)
    at TypeScriptParserMixin.parseMaybeAssign (/Users/altheazuleikasadicon/Downloads/SAVR_mobile-main/SAVR_frontend/node_modules/@babel/parser/lib/index.js:9786:20)
    at /Users/altheazuleikasadicon/Downloads/SAVR_mobile-main/SAVR_frontend/node_modules/@babel/parser/lib/index.js:10800:39
    at TypeScriptParserMixin.allowInAnd (/Users/altheazuleikasadicon/Downloads/SAVR_mobile-main/SAVR_frontend/node_modules/@babel/parser/lib/index.js:12426:12)
    at TypeScriptParserMixin.parseMaybeAssignAllowIn (/Users/altheazuleikasadicon/Downloads/SAVR_mobile-main/SAVR_frontend/node_modules/@babel/parser/lib/index.js:10800:17)
    at TypeScriptParserMixin.parseMaybeAssignAllowInOrVoidPattern (/Users/altheazuleikasadicon/Downloads/SAVR_mobile-main/SAVR_frontend/node_modules/@babel/parser/lib/index.js:12493:17)
    at TypeScriptParserMixin.parseObjectProperty (/Users/altheazuleikasadicon/Downloads/SAVR_mobile-main/SAVR_frontend/node_modules/@babel/parser/lib/index.js:11950:83)
    at TypeScriptParserMixin.parseObjPropValue (/Users/altheazuleikasadicon/Downloads/SAVR_mobile-main/SAVR_frontend/node_modules/@babel/parser/lib/index.js:11978:100)
    at TypeScriptParserMixin.parseObjPropValue (/Users/altheazuleikasadicon/Downloads/SAVR_mobile-main/SAVR_frontend/node_modules/@babel/parser/lib/index.js:9744:18)
    at TypeScriptParserMixin.parsePropertyDefinition (/Users/altheazuleikasadicon/Downloads/SAVR_mobile-main/SAVR_frontend/node_modules/@babel/parser/lib/index.js:11915:17)
    at TypeScriptParserMixin.parseObjectLike (/Users/altheazuleikasadicon/Downloads/SAVR_mobile-main/SAVR_frontend/node_modules/@babel/parser/lib/index.js:11832:21)
    at TypeScriptParserMixin.parseExprAtom (/Users/altheazuleikasadicon/Downloads/SAVR_mobile-main/SAVR_frontend/node_modules/@babel/parser/lib/index.js:11339:23)
    at TypeScriptParserMixin.parseExprAtom (/Users/altheazuleikasadicon/Downloads/SAVR_mobile-main/SAVR_frontend/node_modules/@babel/parser/lib/index.js:4764:20)
    at TypeScriptParserMixin.parseExprSubscripts (/Users/altheazuleikasadicon/Downloads/SAVR_mobile-main/SAVR_frontend/node_modules/@babel/parser/lib/index.js:11081:23)
    at TypeScriptParserMixin.parseUpdate (/Users/altheazuleikasadicon/Downloads/SAVR_mobile-main/SAVR_frontend/node_modules/@babel/parser/lib/index.js:11066:21)
    at TypeScriptParserMixin.parseMaybeUnary (/Users/altheazuleikasadicon/Downloads/SAVR_mobile-main/SAVR_frontend/node_modules/@babel/parser/lib/index.js:11046:23)
    at TypeScriptParserMixin.parseMaybeUnary (/Users/altheazuleikasadicon/Downloads/SAVR_mobile-main/SAVR_frontend/node_modules/@babel/parser/lib/index.js:9837:18)
    at TypeScriptParserMixin.parseMaybeUnaryOrPrivate (/Users/altheazuleikasadicon/Downloads/SAVR_mobile-main/SAVR_frontend/node_modules/@babel/parser/lib/index.js:10899:61)
    at TypeScriptParserMixin.parseExprOps (/Users/altheazuleikasadicon/Downloads/SAVR_mobile-main/SAVR_frontend/node_modules/@babel/parser/lib/index.js:10904:23)
    at TypeScriptParserMixin.parseMaybeConditional (/Users/altheazuleikasadicon/Downloads/SAVR_mobile-main/SAVR_frontend/node_modules/@babel/parser/lib/index.js:10881:23)
    at TypeScriptParserMixin.parseMaybeAssign (/Users/altheazuleikasadicon/Downloads/SAVR_mobile-main/SAVR_frontend/node_modules/@babel/parser/lib/index.js:10831:21)
    at TypeScriptParserMixin.parseMaybeAssign (/Users/altheazuleikasadicon/Downloads/SAVR_mobile-main/SAVR_frontend/node_modules/@babel/parser/lib/index.js:9786:20)
    at /Users/altheazuleikasadicon/Downloads/SAVR_mobile-main/SAVR_frontend/node_modules/@babel/parser/lib/index.js:10800:39
    at TypeScriptParserMixin.allowInAnd (/Users/altheazuleikasadicon/Downloads/SAVR_mobile-main/SAVR_frontend/node_modules/@babel/parser/lib/index.js:12426:12)
    at TypeScriptParserMixin.parseMaybeAssignAllowIn (/Users/altheazuleikasadicon/Downloads/SAVR_mobile-main/SAVR_frontend/node_modules/@babel/parser/lib/index.js:10800:17)
    at TypeScriptParserMixin.parseMaybeAssignAllowInOrVoidPattern (/Users/altheazuleikasadicon/Downloads/SAVR_mobile-main/SAVR_frontend/node_modules/@babel/parser/lib/index.js:12493:17)
    at TypeScriptParserMixin.parseObjectProperty (/Users/altheazuleikasadicon/Downloads/SAVR_mobile-main/SAVR_frontend/node_modules/@babel/parser/lib/index.js:11950:83)
    at TypeScriptParserMixin.parseObjPropValue (/Users/altheazuleikasadicon/Downloads/SAVR_mobile-main/SAVR_frontend/node_modules/@babel/parser/lib/index.js:11978:100)
 ERROR  [Error: TransformError SyntaxError: /Users/altheazuleikasadicon/Downloads/SAVR_mobile-main/SAVR_frontend/screens/FoodDonationDetails.tsx: Unterminated string constant. (402:21)

[0m [90m 400 |[39m     fontSize[33m:[39m [35m40[39m[33m,[39m
 [90m 401 |[39m     fontWeight[33m:[39m [32m'700'[39m[33m,[39m
[31m[1m>[22m[39m[90m 402 |[39m     color[33m:[39m [32m'##1E583A'[39m[32m',[39m
 [90m     |[39m                      [31m[1m^[22m[39m
 [90m 403 |[39m     letterSpacing[33m:[39m [33m-[39m [35m0.5[39m[33m,[39m
 [90m 404 |[39m }[33m,[39m
 [90m 405 |[39m[0m]
 ERROR  SyntaxError: /Users/altheazuleikasadicon/Downloads/SAVR_mobile-main/SAVR_frontend/screens/FoodDonationDetails.tsx: Unterminated string constant. (402:21)

  400 |     fontSize: 40,
  401 |     fontWeight: '700',
> 402 |     color: '##1E583A'',
      |                      ^
  403 |     letterSpacing: - 0.5,
  404 | },
  405 |
    at constructor (/Users/altheazuleikasadicon/Downloads/SAVR_mobile-main/SAVR_frontend/node_modules/@babel/parser/lib/index.js:365:19)
    at TypeScriptParserMixin.raise (/Users/altheazuleikasadicon/Downloads/SAVR_mobile-main/SAVR_frontend/node_modules/@babel/parser/lib/index.js:6599:19)
    at Object.unterminated (/Users/altheazuleikasadicon/Downloads/SAVR_mobile-main/SAVR_frontend/node_modules/@babel/parser/lib/index.js:5664:20)
    at readStringContents (/Users/altheazuleikasadicon/Downloads/SAVR_mobile-main/SAVR_frontend/node_modules/@babel/parser/lib/index.js:5406:16)
    at TypeScriptParserMixin.readString (/Users/altheazuleikasadicon/Downloads/SAVR_mobile-main/SAVR_frontend/node_modules/@babel/parser/lib/index.js:6498:9)
    at TypeScriptParserMixin.getTokenFromCode (/Users/altheazuleikasadicon/Downloads/SAVR_mobile-main/SAVR_frontend/node_modules/@babel/parser/lib/index.js:6258:14)
    at TypeScriptParserMixin.getTokenFromCode (/Users/altheazuleikasadicon/Downloads/SAVR_mobile-main/SAVR_frontend/node_modules/@babel/parser/lib/index.js:4797:11)
    at TypeScriptParserMixin.getTokenFromCode (/Users/altheazuleikasadicon/Downloads/SAVR_mobile-main/SAVR_frontend/node_modules/@babel/parser/lib/index.js:9987:11)
    at TypeScriptParserMixin.nextToken (/Users/altheazuleikasadicon/Downloads/SAVR_mobile-main/SAVR_frontend/node_modules/@babel/parser/lib/index.js:5782:10)
    at TypeScriptParserMixin.next (/Users/altheazuleikasadicon/Downloads/SAVR_mobile-main/SAVR_frontend/node_modules/@babel/parser/lib/index.js:5692:10)
    at TypeScriptParserMixin.parseLiteralAtNode (/Users/altheazuleikasadicon/Downloads/SAVR_mobile-main/SAVR_frontend/node_modules/@babel/parser/lib/index.js:11604:10)
    at TypeScriptParserMixin.parseLiteral (/Users/altheazuleikasadicon/Downloads/SAVR_mobile-main/SAVR_frontend/node_modules/@babel/parser/lib/index.js:11609:17)
    at TypeScriptParserMixin.parseStringLiteral (/Users/altheazuleikasadicon/Downloads/SAVR_mobile-main/SAVR_frontend/node_modules/@babel/parser/lib/index.js:11612:17)
    at TypeScriptParserMixin.parseExprAtom (/Users/altheazuleikasadicon/Downloads/SAVR_mobile-main/SAVR_frontend/node_modules/@babel/parser/lib/index.js:11321:21)
    at TypeScriptParserMixin.parseExprAtom (/Users/altheazuleikasadicon/Downloads/SAVR_mobile-main/SAVR_frontend/node_modules/@babel/parser/lib/index.js:4764:20)
    at TypeScriptParserMixin.parseExprSubscripts (/Users/altheazuleikasadicon/Downloads/SAVR_mobile-main/SAVR_frontend/node_modules/@babel/parser/lib/index.js:11081:23)
    at TypeScriptParserMixin.parseUpdate (/Users/altheazuleikasadicon/Downloads/SAVR_mobile-main/SAVR_frontend/node_modules/@babel/parser/lib/index.js:11066:21)
    at TypeScriptParserMixin.parseMaybeUnary (/Users/altheazuleikasadicon/Downloads/SAVR_mobile-main/SAVR_frontend/node_modules/@babel/parser/lib/index.js:11046:23)
    at TypeScriptParserMixin.parseMaybeUnary (/Users/altheazuleikasadicon/Downloads/SAVR_mobile-main/SAVR_frontend/node_modules/@babel/parser/lib/index.js:9837:18)
    at TypeScriptParserMixin.parseMaybeUnaryOrPrivate (/Users/altheazuleikasadicon/Downloads/SAVR_mobile-main/SAVR_frontend/node_modules/@babel/parser/lib/index.js:10899:61)
    at TypeScriptParserMixin.parseExprOps (/Users/altheazuleikasadicon/Downloads/SAVR_mobile-main/SAVR_frontend/node_modules/@babel/parser/lib/index.js:10904:23)
    at TypeScriptParserMixin.parseMaybeConditional (/Users/altheazuleikasadicon/Downloads/SAVR_mobile-main/SAVR_frontend/node_modules/@babel/parser/lib/index.js:10881:23)
    at TypeScriptParserMixin.parseMaybeAssign (/Users/altheazuleikasadicon/Downloads/SAVR_mobile-main/SAVR_frontend/node_modules/@babel/parser/lib/index.js:10831:21)
    at TypeScriptParserMixin.parseMaybeAssign (/Users/altheazuleikasadicon/Downloads/SAVR_mobile-main/SAVR_frontend/node_modules/@babel/parser/lib/index.js:9786:20)
    at /Users/altheazuleikasadicon/Downloads/SAVR_mobile-main/SAVR_frontend/node_modules/@babel/parser/lib/index.js:10800:39
    at TypeScriptParserMixin.allowInAnd (/Users/altheazuleikasadicon/Downloads/SAVR_mobile-main/SAVR_frontend/node_modules/@babel/parser/lib/index.js:12426:12)
    at TypeScriptParserMixin.parseMaybeAssignAllowIn (/Users/altheazuleikasadicon/Downloads/SAVR_mobile-main/SAVR_frontend/node_modules/@babel/parser/lib/index.js:10800:17)
    at TypeScriptParserMixin.parseMaybeAssignAllowInOrVoidPattern (/Users/altheazuleikasadicon/Downloads/SAVR_mobile-main/SAVR_frontend/node_modules/@babel/parser/lib/index.js:12493:17)
    at TypeScriptParserMixin.parseObjectProperty (/Users/altheazuleikasadicon/Downloads/SAVR_mobile-main/SAVR_frontend/node_modules/@babel/parser/lib/index.js:11950:83)
    at TypeScriptParserMixin.parseObjPropValue (/Users/altheazuleikasadicon/Downloads/SAVR_mobile-main/SAVR_frontend/node_modules/@babel/parser/lib/index.js:11978:100)
    at TypeScriptParserMixin.parseObjPropValue (/Users/altheazuleikasadicon/Downloads/SAVR_mobile-main/SAVR_frontend/node_modules/@babel/parser/lib/index.js:9744:18)
    at TypeScriptParserMixin.parsePropertyDefinition (/Users/altheazuleikasadicon/Downloads/SAVR_mobile-main/SAVR_frontend/node_modules/@babel/parser/lib/index.js:11915:17)
    at TypeScriptParserMixin.parseObjectLike (/Users/altheazuleikasadicon/Downloads/SAVR_mobile-main/SAVR_frontend/node_modules/@babel/parser/lib/index.js:11832:21)
    at TypeScriptParserMixin.parseExprAtom (/Users/altheazuleikasadicon/Downloads/SAVR_mobile-main/SAVR_frontend/node_modules/@babel/parser/lib/index.js:11339:23)
    at TypeScriptParserMixin.parseExprAtom (/Users/altheazuleikasadicon/Downloads/SAVR_mobile-main/SAVR_frontend/node_modules/@babel/parser/lib/index.js:4764:20)
    at TypeScriptParserMixin.parseExprSubscripts (/Users/altheazuleikasadicon/Downloads/SAVR_mobile-main/SAVR_frontend/node_modules/@babel/parser/lib/index.js:11081:23)
    at TypeScriptParserMixin.parseUpdate (/Users/altheazuleikasadicon/Downloads/SAVR_mobile-main/SAVR_frontend/node_modules/@babel/parser/lib/index.js:11066:21)
    at TypeScriptParserMixin.parseMaybeUnary (/Users/altheazuleikasadicon/Downloads/SAVR_mobile-main/SAVR_frontend/node_modules/@babel/parser/lib/index.js:11046:23)
    at TypeScriptParserMixin.parseMaybeUnary (/Users/altheazuleikasadicon/Downloads/SAVR_mobile-main/SAVR_frontend/node_modules/@babel/parser/lib/index.js:9837:18)
    at TypeScriptParserMixin.parseMaybeUnaryOrPrivate (/Users/altheazuleikasadicon/Downloads/SAVR_mobile-main/SAVR_frontend/node_modules/@babel/parser/lib/index.js:10899:61)
    at TypeScriptParserMixin.parseExprOps (/Users/altheazuleikasadicon/Downloads/SAVR_mobile-main/SAVR_frontend/node_modules/@babel/parser/lib/index.js:10904:23)
    at TypeScriptParserMixin.parseMaybeConditional (/Users/altheazuleikasadicon/Downloads/SAVR_mobile-main/SAVR_frontend/node_modules/@babel/parser/lib/index.js:10881:23)
    at TypeScriptParserMixin.parseMaybeAssign (/Users/altheazuleikasadicon/Downloads/SAVR_mobile-main/SAVR_frontend/node_modules/@babel/parser/lib/index.js:10831:21)
    at TypeScriptParserMixin.parseMaybeAssign (/Users/altheazuleikasadicon/Downloads/SAVR_mobile-main/SAVR_frontend/node_modules/@babel/parser/lib/index.js:9786:20)
    at /Users/altheazuleikasadicon/Downloads/SAVR_mobile-main/SAVR_frontend/node_modules/@babel/parser/lib/index.js:10800:39
    at TypeScriptParserMixin.allowInAnd (/Users/altheazuleikasadicon/Downloads/SAVR_mobile-main/SAVR_frontend/node_modules/@babel/parser/lib/index.js:12426:12)
    at TypeScriptParserMixin.parseMaybeAssignAllowIn (/Users/altheazuleikasadicon/Downloads/SAVR_mobile-main/SAVR_frontend/node_modules/@babel/parser/lib/index.js:10800:17)
    at TypeScriptParserMixin.parseMaybeAssignAllowInOrVoidPattern (/Users/altheazuleikasadicon/Downloads/SAVR_mobile-main/SAVR_frontend/node_modules/@babel/parser/lib/index.js:12493:17)
    at TypeScriptParserMixin.parseObjectProperty (/Users/altheazuleikasadicon/Downloads/SAVR_mobile-main/SAVR_frontend/node_modules/@babel/parser/lib/index.js:11950:83)
    at TypeScriptParserMixin.parseObjPropValue (/Users/altheazuleikasadicon/Downloads/SAVR_mobile-main/SAVR_frontend/node_modules/@babel/parser/lib/index.js:11978:100)
 ERROR  [Error: TransformError SyntaxError: /Users/altheazuleikasadicon/Downloads/SAVR_mobile-main/SAVR_frontend/screens/FoodDonationDetails.tsx: Unterminated string constant. (402:21)

[0m [90m 400 |[39m     fontSize[33m:[39m [35m40[39m[33m,[39m
 [90m 401 |[39m     fontWeight[33m:[39m [32m'700'[39m[33m,[39m
[31m[1m>[22m[39m[90m 402 |[39m     color[33m:[39m [32m'##1E583A'[39m[32m',[39m
 [90m     |[39m                      [31m[1m^[22m[39m
 [90m 403 |[39m     letterSpacing[33m:[39m [33m-[39m [35m0.5[39m[33m,[39m
 [90m 404 |[39m }[33m,[39m
 [90m 405 |[39m[0m]
iOS ./index.ts ░░░░░░░░░░░░░░░░  0.0% (0/1)
iOS Bundled 62ms index.ts (1 module)
 WARN  SafeAreaView has been deprecated and will be removed in a future release. Please use 'react-native-safe-area-context' instead. See https://github.com/th3rdwave/react-native-safe-area-context
 ERROR  SyntaxError: /Users/altheazuleikasadicon/Downloads/SAVR_mobile-main/SAVR_frontend/screens/FoodDonationPickup.tsx: Unterminated string constant. (322:20)

  320 |     fontSize: 40,
  321 |     fontWeight: '700',
> 322 |     color: '#1E583A'',
      |                     ^
  323 |     letterSpacing: - 0.5,
  324 | },
  325 |
    at constructor (/Users/altheazuleikasadicon/Downloads/SAVR_mobile-main/SAVR_frontend/node_modules/@babel/parser/lib/index.js:365:19)
    at TypeScriptParserMixin.raise (/Users/altheazuleikasadicon/Downloads/SAVR_mobile-main/SAVR_frontend/node_modules/@babel/parser/lib/index.js:6599:19)
    at Object.unterminated (/Users/altheazuleikasadicon/Downloads/SAVR_mobile-main/SAVR_frontend/node_modules/@babel/parser/lib/index.js:5664:20)
    at readStringContents (/Users/altheazuleikasadicon/Downloads/SAVR_mobile-main/SAVR_frontend/node_modules/@babel/parser/lib/index.js:5406:16)
    at TypeScriptParserMixin.readString (/Users/altheazuleikasadicon/Downloads/SAVR_mobile-main/SAVR_frontend/node_modules/@babel/parser/lib/index.js:6498:9)
    at TypeScriptParserMixin.getTokenFromCode (/Users/altheazuleikasadicon/Downloads/SAVR_mobile-main/SAVR_frontend/node_modules/@babel/parser/lib/index.js:6258:14)
    at TypeScriptParserMixin.getTokenFromCode (/Users/altheazuleikasadicon/Downloads/SAVR_mobile-main/SAVR_frontend/node_modules/@babel/parser/lib/index.js:4797:11)
    at TypeScriptParserMixin.getTokenFromCode (/Users/altheazuleikasadicon/Downloads/SAVR_mobile-main/SAVR_frontend/node_modules/@babel/parser/lib/index.js:9987:11)
    at TypeScriptParserMixin.nextToken (/Users/altheazuleikasadicon/Downloads/SAVR_mobile-main/SAVR_frontend/node_modules/@babel/parser/lib/index.js:5782:10)
    at TypeScriptParserMixin.next (/Users/altheazuleikasadicon/Downloads/SAVR_mobile-main/SAVR_frontend/node_modules/@babel/parser/lib/index.js:5692:10)
    at TypeScriptParserMixin.parseLiteralAtNode (/Users/altheazuleikasadicon/Downloads/SAVR_mobile-main/SAVR_frontend/node_modules/@babel/parser/lib/index.js:11604:10)
    at TypeScriptParserMixin.parseLiteral (/Users/altheazuleikasadicon/Downloads/SAVR_mobile-main/SAVR_frontend/node_modules/@babel/parser/lib/index.js:11609:17)
    at TypeScriptParserMixin.parseStringLiteral (/Users/altheazuleikasadicon/Downloads/SAVR_mobile-main/SAVR_frontend/node_modules/@babel/parser/lib/index.js:11612:17)
    at TypeScriptParserMixin.parseExprAtom (/Users/altheazuleikasadicon/Downloads/SAVR_mobile-main/SAVR_frontend/node_modules/@babel/parser/lib/index.js:11321:21)
    at TypeScriptParserMixin.parseExprAtom (/Users/altheazuleikasadicon/Downloads/SAVR_mobile-main/SAVR_frontend/node_modules/@babel/parser/lib/index.js:4764:20)
    at TypeScriptParserMixin.parseExprSubscripts (/Users/altheazuleikasadicon/Downloads/SAVR_mobile-main/SAVR_frontend/node_modules/@babel/parser/lib/index.js:11081:23)
    at TypeScriptParserMixin.parseUpdate (/Users/altheazuleikasadicon/Downloads/SAVR_mobile-main/SAVR_frontend/node_modules/@babel/parser/lib/index.js:11066:21)
    at TypeScriptParserMixin.parseMaybeUnary (/Users/altheazuleikasadicon/Downloads/SAVR_mobile-main/SAVR_frontend/node_modules/@babel/parser/lib/index.js:11046:23)
    at TypeScriptParserMixin.parseMaybeUnary (/Users/altheazuleikasadicon/Downloads/SAVR_mobile-main/SAVR_frontend/node_modules/@babel/parser/lib/index.js:9837:18)
    at TypeScriptParserMixin.parseMaybeUnaryOrPrivate (/Users/altheazuleikasadicon/Downloads/SAVR_mobile-main/SAVR_frontend/node_modules/@babel/parser/lib/index.js:10899:61)
    at TypeScriptParserMixin.parseExprOps (/Users/altheazuleikasadicon/Downloads/SAVR_mobile-main/SAVR_frontend/node_modules/@babel/parser/lib/index.js:10904:23)
    at TypeScriptParserMixin.parseMaybeConditional (/Users/altheazuleikasadicon/Downloads/SAVR_mobile-main/SAVR_frontend/node_modules/@babel/parser/lib/index.js:10881:23)
    at TypeScriptParserMixin.parseMaybeAssign (/Users/altheazuleikasadicon/Downloads/SAVR_mobile-main/SAVR_frontend/node_modules/@babel/parser/lib/index.js:10831:21)
    at TypeScriptParserMixin.parseMaybeAssign (/Users/altheazuleikasadicon/Downloads/SAVR_mobile-main/SAVR_frontend/node_modules/@babel/parser/lib/index.js:9786:20)
    at /Users/altheazuleikasadicon/Downloads/SAVR_mobile-main/SAVR_frontend/node_modules/@babel/parser/lib/index.js:10800:39
    at TypeScriptParserMixin.allowInAnd (/Users/altheazuleikasadicon/Downloads/SAVR_mobile-main/SAVR_frontend/node_modules/@babel/parser/lib/index.js:12426:12)
    at TypeScriptParserMixin.parseMaybeAssignAllowIn (/Users/altheazuleikasadicon/Downloads/SAVR_mobile-main/SAVR_frontend/node_modules/@babel/parser/lib/index.js:10800:17)
    at TypeScriptParserMixin.parseMaybeAssignAllowInOrVoidPattern (/Users/altheazuleikasadicon/Downloads/SAVR_mobile-main/SAVR_frontend/node_modules/@babel/parser/lib/index.js:12493:17)
    at TypeScriptParserMixin.parseObjectProperty (/Users/altheazuleikasadicon/Downloads/SAVR_mobile-main/SAVR_frontend/node_modules/@babel/parser/lib/index.js:11950:83)
    at TypeScriptParserMixin.parseObjPropValue (/Users/altheazuleikasadicon/Downloads/SAVR_mobile-main/SAVR_frontend/node_modules/@babel/parser/lib/index.js:11978:100)
    at TypeScriptParserMixin.parseObjPropValue (/Users/altheazuleikasadicon/Downloads/SAVR_mobile-main/SAVR_frontend/node_modules/@babel/parser/lib/index.js:9744:18)
    at TypeScriptParserMixin.parsePropertyDefinition (/Users/altheazuleikasadicon/Downloads/SAVR_mobile-main/SAVR_frontend/node_modules/@babel/parser/lib/index.js:11915:17)
    at TypeScriptParserMixin.parseObjectLike (/Users/altheazuleikasadicon/Downloads/SAVR_mobile-main/SAVR_frontend/node_modules/@babel/parser/lib/index.js:11832:21)
    at TypeScriptParserMixin.parseExprAtom (/Users/altheazuleikasadicon/Downloads/SAVR_mobile-main/SAVR_frontend/node_modules/@babel/parser/lib/index.js:11339:23)
    at TypeScriptParserMixin.parseExprAtom (/Users/altheazuleikasadicon/Downloads/SAVR_mobile-main/SAVR_frontend/node_modules/@babel/parser/lib/index.js:4764:20)
    at TypeScriptParserMixin.parseExprSubscripts (/Users/altheazuleikasadicon/Downloads/SAVR_mobile-main/SAVR_frontend/node_modules/@babel/parser/lib/index.js:11081:23)
    at TypeScriptParserMixin.parseUpdate (/Users/altheazuleikasadicon/Downloads/SAVR_mobile-main/SAVR_frontend/node_modules/@babel/parser/lib/index.js:11066:21)
    at TypeScriptParserMixin.parseMaybeUnary (/Users/altheazuleikasadicon/Downloads/SAVR_mobile-main/SAVR_frontend/node_modules/@babel/parser/lib/index.js:11046:23)
    at TypeScriptParserMixin.parseMaybeUnary (/Users/altheazuleikasadicon/Downloads/SAVR_mobile-main/SAVR_frontend/node_modules/@babel/parser/lib/index.js:9837:18)
    at TypeScriptParserMixin.parseMaybeUnaryOrPrivate (/Users/altheazuleikasadicon/Downloads/SAVR_mobile-main/SAVR_frontend/node_modules/@babel/parser/lib/index.js:10899:61)
    at TypeScriptParserMixin.parseExprOps (/Users/altheazuleikasadicon/Downloads/SAVR_mobile-main/SAVR_frontend/node_modules/@babel/parser/lib/index.js:10904:23)
    at TypeScriptParserMixin.parseMaybeConditional (/Users/altheazuleikasadicon/Downloads/SAVR_mobile-main/SAVR_frontend/node_modules/@babel/parser/lib/index.js:10881:23)
    at TypeScriptParserMixin.parseMaybeAssign (/Users/altheazuleikasadicon/Downloads/SAVR_mobile-main/SAVR_frontend/node_modules/@babel/parser/lib/index.js:10831:21)
    at TypeScriptParserMixin.parseMaybeAssign (/Users/altheazuleikasadicon/Downloads/SAVR_mobile-main/SAVR_frontend/node_modules/@babel/parser/lib/index.js:9786:20)
    at /Users/altheazuleikasadicon/Downloads/SAVR_mobile-main/SAVR_frontend/node_modules/@babel/parser/lib/index.js:10800:39
    at TypeScriptParserMixin.allowInAnd (/Users/altheazuleikasadicon/Downloads/SAVR_mobile-main/SAVR_frontend/node_modules/@babel/parser/lib/index.js:12426:12)
    at TypeScriptParserMixin.parseMaybeAssignAllowIn (/Users/altheazuleikasadicon/Downloads/SAVR_mobile-main/SAVR_frontend/node_modules/@babel/parser/lib/index.js:10800:17)
    at TypeScriptParserMixin.parseMaybeAssignAllowInOrVoidPattern (/Users/altheazuleikasadicon/Downloads/SAVR_mobile-main/SAVR_frontend/node_modules/@babel/parser/lib/index.js:12493:17)
    at TypeScriptParserMixin.parseObjectProperty (/Users/altheazuleikasadicon/Downloads/SAVR_mobile-main/SAVR_frontend/node_modules/@babel/parser/lib/index.js:11950:83)
    at TypeScriptParserMixin.parseObjPropValue (/Users/altheazuleikasadicon/Downloads/SAVR_mobile-main/SAVR_frontend/node_modules/@babel/parser/lib/index.js:11978:100)
 ERROR  [Error: TransformError SyntaxError: /Users/altheazuleikasadicon/Downloads/SAVR_mobile-main/SAVR_frontend/screens/FoodDonationPickup.tsx: Unterminated string constant. (322:20)

[0m [90m 320 |[39m     fontSize[33m:[39m [35m40[39m[33m,[39m
 [90m 321 |[39m     fontWeight[33m:[39m [32m'700'[39m[33m,[39m
[31m[1m>[22m[39m[90m 322 |[39m     color[33m:[39m [32m'#1E583A'[39m[32m',[39m
 [90m     |[39m                     [31m[1m^[22m[39m
 [90m 323 |[39m     letterSpacing[33m:[39m [33m-[39m [35m0.5[39m[33m,[39m
 [90m 324 |[39m }[33m,[39m
 [90m 325 |[39m[0m]
 ERROR  Failed to fetch pickups [AxiosError: timeout exceeded]
 ERROR  Failed to fetch pickups [AxiosError: timeout exceeded]
 ERROR  Activities fetch error [AxiosError: Network Error]
 ERROR  Failed to fetch pickups [AxiosError: Network Error]
 ERROR  Failed to fetch pickups [AxiosError: Network Error]
 ERROR  Failed to fetch pickups [AxiosError: timeout exceeded]
 ERROR  Failed to fetch pickups [AxiosError: Network Error]
 ERROR  Failed to fetch pickups [AxiosError: timeout exceeded]
 ERROR  Failed to fetch pickups [AxiosError: Network Error]
 ERROR  Failed to fetch pickups [AxiosError: timeout exceeded]
 ERROR  Failed to fetch pickups [AxiosError: timeout exceeded]
 ERROR  Failed to fetch pickups [AxiosError: timeout exceeded]
 ERROR  Failed to fetch pickups [AxiosError: Network Error]
iOS ./index.ts ░░░░░░░░░░░░░░░░  0.0% (0/1)
iOS Bundled 61ms index.ts (1 module)
 WARN  SafeAreaView has been deprecated and will be removed in a future release. Please use 'react-native-safe-area-context' instead. See https://github.com/th3rdwave/react-native-safe-area-context
 ERROR  Failed to fetch pickups [AxiosError: Network Error]
 ERROR  Failed to fetch pickups [AxiosError: Network Error]
 ERROR  Failed to fetch pickups [AxiosError: timeout exceeded]
 ERROR  Failed to fetch pickups [AxiosError: timeout exceeded]
 ERROR  Failed to fetch pickups [AxiosError: timeout exceeded]
 ERROR  Failed to fetch pickups [AxiosError: timeout exceeded]
 ERROR  Failed to fetch pickups [AxiosError: Network Error]
 ERROR  Failed to fetch pickups [AxiosError: Network Error]
 ERROR  Failed to fetch pickups [AxiosError: timeout exceeded]
 ERROR  Activities fetch error [AxiosError: Network Error]
 ERROR  Failed to fetch pickups [AxiosError: Network Error]
 ERROR  Failed to fetch pickups [AxiosError: timeout exceeded]
 ERROR  Failed to fetch pickups [AxiosError: timeout exceeded]
 ERROR  Failed to fetch pickups [AxiosError: timeout exceeded]
 ERROR  Failed to fetch pickups [AxiosError: timeout exceeded]
 ERROR  Activities fetch error [AxiosError: timeout exceeded]
 ERROR  Failed to fetch pickups [AxiosError: Network Error]
 ERROR  The action 'NAVIGATE' with payload {"name":"FinancialDonation"} was not handled by any navigator.

Do you have a screen named 'FinancialDonation'?

If you're trying to navigate to a screen in a nested navigator, see https://reactnavigation.org/docs/nesting-navigators#navigating-to-a-screen-in-a-nested-navigator.

If you're using conditional rendering, navigation will happen automatically and you shouldn't navigate manually, see.

This is a development-only warning and won't be shown in production.
 ERROR  Failed to fetch pickups [AxiosError: Network Error]
 ERROR  Failed to fetch pickups [AxiosError: Network Error]
 ERROR  Failed to fetch pickups [AxiosError: timeout exceeded]
 ERROR  Failed to fetch pickups [AxiosError: timeout exceeded]
 ERROR  Profile fetch error [AxiosError: Network Error]
 ERROR  Failed to fetch pickups [AxiosError: Network Error]
 ERROR  Profile fetch error [AxiosError: timeout exceeded]
iOS ./index.ts ░░░░░░░░░░░░░░░░  0.0% (0/1)
iOS Bundled 39ms index.ts (1 module)
 WARN  SafeAreaView has been deprecated and will be removed in a future release. Please use 'react-native-safe-area-context' instead. See https://github.com/th3rdwave/react-native-safe-area-context
 ERROR  Failed to fetch pickups [AxiosError: Network Error]
 ERROR  Failed to fetch pickups [AxiosError: Network Error]
 ERROR  Failed to fetch pickups [AxiosError: Network Error]
 ERROR  Failed to fetch pickups [AxiosError: Network Error]
 ERROR  Failed to fetch pickups [AxiosError: timeout exceeded]
 ERROR  Failed to fetch pickups [AxiosError: timeout exceeded]
 ERROR  Failed to fetch pickups [AxiosError: Network Error]
 ERROR  Failed to fetch pickups [AxiosError: timeout exceeded]
 ERROR  Failed to fetch pickups [AxiosError: timeout exceeded]
iOS ./index.ts ░░░░░░░░░░░░░░░░  0.0% (0/1)
iOS Bundled 67ms index.ts (1 module)
 WARN  SafeAreaView has been deprecated and will be removed in a future release. Please use 'react-native-safe-area-context' instead. See https://github.com/th3rdwave/react-native-safe-area-context
 ERROR  The action 'GO_BACK' was not handled by any navigator.

Is there any screen to go back to?

This is a development-only warning and won't be shown in production.
 ERROR  The action 'GO_BACK' was not handled by any navigator.

Is there any screen to go back to?

This is a development-only warning and won't be shown in production.
 ERROR  The action 'GO_BACK' was not handled by any navigator.

Is there any screen to go back to?

This is a development-only warning and won't be shown in production.
iOS ./index.ts ░░░░░░░░░░░░░░░░  0.0% (0/1)
iOS Bundled 56ms index.ts (1 module)
 WARN  SafeAreaView has been deprecated and will be removed in a future release. Please use 'react-native-safe-area-context' instead. See https://github.com/th3rdwave/react-native-safe-area-context
 ERROR  The action 'GO_BACK' was not handled by any navigator.

Is there any screen to go back to?

This is a development-only warning and won't be shown in production.
 ERROR  The action 'GO_BACK' was not handled by any navigator.

Is there any screen to go back to?

This is a development-only warning and won't be shown in production.
iOS ./index.ts ░░░░░░░░░░░░░░░░  0.0% (0/1)
iOS Bundled 71ms index.ts (1 module)
 WARN  SafeAreaView has been deprecated and will be removed in a future release. Please use 'react-native-safe-area-context' instead. See https://github.com/th3rdwave/react-native-safe-area-context
iOS ./index.ts ░░░░░░░░░░░░░░░░  0.0% (0/1)
iOS Bundled 64ms index.ts (1 module)
 WARN  SafeAreaView has been deprecated and will be removed in a future release. Please use 'react-native-safe-area-context' instead. See https://github.com/th3rdwave/react-native-safe-area-context
 ERROR  SyntaxError: /Users/altheazuleikasadicon/Downloads/SAVR_mobile-main/SAVR_frontend/screens/BeneficiaryDashboard.tsx: Unexpected keyword 'const'. (51:2)

  49 |       }),
  50 |       Animated.spring(sheetTranslateAnim, {
> 51 |   const [email, setEmail] = useState('');
     |   ^
  52 |   const [password, setPassword] = useState('');
  53 |   const [showPassword, setShowPassword] = useState(false);
  54 |   const [isLoading, setIsLoading] = useState(false);
    at constructor (/Users/altheazuleikasadicon/Downloads/SAVR_mobile-main/SAVR_frontend/node_modules/@babel/parser/lib/index.js:365:19)
    at TypeScriptParserMixin.raise (/Users/altheazuleikasadicon/Downloads/SAVR_mobile-main/SAVR_frontend/node_modules/@babel/parser/lib/index.js:6599:19)
    at TypeScriptParserMixin.checkReservedWord (/Users/altheazuleikasadicon/Downloads/SAVR_mobile-main/SAVR_frontend/node_modules/@babel/parser/lib/index.js:12224:12)
    at TypeScriptParserMixin.checkReservedWord (/Users/altheazuleikasadicon/Downloads/SAVR_mobile-main/SAVR_frontend/node_modules/@babel/parser/lib/index.js:9310:13)
    at TypeScriptParserMixin.parseObjectProperty (/Users/altheazuleikasadicon/Downloads/SAVR_mobile-main/SAVR_frontend/node_modules/@babel/parser/lib/index.js:11954:12)
    at TypeScriptParserMixin.parseObjPropValue (/Users/altheazuleikasadicon/Downloads/SAVR_mobile-main/SAVR_frontend/node_modules/@babel/parser/lib/index.js:11978:100)
    at TypeScriptParserMixin.parseObjPropValue (/Users/altheazuleikasadicon/Downloads/SAVR_mobile-main/SAVR_frontend/node_modules/@babel/parser/lib/index.js:9744:18)
    at TypeScriptParserMixin.parsePropertyDefinition (/Users/altheazuleikasadicon/Downloads/SAVR_mobile-main/SAVR_frontend/node_modules/@babel/parser/lib/index.js:11915:17)
    at TypeScriptParserMixin.parseObjectLike (/Users/altheazuleikasadicon/Downloads/SAVR_mobile-main/SAVR_frontend/node_modules/@babel/parser/lib/index.js:11832:21)
    at TypeScriptParserMixin.parseExprAtom (/Users/altheazuleikasadicon/Downloads/SAVR_mobile-main/SAVR_frontend/node_modules/@babel/parser/lib/index.js:11339:23)
    at TypeScriptParserMixin.parseExprAtom (/Users/altheazuleikasadicon/Downloads/SAVR_mobile-main/SAVR_frontend/node_modules/@babel/parser/lib/index.js:4764:20)
    at TypeScriptParserMixin.parseExprSubscripts (/Users/altheazuleikasadicon/Downloads/SAVR_mobile-main/SAVR_frontend/node_modules/@babel/parser/lib/index.js:11081:23)
    at TypeScriptParserMixin.parseUpdate (/Users/altheazuleikasadicon/Downloads/SAVR_mobile-main/SAVR_frontend/node_modules/@babel/parser/lib/index.js:11066:21)
    at TypeScriptParserMixin.parseMaybeUnary (/Users/altheazuleikasadicon/Downloads/SAVR_mobile-main/SAVR_frontend/node_modules/@babel/parser/lib/index.js:11046:23)
    at TypeScriptParserMixin.parseMaybeUnary (/Users/altheazuleikasadicon/Downloads/SAVR_mobile-main/SAVR_frontend/node_modules/@babel/parser/lib/index.js:9837:18)
    at TypeScriptParserMixin.parseMaybeUnaryOrPrivate (/Users/altheazuleikasadicon/Downloads/SAVR_mobile-main/SAVR_frontend/node_modules/@babel/parser/lib/index.js:10899:61)
    at TypeScriptParserMixin.parseExprOps (/Users/altheazuleikasadicon/Downloads/SAVR_mobile-main/SAVR_frontend/node_modules/@babel/parser/lib/index.js:10904:23)
    at TypeScriptParserMixin.parseMaybeConditional (/Users/altheazuleikasadicon/Downloads/SAVR_mobile-main/SAVR_frontend/node_modules/@babel/parser/lib/index.js:10881:23)
    at TypeScriptParserMixin.parseMaybeAssign (/Users/altheazuleikasadicon/Downloads/SAVR_mobile-main/SAVR_frontend/node_modules/@babel/parser/lib/index.js:10831:21)
    at TypeScriptParserMixin.parseMaybeAssign (/Users/altheazuleikasadicon/Downloads/SAVR_mobile-main/SAVR_frontend/node_modules/@babel/parser/lib/index.js:9786:20)
    at /Users/altheazuleikasadicon/Downloads/SAVR_mobile-main/SAVR_frontend/node_modules/@babel/parser/lib/index.js:10800:39
    at TypeScriptParserMixin.allowInAnd (/Users/altheazuleikasadicon/Downloads/SAVR_mobile-main/SAVR_frontend/node_modules/@babel/parser/lib/index.js:12426:12)
    at TypeScriptParserMixin.parseMaybeAssignAllowIn (/Users/altheazuleikasadicon/Downloads/SAVR_mobile-main/SAVR_frontend/node_modules/@babel/parser/lib/index.js:10800:17)
    at TypeScriptParserMixin.parseMaybeAssignAllowInOrVoidPattern (/Users/altheazuleikasadicon/Downloads/SAVR_mobile-main/SAVR_frontend/node_modules/@babel/parser/lib/index.js:12493:17)
    at TypeScriptParserMixin.parseExprListItem (/Users/altheazuleikasadicon/Downloads/SAVR_mobile-main/SAVR_frontend/node_modules/@babel/parser/lib/index.js:12175:18)
    at TypeScriptParserMixin.parseCallExpressionArguments (/Users/altheazuleikasadicon/Downloads/SAVR_mobile-main/SAVR_frontend/node_modules/@babel/parser/lib/index.js:11252:22)
    at TypeScriptParserMixin.parseCoverCallAndAsyncArrowHead (/Users/altheazuleikasadicon/Downloads/SAVR_mobile-main/SAVR_frontend/node_modules/@babel/parser/lib/index.js:11186:29)
    at TypeScriptParserMixin.parseSubscript (/Users/altheazuleikasadicon/Downloads/SAVR_mobile-main/SAVR_frontend/node_modules/@babel/parser/lib/index.js:11120:19)
    at TypeScriptParserMixin.parseSubscript (/Users/altheazuleikasadicon/Downloads/SAVR_mobile-main/SAVR_frontend/node_modules/@babel/parser/lib/index.js:9272:18)
    at TypeScriptParserMixin.parseSubscripts (/Users/altheazuleikasadicon/Downloads/SAVR_mobile-main/SAVR_frontend/node_modules/@babel/parser/lib/index.js:11094:19)
    at TypeScriptParserMixin.parseExprSubscripts (/Users/altheazuleikasadicon/Downloads/SAVR_mobile-main/SAVR_frontend/node_modules/@babel/parser/lib/index.js:11085:17)
    at TypeScriptParserMixin.parseUpdate (/Users/altheazuleikasadicon/Downloads/SAVR_mobile-main/SAVR_frontend/node_modules/@babel/parser/lib/index.js:11066:21)
    at TypeScriptParserMixin.parseMaybeUnary (/Users/altheazuleikasadicon/Downloads/SAVR_mobile-main/SAVR_frontend/node_modules/@babel/parser/lib/index.js:11046:23)
    at TypeScriptParserMixin.parseMaybeUnary (/Users/altheazuleikasadicon/Downloads/SAVR_mobile-main/SAVR_frontend/node_modules/@babel/parser/lib/index.js:9837:18)
    at TypeScriptParserMixin.parseMaybeUnaryOrPrivate (/Users/altheazuleikasadicon/Downloads/SAVR_mobile-main/SAVR_frontend/node_modules/@babel/parser/lib/index.js:10899:61)
    at TypeScriptParserMixin.parseExprOps (/Users/altheazuleikasadicon/Downloads/SAVR_mobile-main/SAVR_frontend/node_modules/@babel/parser/lib/index.js:10904:23)
    at TypeScriptParserMixin.parseMaybeConditional (/Users/altheazuleikasadicon/Downloads/SAVR_mobile-main/SAVR_frontend/node_modules/@babel/parser/lib/index.js:10881:23)
    at TypeScriptParserMixin.parseMaybeAssign (/Users/altheazuleikasadicon/Downloads/SAVR_mobile-main/SAVR_frontend/node_modules/@babel/parser/lib/index.js:10831:21)
    at TypeScriptParserMixin.parseMaybeAssign (/Users/altheazuleikasadicon/Downloads/SAVR_mobile-main/SAVR_frontend/node_modules/@babel/parser/lib/index.js:9786:20)
    at /Users/altheazuleikasadicon/Downloads/SAVR_mobile-main/SAVR_frontend/node_modules/@babel/parser/lib/index.js:10800:39
    at TypeScriptParserMixin.allowInAnd (/Users/altheazuleikasadicon/Downloads/SAVR_mobile-main/SAVR_frontend/node_modules/@babel/parser/lib/index.js:12426:12)
    at TypeScriptParserMixin.parseMaybeAssignAllowIn (/Users/altheazuleikasadicon/Downloads/SAVR_mobile-main/SAVR_frontend/node_modules/@babel/parser/lib/index.js:10800:17)
    at TypeScriptParserMixin.parseMaybeAssignAllowInOrVoidPattern (/Users/altheazuleikasadicon/Downloads/SAVR_mobile-main/SAVR_frontend/node_modules/@babel/parser/lib/index.js:12493:17)
    at TypeScriptParserMixin.parseExprListItem (/Users/altheazuleikasadicon/Downloads/SAVR_mobile-main/SAVR_frontend/node_modules/@babel/parser/lib/index.js:12175:18)
    at TypeScriptParserMixin.parseExprList (/Users/altheazuleikasadicon/Downloads/SAVR_mobile-main/SAVR_frontend/node_modules/@babel/parser/lib/index.js:12150:22)
    at TypeScriptParserMixin.parseArrayLike (/Users/altheazuleikasadicon/Downloads/SAVR_mobile-main/SAVR_frontend/node_modules/@babel/parser/lib/index.js:12057:26)
    at TypeScriptParserMixin.parseArrayLike (/Users/altheazuleikasadicon/Downloads/SAVR_mobile-main/SAVR_frontend/node_modules/@babel/parser/lib/index.js:9193:24)
    at TypeScriptParserMixin.parseExprAtom (/Users/altheazuleikasadicon/Downloads/SAVR_mobile-main/SAVR_frontend/node_modules/@babel/parser/lib/index.js:11335:23)
    at TypeScriptParserMixin.parseExprAtom (/Users/altheazuleikasadicon/Downloads/SAVR_mobile-main/SAVR_frontend/node_modules/@babel/parser/lib/index.js:4764:20)
    at TypeScriptParserMixin.parseExprSubscripts (/Users/altheazuleikasadicon/Downloads/SAVR_mobile-main/SAVR_frontend/node_modules/@babel/parser/lib/index.js:11081:23)
 ERROR  [Error: TransformError SyntaxError: /Users/altheazuleikasadicon/Downloads/SAVR_mobile-main/SAVR_frontend/screens/BeneficiaryDashboard.tsx: Unexpected keyword 'const'. (51:2)

[0m [90m 49 |[39m       })[33m,[39m
 [90m 50 |[39m       [33mAnimated[39m[33m.[39mspring(sheetTranslateAnim[33m,[39m {
[31m[1m>[22m[39m[90m 51 |[39m   [36mconst[39m [email[33m,[39m setEmail] [33m=[39m useState([32m''[39m)[33m;[39m
 [90m    |[39m   [31m[1m^[22m[39m
 [90m 52 |[39m   [36mconst[39m [password[33m,[39m setPassword] [33m=[39m useState([32m''[39m)[33m;[39m
 [90m 53 |[39m   [36mconst[39m [showPassword[33m,[39m setShowPassword] [33m=[39m useState([36mfalse[39m)[33m;[39m
 [90m 54 |[39m   [36mconst[39m [isLoading[33m,[39m setIsLoading] [33m=[39m useState([36mfalse[39m)[33m;[39m[0m]
iOS ./index.ts ░░░░░░░░░░░░░░░░  0.0% (0/1)
iOS Bundled 66ms index.ts (1 module)
 WARN  SafeAreaView has been deprecated and will be removed in a future release. Please use 'react-native-safe-area-context' instead. See https://github.com/th3rdwave/react-native-safe-area-context
 ERROR  Failed to load dashboard [AxiosError: timeout exceeded]
 ERROR  Failed to load dashboard [AxiosError: timeout exceeded]
 ERROR  Failed to load dashboard [AxiosError: timeout exceeded]
iOS ./index.ts ░░░░░░░░░░░░░░░░  0.0% (0/1)
iOS Bundled 66ms index.ts (1 module)
 WARN  SafeAreaView has been deprecated and will be removed in a future release. Please use 'react-native-safe-area-context' instead. See https://github.com/th3rdwave/react-native-safe-area-context
 ERROR  Failed to load dashboard [AxiosError: Network Error]
iOS ./index.ts ░░░░░░░░░░░░░░░░  0.0% (0/1)
iOS Bundled 111ms index.ts (1 module)
 WARN  SafeAreaView has been deprecated and will be removed in a future release. Please use 'react-native-safe-area-context' instead. See https://github.com/th3rdwave/react-native-safe-area-context
 ERROR  Failed to load dashboard [AxiosError: Network Error]
 ERROR  Failed to load dashboard [AxiosError: Network Error]
iOS ./index.ts ░░░░░░░░░░░░░░░░  0.0% (0/1)
iOS Bundled 64ms index.ts (1 module)
 WARN  SafeAreaView has been deprecated and will be removed in a future release. Please use 'react-native-safe-area-context' instead. See https://github.com/th3rdwave/react-native-safe-area-context
iOS ./index.ts ░░░░░░░░░░░░░░░░  0.0% (0/1)
iOS Bundled 64ms index.ts (1 module)
 WARN  SafeAreaView has been deprecated and will be removed in a future release. Please use 'react-native-safe-area-context' instead. See https://github.com/th3rdwave/react-native-safe-area-context
 ERROR  Failed to load dashboard [AxiosError: Network Error]
iOS ./index.ts ░░░░░░░░░░░░░░░░  0.0% (0/1)
iOS Bundled 67ms index.ts (1 module)
 WARN  SafeAreaView has been deprecated and will be removed in a future release. Please use 'react-native-safe-area-context' instead. See https://github.com/th3rdwave/react-native-safe-area-context
 ERROR  Failed to load dashboard [AxiosError: timeout exceeded]
iOS ./index.ts ░░░░░░░░░░░░░░░░  0.0% (0/1)
iOS Bundled 64ms index.ts (1 module)
 WARN  SafeAreaView has been deprecated and will be removed in a future release. Please use 'react-native-safe-area-context' instead. See https://github.com/th3rdwave/react-native-safe-area-context
iOS ./index.ts ░░░░░░░░░░░░░░░░  0.0% (0/1)
iOS Bundled 110ms index.ts (1 module)
 WARN  SafeAreaView has been deprecated and will be removed in a future release. Please use 'react-native-safe-area-context' instead. See https://github.com/th3rdwave/react-native-safe-area-context
iOS ./index.ts ░░░░░░░░░░░░░░░░  0.0% (0/1)
iOS Bundled 32ms index.ts (1 module)
 WARN  SafeAreaView has been deprecated and will be removed in a future release. Please use 'react-native-safe-area-context' instead. See https://github.com/th3rdwave/react-native-safe-area-context
 ERROR  Failed to load dashboard [AxiosError: timeout exceeded]
 ERROR  Failed to load dashboard [AxiosError: Network Error]
 ERROR  Failed to load dashboard [AxiosError: timeout exceeded]
 ERROR  Failed to load dashboard [AxiosError: Network Error]
iOS ./index.ts ░░░░░░░░░░░░░░░░  0.0% (0/1)
iOS Bundled 63ms index.ts (1 module)
 WARN  SafeAreaView has been deprecated and will be removed in a future release. Please use 'react-native-safe-area-context' instead. See https://github.com/th3rdwave/react-native-safe-area-context
iOS ./index.ts ░░░░░░░░░░░░░░░░  0.0% (0/1)
iOS Bundled 62ms index.ts (1 module)
 WARN  SafeAreaView has been deprecated and will be removed in a future release. Please use 'react-native-safe-area-context' instead. See https://github.com/th3rdwave/react-native-safe-area-context
iOS ./index.ts ░░░░░░░░░░░░░░░░  0.0% (0/1)
iOS Bundled 171ms index.ts (1 module)
 WARN  SafeAreaView has been deprecated and will be removed in a future release. Please use 'react-native-safe-area-context' instead. See https://github.com/th3rdwave/react-native-safe-area-context
iOS ./index.ts ░░░░░░░░░░░░░░░░  0.0% (0/1)
iOS Bundled 62ms index.ts (1 module)
 WARN  SafeAreaView has been deprecated and will be removed in a future release. Please use 'react-native-safe-area-context' instead. See https://github.com/th3rdwave/react-native-safe-area-context
iOS ./index.ts ░░░░░░░░░░░░░░░░  0.0% (0/1)
iOS Bundled 91ms index.ts (1 module)
 WARN  SafeAreaView has been deprecated and will be removed in a future release. Please use 'react-native-safe-area-context' instead. See https://github.com/th3rdwave/react-native-safe-area-context
iOS ./index.ts ░░░░░░░░░░░░░░░░  0.0% (0/1)
iOS Bundled 64ms index.ts (1 module)
 WARN  SafeAreaView has been deprecated and will be removed in a future release. Please use 'react-native-safe-area-context' instead. See https://github.com/th3rdwave/react-native-safe-area-context
iOS ./index.ts ░░░░░░░░░░░░░░░░  0.0% (0/1)
iOS Bundled 66ms index.ts (1 module)
 WARN  SafeAreaView has been deprecated and will be removed in a future release. Please use 'react-native-safe-area-context' instead. See https://github.com/th3rdwave/react-native-safe-area-context
 ERROR  Activities fetch error [AxiosError: Network Error]
 ERROR  Failed to load dashboard [AxiosError: Network Error]
 ERROR  Failed to fetch pickups [AxiosError: Network Error]
 ERROR  Failed to load dashboard [AxiosError: timeout exceeded]
 ERROR  Failed to fetch pickups [AxiosError: Network Error]
 ERROR  Failed to fetch pickups [AxiosError: timeout exceeded]
 ERROR  Failed to fetch pickups [AxiosError: timeout exceeded]
 ERROR  Failed to fetch pickups [AxiosError: Network Error]
 ERROR  Failed to load dashboard [AxiosError: Network Error]
 ERROR  Failed to load dashboard [AxiosError: timeout exceeded]
 ERROR  Profile fetch error [AxiosError: Network Error]
 ERROR  The action 'GO_BACK' was not handled by any navigator.

Is there any screen to go back to?

This is a development-only warning and won't be shown in production.
 ERROR  The action 'GO_BACK' was not handled by any navigator.

Is there any screen to go back to?

This is a development-only warning and won't be shown in production.
 ERROR  The action 'GO_BACK' was not handled by any navigator.

Is there any screen to go back to?

This is a development-only warning and won't be shown in production.
 ERROR  The action 'GO_BACK' was not handled by any navigator.

Is there any screen to go back to?

This is a development-only warning and won't be shown in production.
 ERROR  Failed to fetch pickups [AxiosError: timeout exceeded]
 ERROR  Failed to fetch pickups [AxiosError: timeout exceeded]
 ERROR  Failed to fetch pickups [AxiosError: Network Error]
 ERROR  Failed to load dashboard [AxiosError: Network Error]
 ERROR  Failed to load dashboard [AxiosError: Network Error]
 ERROR  Failed to load dashboard [AxiosError: Network Error]
 ERROR  Failed to fetch pickups [AxiosError: timeout exceeded]
 ERROR  Failed to fetch pickups [AxiosError: timeout exceeded]
 ERROR  Profile fetch error [AxiosError: timeout exceeded]
 ERROR  Failed to load dashboard [AxiosError: timeout exceeded]
 ERROR  Failed to fetch pickups [AxiosError: timeout exceeded]
 ERROR  The action 'GO_BACK' was not handled by any navigator.

Is there any screen to go back to?

This is a development-only warning and won't be shown in production.
iOS ./index.ts ░░░░░░░░░░░░░░░░  0.0% (0/1)
iOS Bundled 66ms index.ts (1 module)
 WARN  SafeAreaView has been deprecated and will be removed in a future release. Please use 'react-native-safe-area-context' instead. See https://github.com/th3rdwave/react-native-safe-area-context
 WARN  Cannot record touch move without a touch start.
Touch Move: %s
Touch Bank: %s {"identifier":2,"pageX":237.33333333333331,"pageY":838.3333333333333,"timestamp":99188767.57537499} [{"touchActive":false,"startPageX":338.3333333333333,"startPageY":348.66666666666663,"startTimeStamp":99187000.609375,"currentPageX":302.3333333333333,"currentPageY":627.6666666666666,"currentTimeStamp":99188138.300375,"previousPageX":304,"previousPageY":626,"previousTimeStamp":99188100.79537499},{"touchActive":true,"startPageX":150.66666666666666,"startPageY":522.6666666666666,"startTimeStamp":99188009.144375,"currentPageX":142,"currentPageY":774,"currentTimeStamp":99188767.57537499,"previousPageX":154,"previousPageY":749.6666666666666,"previousTimeStamp":99188750.903375}]
iOS ./index.ts ░░░░░░░░░░░░░░░░  0.0% (0/1)
iOS Bundled 166ms index.ts (1 module)
 WARN  SafeAreaView has been deprecated and will be removed in a future release. Please use 'react-native-safe-area-context' instead. See https://github.com/th3rdwave/react-native-safe-area-context
 ERROR  Failed to fetch pickups [AxiosError: Network Error]
 ERROR  Failed to fetch pickups [AxiosError: Network Error]
 ERROR  Failed to fetch pickups [AxiosError: Network Error]
 ERROR  Failed to fetch pickups [AxiosError: timeout exceeded]
 ERROR  Failed to fetch pickups [AxiosError: timeout exceeded]
 ERROR  Failed to fetch pickups [AxiosError: Network Error]
 ERROR  Failed to fetch pickups [AxiosError: Network Error]
 ERROR  Failed to fetch pickups [AxiosError: timeout exceeded]
 ERROR  Activities fetch error [AxiosError: Network Error]
 ERROR  Failed to fetch pickups [AxiosError: timeout exceeded]
 ERROR  Activities fetch error [AxiosError: timeout exceeded]
 ERROR  Activities fetch error [AxiosError: Network Error]
 ERROR  Activities fetch error [AxiosError: Network Error]
 ERROR  Failed to fetch pickups [AxiosError: timeout exceeded]
 ERROR  Activities fetch error [AxiosError: Network Error]
 ERROR  Activities fetch error [AxiosError: Network Error]
 ERROR  Failed to fetch pickups [AxiosError: timeout exceeded]
 ERROR  Activities fetch error [AxiosError: Network Error]
 ERROR  Activities fetch error [AxiosError: Network Error]
 ERROR  Activities fetch error [AxiosError: timeout exceeded]
 ERROR  Failed to fetch pickups [AxiosError: Network Error]
 ERROR  Activities fetch error [AxiosError: timeout exceeded]
 ERROR  Activities fetch error [AxiosError: timeout exceeded]
 ERROR  Activities fetch error [AxiosError: timeout exceeded]
iOS ./index.ts ░░░░░░░░░░░░░░░░  0.0% (0/1)
iOS Bundled 66ms index.ts (1 module)
 WARN  SafeAreaView has been deprecated and will be removed in a future release. Please use 'react-native-safe-area-context' instead. See https://github.com/th3rdwave/react-native-safe-area-context
 ERROR  Failed to load dashboard [AxiosError: Network Error]
 ERROR  Failed to load dashboard [AxiosError: timeout exceeded]
 ERROR  Failed to load dashboard [AxiosError: Network Error]
 ERROR  Failed to load dashboard [AxiosError: Network Error]
 ERROR  Failed to load dashboard [AxiosError: timeout exceeded]
 ERROR  Failed to load dashboard [AxiosError: Network Error]
 ERROR  Failed to load dashboard [AxiosError: timeout exceeded]
 ERROR  Failed to load dashboard [AxiosError: Network Error]
 ERROR  Failed to load dashboard [AxiosError: Network Error]
 ERROR  Failed to load dashboard [AxiosError: timeout exceeded]
 ERROR  Failed to load dashboard [AxiosError: timeout exceeded]
 ERROR  Activities fetch error [AxiosError: Network Error]
 ERROR  Failed to load dashboard [AxiosError: Network Error]
iOS ./index.ts ░░░░░░░░░░░░░░░░  0.0% (0/1)
iOS Bundled 64ms index.ts (1 module)
 WARN  SafeAreaView has been deprecated and will be removed in a future release. Please use 'react-native-safe-area-context' instead. See https://github.com/th3rdwave/react-native-safe-area-context
 ERROR  Failed to load dashboard [AxiosError: Network Error]
 ERROR  Failed to load dashboard [AxiosError: timeout exceeded]
 ERROR  Failed to load dashboard [AxiosError: timeout exceeded]
 ERROR  Failed to load dashboard [AxiosError: timeout exceeded]
iOS ./index.ts ░░░░░░░░░░░░░░░░  0.0% (0/1)
iOS Bundled 74ms index.ts (1 module)
 WARN  SafeAreaView has been deprecated and will be removed in a future release. Please use 'react-native-safe-area-context' instead. See https://github.com/th3rdwave/react-native-safe-area-context
 ERROR  Activities fetch error [AxiosError: Network Error]
 ERROR  Failed to fetch pickups [AxiosError: Network Error]
 ERROR  Failed to fetch pickups [AxiosError: timeout exceeded]
 ERROR  Failed to fetch pickups [AxiosError: Network Error]
 ERROR  Failed to fetch pickups [AxiosError: Network Error]
 ERROR  Failed to fetch pickups [AxiosError: Network Error]
 ERROR  Failed to fetch pickups [AxiosError: timeout exceeded]
 ERROR  Failed to fetch pickups [AxiosError: timeout exceeded]
 ERROR  Failed to fetch pickups [AxiosError: Network Error]
 WARN  [expo-image-picker] `ImagePicker.MediaTypeOptions` have been deprecated. Use `ImagePicker.MediaType` or an array of `ImagePicker.MediaType` instead.
 ERROR  Failed to fetch pickups [AxiosError: Network Error]
 ERROR  Failed to fetch pickups [AxiosError: Network Error]
 ERROR  Failed to fetch pickups [AxiosError: Network Error]
 ERROR  Failed to fetch pickups [AxiosError: timeout exceeded]
 ERROR  Failed to fetch pickups [AxiosError: timeout exceeded]
 ERROR  Failed to fetch pickups [AxiosError: Network Error]
iOS ./index.ts ░░░░░░░░░░░░░░░░  0.0% (0/1)
iOS Bundled 448ms index.ts (1 module)
 WARN  SafeAreaView has been deprecated and will be removed in a future release. Please use 'react-native-safe-area-context' instead. See https://github.com/th3rdwave/react-native-safe-area-context
iOS ./index.ts ░░░░░░░░░░░░░░░░  0.0% (0/1)
iOS Bundled 66ms index.ts (1 module)
 WARN  SafeAreaView has been deprecated and will be removed in a future release. Please use 'react-native-safe-area-context' instead. See https://github.com/th3rdwave/react-native-safe-area-context
 ERROR  Failed to fetch pickups [AxiosError: Network Error]
 ERROR  Failed to fetch pickups [AxiosError: Network Error]
 ERROR  Failed to fetch pickups [AxiosError: timeout exceeded]
 ERROR  Failed to fetch pickups [AxiosError: timeout exceeded]
 ERROR  Failed to fetch pickups [AxiosError: Network Error]
 ERROR  Profile fetch error [AxiosError: Network Error]
 ERROR  Failed to fetch pickups [AxiosError: timeout exceeded]
 ERROR  Activities fetch error [AxiosError: timeout exceeded]
 ERROR  Profile fetch error [AxiosError: timeout exceeded]
 ERROR  Profile fetch error [AxiosError: timeout exceeded]
 ERROR  Failed to fetch pickups [AxiosError: Network Error]
iOS ./index.ts ░░░░░░░░░░░░░░░░  0.0% (0/1)
iOS Bundled 80ms index.ts (1 module)
iOS Bundled 37ms index.ts (1 module)
 WARN  SafeAreaView has been deprecated and will be removed in a future release. Please use 'react-native-safe-area-context' instead. See https://github.com/th3rdwave/react-native-safe-area-context
 ERROR  Failed to load dashboard [AxiosError: timeout exceeded]
 ERROR  Failed to load dashboard [AxiosError: Network Error]
 ERROR  Failed to fetch pickups [AxiosError: timeout exceeded]
 ERROR  Failed to fetch pickups [AxiosError: timeout exceeded]
 ERROR  Activities fetch error [AxiosError: timeout exceeded]
 ERROR  Failed to load dashboard [AxiosError: Network Error]
iOS ./index.ts ░░░░░░░░░░░░░░░░  0.0% (0/1)
iOS Bundled 51ms index.ts (1 module)
 WARN  SafeAreaView has been deprecated and will be removed in a future release. Please use 'react-native-safe-area-context' instead. See https://github.com/th3rdwave/react-native-safe-area-context
 ERROR  Failed to load dashboard [AxiosError: Network Error]
 ERROR  Failed to load dashboard [AxiosError: Network Error]
 ERROR  Failed to load dashboard [AxiosError: timeout exceeded]
 ERROR  Failed to load dashboard [AxiosError: timeout exceeded]
 ERROR  Failed to load dashboard [AxiosError: timeout exceeded]
 ERROR  Failed to load dashboard [AxiosError: timeout exceeded]
 ERROR  Failed to load dashboard [AxiosError: Network Error]
iOS ./index.ts ░░░░░░░░░░░░░░░░  0.0% (0/1)
iOS Bundled 66ms index.ts (1 module)
 WARN  SafeAreaView has been deprecated and will be removed in a future release. Please use 'react-native-safe-area-context' instead. See https://github.com/th3rdwave/react-native-safe-area-context
 ERROR  Failed to fetch pickups [AxiosError: Network Error]
 ERROR  Failed to fetch pickups [AxiosError: Network Error]
 ERROR  Activities fetch error [AxiosError: timeout exceeded]
 ERROR  Failed to fetch pickups [AxiosError: timeout exceeded]
 ERROR  Failed to fetch pickups [AxiosError: Network Error]
 ERROR  Failed to fetch pickups [AxiosError: Network Error]
 ERROR  Failed to fetch pickups [AxiosError: Network Error]
 ERROR  Failed to fetch pickups [AxiosError: timeout exceeded]
iOS ./index.ts ░░░░░░░░░░░░░░░░  0.0% (0/1)
iOS Bundled 62ms index.ts (1 module)
 WARN  SafeAreaView has been deprecated and will be removed in a future release. Please use 'react-native-safe-area-context' instead. See https://github.com/th3rdwave/react-native-safe-area-context
iOS ./index.ts ░░░░░░░░░░░░░░░░  0.0% (0/1)
iOS Bundled 62ms index.ts (1 module)
 WARN  SafeAreaView has been deprecated and will be removed in a future release. Please use 'react-native-safe-area-context' instead. See https://github.com/th3rdwave/react-native-safe-area-context
 ERROR  Failed to load dashboard [AxiosError: Network Error]
 ERROR  Failed to load dashboard [AxiosError: timeout exceeded]
 ERROR  Failed to load dashboard [AxiosError: Network Error]
